timestamp,model,vram_mb,power_w,temp_c,clock_mhz
1773180229.5820417,Meta-Llama-3.1-8B-Instruct-Q4_K_M.gguf,1912.0625,196.295,57,1980
1773180230.088502,Meta-Llama-3.1-8B-Instruct-Q4_K_M.gguf,2124.5390625,122.879,57,1980
1773180230.5946414,Meta-Llama-3.1-8B-Instruct-Q4_K_M.gguf,2120.9140625,122.808,57,1980
1773180231.1014054,Meta-Llama-3.1-8B-Instruct-Q4_K_M.gguf,6524.8515625,116.971,56,1980
1773180231.607403,Meta-Llama-3.1-8B-Instruct-Q4_K_M.gguf,6505.2265625,119.479,57,1980
1773180232.1138694,Meta-Llama-3.1-8B-Instruct-Q4_K_M.gguf,6867.2265625,161.213,57,1920
1773180232.6236682,Meta-Llama-3.1-8B-Instruct-Q4_K_M.gguf,6863.7265625,259.678,62,1905
1773180233.129791,Meta-Llama-3.1-8B-Instruct-Q4_K_M.gguf,6863.7265625,338.104,62,1890
1773180233.635926,Meta-Llama-3.1-8B-Instruct-Q4_K_M.gguf,6863.7265625,338.803,63,1905
1773180234.1633003,Meta-Llama-3.1-8B-Instruct-Q4_K_M.gguf,1884.4375,265.013,61,1980
1773180234.6696632,Meta-Llama-3.1-8B-Instruct-Q4_K_M.gguf,2089.6015625,166.534,58,1980
1773180235.1756709,Meta-Llama-3.1-8B-Instruct-Q4_K_M.gguf,2100.4765625,124.413,58,1980
1773180235.6843536,Meta-Llama-3.1-8B-Instruct-Q4_K_M.gguf,6503.8515625,125.754,58,1980
1773180236.1904533,Meta-Llama-3.1-8B-Instruct-Q4_K_M.gguf,6556.9765625,127.975,58,1980
1773180236.6969259,Meta-Llama-3.1-8B-Instruct-Q4_K_M.gguf,6865.8515625,195.787,59,1905
1773180237.2068002,Meta-Llama-3.1-8B-Instruct-Q4_K_M.gguf,6854.9765625,291.86,63,1860
1773180237.7134678,Meta-Llama-3.1-8B-Instruct-Q4_K_M.gguf,6854.9765625,338.835,63,1905
1773180238.2271538,Meta-Llama-3.1-8B-Instruct-Q4_K_M.gguf,2131.8515625,328.216,64,1965
1773180238.7448244,Meta-Llama-3.1-8B-Instruct-Q4_K_M.gguf,1886.8125,233.138,61,1965
1773180239.2507203,Meta-Llama-3.1-8B-Instruct-Q4_K_M.gguf,2089.1015625,134.726,59,1965
1773180239.7570214,Meta-Llama-3.1-8B-Instruct-Q4_K_M.gguf,2089.1015625,124.402,59,1965
1773180240.2636845,Meta-Llama-3.1-8B-Instruct-Q4_K_M.gguf,6493.1015625,125.805,59,1965
1773180240.7697654,Meta-Llama-3.1-8B-Instruct-Q4_K_M.gguf,6503.9765625,127.957,59,1965
1773180241.2783606,Meta-Llama-3.1-8B-Instruct-Q4_K_M.gguf,6855.1015625,196.884,59,1890
1773180241.786452,Meta-Llama-3.1-8B-Instruct-Q4_K_M.gguf,6855.1015625,293.684,64,1845
1773180242.2922583,Meta-Llama-3.1-8B-Instruct-Q4_K_M.gguf,6865.9765625,337.489,65,1890
1773180242.8046958,Meta-Llama-3.1-8B-Instruct-Q4_K_M.gguf,4157.1015625,336.961,65,1950
1773180243.3216166,Meta-Llama-3.1-8B-Instruct-Q4_K_M.gguf,1875.9375,234.216,60,1965
1773180243.8275886,Meta-Llama-3.1-8B-Instruct-Q4_K_M.gguf,2089.1015625,136.902,60,1965
1773180244.333885,Meta-Llama-3.1-8B-Instruct-Q4_K_M.gguf,2089.1015625,125.845,60,1965
1773180244.8412356,Meta-Llama-3.1-8B-Instruct-Q4_K_M.gguf,6493.1015625,127.507,60,1965
1773180245.3472831,Meta-Llama-3.1-8B-Instruct-Q4_K_M.gguf,6832.0390625,129.12,60,1965
1773180245.8537526,Meta-Llama-3.1-8B-Instruct-Q4_K_M.gguf,6870.1015625,200.524,64,1905
1773180246.3636563,Meta-Llama-3.1-8B-Instruct-Q4_K_M.gguf,6870.1640625,296.288,65,1920
1773180246.8697002,Meta-Llama-3.1-8B-Instruct-Q4_K_M.gguf,6870.1640625,338.901,65,1890
1773180247.3762586,Meta-Llama-3.1-8B-Instruct-Q4_K_M.gguf,6859.2890625,338.521,66,1875
1773180247.8933096,Meta-Llama-3.1-8B-Instruct-Q4_K_M.gguf,1880.125,261.013,61,1965
1773180248.3996325,Meta-Llama-3.1-8B-Instruct-Q4_K_M.gguf,2098.8515625,164.499,61,1965
1773180248.9058242,Meta-Llama-3.1-8B-Instruct-Q4_K_M.gguf,2098.8515625,126.54,60,1965
1773180249.4180715,Meta-Llama-3.1-8B-Instruct-Q4_K_M.gguf,6503.0390625,127.501,61,1965
1773180249.9242752,Meta-Llama-3.1-8B-Instruct-Q4_K_M.gguf,6560.6015625,131.015,60,1965
1773180250.4302816,Meta-Llama-3.1-8B-Instruct-Q4_K_M.gguf,6911.7265625,196.612,65,1905
1773180250.9422264,Meta-Llama-3.1-8B-Instruct-Q4_K_M.gguf,6900.8515625,291.118,66,1890
1773180251.448286,Meta-Llama-3.1-8B-Instruct-Q4_K_M.gguf,6907.0390625,339.002,66,1890
1773180251.9614732,Meta-Llama-3.1-8B-Instruct-Q4_K_M.gguf,6906.9140625,338.966,67,1875
1773180252.478515,Meta-Llama-3.1-8B-Instruct-Q4_K_M.gguf,1920.8125,254.815,62,1965
1773180252.9844527,Meta-Llama-3.1-8B-Instruct-Q4_K_M.gguf,2133.9765625,158.174,61,1965
1773180253.4908721,Meta-Llama-3.1-8B-Instruct-Q4_K_M.gguf,2129.0390625,127.36,61,1965
1773180253.9981608,Meta-Llama-3.1-8B-Instruct-Q4_K_M.gguf,6543.9140625,128.411,61,1965
1773180254.5042033,Meta-Llama-3.1-8B-Instruct-Q4_K_M.gguf,6514.1640625,130.719,61,1965
1773180255.0109181,Meta-Llama-3.1-8B-Instruct-Q4_K_M.gguf,6872.6015625,191.189,65,1890
1773180255.520833,Meta-Llama-3.1-8B-Instruct-Q4_K_M.gguf,6864.0390625,305.461,66,1845
1773180256.026665,Meta-Llama-3.1-8B-Instruct-Q4_K_M.gguf,6853.1640625,339.289,67,1890
1773180256.5329685,Meta-Llama-3.1-8B-Instruct-Q4_K_M.gguf,2886.1015625,335.564,67,1920
1773180257.0500307,Meta-Llama-3.1-8B-Instruct-Q4_K_M.gguf,1884.9375,240.329,63,1950
1773180257.5569518,Meta-Llama-3.1-8B-Instruct-Q4_K_M.gguf,2087.2265625,142.428,62,1950
1773180258.0629294,Meta-Llama-3.1-8B-Instruct-Q4_K_M.gguf,2087.2265625,124.856,62,1950
1773180258.570068,Meta-Llama-3.1-8B-Instruct-Q4_K_M.gguf,6534.7265625,126.159,61,1965
1773180259.0760524,Meta-Llama-3.1-8B-Instruct-Q4_K_M.gguf,6502.1015625,129.382,62,1965
1773180259.5822709,Meta-Llama-3.1-8B-Instruct-Q4_K_M.gguf,6870.3515625,193.794,65,1905
1773180260.0889528,Meta-Llama-3.1-8B-Instruct-Q4_K_M.gguf,6872.6015625,288.209,67,1875
1773180260.5989141,Meta-Llama-3.1-8B-Instruct-Q4_K_M.gguf,6872.6015625,338.103,67,1890
1773180261.1054792,Meta-Llama-3.1-8B-Instruct-Q4_K_M.gguf,6861.7265625,338.649,68,1875
1773180261.6231403,Meta-Llama-3.1-8B-Instruct-Q4_K_M.gguf,1893.4375,243.913,64,1965
1773180262.1297011,Meta-Llama-3.1-8B-Instruct-Q4_K_M.gguf,2106.6015625,148.033,63,1965
1773180262.6357439,Meta-Llama-3.1-8B-Instruct-Q4_K_M.gguf,2106.9765625,129.069,62,1965
1773180263.1421776,Meta-Llama-3.1-8B-Instruct-Q4_K_M.gguf,6511.1640625,130.493,62,1965
1773180263.648647,Meta-Llama-3.1-8B-Instruct-Q4_K_M.gguf,6511.1640625,132.138,62,1965
1773180264.156313,Meta-Llama-3.1-8B-Instruct-Q4_K_M.gguf,6873.1640625,197.382,63,1890
1773180264.6623812,Meta-Llama-3.1-8B-Instruct-Q4_K_M.gguf,6869.1640625,291.537,67,1875
1773180265.1696353,Meta-Llama-3.1-8B-Instruct-Q4_K_M.gguf,6869.1640625,338.532,68,1875
1773180265.6773355,Meta-Llama-3.1-8B-Instruct-Q4_K_M.gguf,6921.8515625,337.244,68,1875
1773180266.1941938,Meta-Llama-3.1-8B-Instruct-Q4_K_M.gguf,1920.9375,266.262,66,1950
1773180266.7003744,Meta-Llama-3.1-8B-Instruct-Q4_K_M.gguf,2132.4140625,173.787,63,1965
1773180267.2070084,Meta-Llama-3.1-8B-Instruct-Q4_K_M.gguf,2142.2265625,130.253,63,1965
1773180267.713675,Meta-Llama-3.1-8B-Instruct-Q4_K_M.gguf,6542.0390625,130.908,63,1965
1773180268.2196965,Meta-Llama-3.1-8B-Instruct-Q4_K_M.gguf,6531.1640625,132.739,63,1965
1773180268.726076,Meta-Llama-3.1-8B-Instruct-Q4_K_M.gguf,6892.9140625,206.425,63,1890
1773180269.235861,Meta-Llama-3.1-8B-Instruct-Q4_K_M.gguf,6890.5390625,301.235,67,1845
1773180269.7416978,Meta-Llama-3.1-8B-Instruct-Q4_K_M.gguf,6889.2265625,339.106,68,1875
1773180270.2510197,Meta-Llama-3.1-8B-Instruct-Q4_K_M.gguf,6237.7265625,338.345,68,1860
1773180270.76788,Meta-Llama-3.1-8B-Instruct-Q4_K_M.gguf,1882.125,250.227,66,1950
1773180271.2765346,Meta-Llama-3.1-8B-Instruct-Q4_K_M.gguf,2095.4140625,155.563,64,1950
1773180271.7823687,Meta-Llama-3.1-8B-Instruct-Q4_K_M.gguf,2089.1015625,131.316,63,1950
1773180272.2920003,Meta-Llama-3.1-8B-Instruct-Q4_K_M.gguf,6491.2265625,132.282,63,1950
1773180272.797992,Meta-Llama-3.1-8B-Instruct-Q4_K_M.gguf,6491.2265625,133.849,63,1965
1773180273.3044803,Meta-Llama-3.1-8B-Instruct-Q4_K_M.gguf,6853.2265625,187.998,68,1890
1773180273.815081,Meta-Llama-3.1-8B-Instruct-Q4_K_M.gguf,6853.2265625,301.32,69,1875
1773180274.3210158,Meta-Llama-3.1-8B-Instruct-Q4_K_M.gguf,6853.2265625,338.741,69,1875
1773180274.8335962,Meta-Llama-3.1-8B-Instruct-Q4_K_M.gguf,6587.2265625,337.556,69,1905
1773180280.8747356,Meta-Llama-3.1-8B-Instruct-Q4_K_M.gguf,1905.625,249.898,65,1950
1773180281.3812466,Meta-Llama-3.1-8B-Instruct-Q4_K_M.gguf,2097.0390625,164.419,64,1950
1773180281.888608,Meta-Llama-3.1-8B-Instruct-Q4_K_M.gguf,2089.5390625,132.484,64,1950
1773180282.3950937,Meta-Llama-3.1-8B-Instruct-Q4_K_M.gguf,6526.1640625,133.147,64,1950
1773180282.9016852,Meta-Llama-3.1-8B-Instruct-Q4_K_M.gguf,7016.4765625,134.923,64,1950
1773180283.4123557,Meta-Llama-3.1-8B-Instruct-Q4_K_M.gguf,7051.1640625,214.443,68,1875
1773180283.9184139,Meta-Llama-3.1-8B-Instruct-Q4_K_M.gguf,7040.2890625,308.183,69,1830
1773180284.431232,Meta-Llama-3.1-8B-Instruct-Q4_K_M.gguf,7040.2890625,338.888,69,1875
1773180284.9371955,Meta-Llama-3.1-8B-Instruct-Q4_K_M.gguf,2497.1640625,336.761,70,1935
1773180285.4551523,Meta-Llama-3.1-8B-Instruct-Q4_K_M.gguf,1869.125,244.739,65,1950
1773180285.9616508,Meta-Llama-3.1-8B-Instruct-Q4_K_M.gguf,2093.1640625,150.408,65,1950
1773180286.4690108,Meta-Llama-3.1-8B-Instruct-Q4_K_M.gguf,2082.2890625,132.632,65,1950
1773180286.9754615,Meta-Llama-3.1-8B-Instruct-Q4_K_M.gguf,6486.2890625,133.758,65,1950
1773180287.48193,Meta-Llama-3.1-8B-Instruct-Q4_K_M.gguf,6742.2890625,135.373,64,1950
1773180287.9901707,Meta-Llama-3.1-8B-Instruct-Q4_K_M.gguf,7040.2890625,199.391,69,1875
1773180288.4965549,Meta-Llama-3.1-8B-Instruct-Q4_K_M.gguf,7040.2890625,292.19,70,1845
1773180289.0098603,Meta-Llama-3.1-8B-Instruct-Q4_K_M.gguf,7040.2890625,339.024,70,1875
1773180289.5158157,Meta-Llama-3.1-8B-Instruct-Q4_K_M.gguf,2114.2890625,332.452,70,1935
1773180290.0331903,Meta-Llama-3.1-8B-Instruct-Q4_K_M.gguf,1869.125,240.244,66,1950
1773180290.5396388,Meta-Llama-3.1-8B-Instruct-Q4_K_M.gguf,2093.1640625,146.498,65,1950
1773180291.0819225,Meta-Llama-3.1-8B-Instruct-Q4_K_M.gguf,2093.1640625,132.895,65,1950
1773180291.588425,Meta-Llama-3.1-8B-Instruct-Q4_K_M.gguf,6497.1640625,130.271,64,1950
1773180292.0949044,Meta-Llama-3.1-8B-Instruct-Q4_K_M.gguf,6753.1640625,132.28,65,1950
1773180292.610666,Meta-Llama-3.1-8B-Instruct-Q4_K_M.gguf,7040.2890625,210.479,67,1875
1773180293.1170974,Meta-Llama-3.1-8B-Instruct-Q4_K_M.gguf,7051.1640625,303.499,70,1860
1773180293.6265228,Meta-Llama-3.1-8B-Instruct-Q4_K_M.gguf,7040.2890625,339.049,70,1860
1773180294.132363,Meta-Llama-3.1-8B-Instruct-Q4_K_M.gguf,5366.2890625,338.324,71,1905
1773180294.6497245,Meta-Llama-3.1-8B-Instruct-Q4_K_M.gguf,1869.125,247.79,67,1950
1773180295.1557167,Meta-Llama-3.1-8B-Instruct-Q4_K_M.gguf,2082.2890625,153.861,66,1950
1773180295.6656194,Meta-Llama-3.1-8B-Instruct-Q4_K_M.gguf,2082.2890625,133.396,65,1950
1773180296.171967,Meta-Llama-3.1-8B-Instruct-Q4_K_M.gguf,6497.1640625,134.333,65,1950
1773180296.6780305,Meta-Llama-3.1-8B-Instruct-Q4_K_M.gguf,6742.2890625,136.124,65,1950
1773180297.1838937,Meta-Llama-3.1-8B-Instruct-Q4_K_M.gguf,7040.2890625,199.205,66,1890
1773180297.6901193,Meta-Llama-3.1-8B-Instruct-Q4_K_M.gguf,7051.1640625,292.716,70,1800
1773180298.1966505,Meta-Llama-3.1-8B-Instruct-Q4_K_M.gguf,7040.2890625,338.92,70,1860
1773180298.7058232,Meta-Llama-3.1-8B-Instruct-Q4_K_M.gguf,3254.2890625,331.282,71,1935
1773180299.2225342,Meta-Llama-3.1-8B-Instruct-Q4_K_M.gguf,1880.0,241.08,68,1950
1773180299.7286043,Meta-Llama-3.1-8B-Instruct-Q4_K_M.gguf,2082.2890625,147.483,66,1950
1773180300.2351086,Meta-Llama-3.1-8B-Instruct-Q4_K_M.gguf,2093.1640625,133.703,66,1950
1773180300.7425034,Meta-Llama-3.1-8B-Instruct-Q4_K_M.gguf,6518.9140625,130.701,66,1950
1773180301.24855,Meta-Llama-3.1-8B-Instruct-Q4_K_M.gguf,6497.1640625,132.153,65,1950
1773180301.755092,Meta-Llama-3.1-8B-Instruct-Q4_K_M.gguf,7040.2890625,176.819,65,1875
1773180302.263436,Meta-Llama-3.1-8B-Instruct-Q4_K_M.gguf,7040.2890625,269.641,70,1875
1773180302.7694366,Meta-Llama-3.1-8B-Instruct-Q4_K_M.gguf,7051.1640625,338.765,71,1875
1773180303.2780569,Meta-Llama-3.1-8B-Instruct-Q4_K_M.gguf,7040.2890625,338.016,71,1860
1773180303.7947927,Meta-Llama-3.1-8B-Instruct-Q4_K_M.gguf,1880.0,284.575,67,1950
1773180304.3014143,Meta-Llama-3.1-8B-Instruct-Q4_K_M.gguf,2082.2890625,173.074,66,1950
1773180304.8073077,Meta-Llama-3.1-8B-Instruct-Q4_K_M.gguf,2093.1640625,133.994,66,1950
1773180305.3140888,Meta-Llama-3.1-8B-Instruct-Q4_K_M.gguf,6486.2890625,135.322,66,1950
1773180305.8202684,Meta-Llama-3.1-8B-Instruct-Q4_K_M.gguf,6742.2890625,136.729,66,1950
1773180306.3261254,Meta-Llama-3.1-8B-Instruct-Q4_K_M.gguf,7051.1640625,209.9,70,1875
1773180306.8326612,Meta-Llama-3.1-8B-Instruct-Q4_K_M.gguf,7051.1640625,302.727,71,1830
1773180307.3432872,Meta-Llama-3.1-8B-Instruct-Q4_K_M.gguf,7040.2890625,338.475,71,1875
1773180307.8491497,Meta-Llama-3.1-8B-Instruct-Q4_K_M.gguf,3318.2890625,337.939,72,1905
1773180308.366261,Meta-Llama-3.1-8B-Instruct-Q4_K_M.gguf,1869.125,250.251,67,1950
1773180308.872493,Meta-Llama-3.1-8B-Instruct-Q4_K_M.gguf,2082.2890625,157.078,66,1950
1773180309.3791332,Meta-Llama-3.1-8B-Instruct-Q4_K_M.gguf,2082.2890625,134.596,66,1950
1773180309.8854787,Meta-Llama-3.1-8B-Instruct-Q4_K_M.gguf,6497.1640625,131.242,66,1950
1773180310.3921146,Meta-Llama-3.1-8B-Instruct-Q4_K_M.gguf,6497.1640625,132.785,66,1950
1773180310.901825,Meta-Llama-3.1-8B-Instruct-Q4_K_M.gguf,7040.2890625,212.596,70,1875
1773180311.4076874,Meta-Llama-3.1-8B-Instruct-Q4_K_M.gguf,7051.1640625,305.357,71,1830
1773180311.9141045,Meta-Llama-3.1-8B-Instruct-Q4_K_M.gguf,7051.1640625,339.206,72,1875
1773180312.4213502,Meta-Llama-3.1-8B-Instruct-Q4_K_M.gguf,6774.2890625,338.129,72,1860
1773180312.9381218,Meta-Llama-3.1-8B-Instruct-Q4_K_M.gguf,1869.125,250.57,67,1950
1773180313.4441214,Meta-Llama-3.1-8B-Instruct-Q4_K_M.gguf,2082.2890625,156.528,67,1950
1773180313.9506574,Meta-Llama-3.1-8B-Instruct-Q4_K_M.gguf,2093.1640625,134.719,67,1950
1773180314.459482,Meta-Llama-3.1-8B-Instruct-Q4_K_M.gguf,6497.1640625,131.633,66,1950
1773180314.965495,Meta-Llama-3.1-8B-Instruct-Q4_K_M.gguf,6497.1640625,132.988,66,1950
1773180315.4720402,Meta-Llama-3.1-8B-Instruct-Q4_K_M.gguf,7040.2890625,186.379,70,1875
1773180315.9789681,Meta-Llama-3.1-8B-Instruct-Q4_K_M.gguf,7040.2890625,280.981,71,1860
1773180316.485368,Meta-Llama-3.1-8B-Instruct-Q4_K_M.gguf,7051.1640625,338.792,72,1860
1773180316.9924035,Meta-Llama-3.1-8B-Instruct-Q4_K_M.gguf,7040.2890625,338.179,72,1845
1773180317.5093443,Meta-Llama-3.1-8B-Instruct-Q4_K_M.gguf,1869.125,253.234,68,1950
1773180318.016434,Meta-Llama-3.1-8B-Instruct-Q4_K_M.gguf,2093.1640625,159.988,67,1950
1773180318.5223544,Meta-Llama-3.1-8B-Instruct-Q4_K_M.gguf,2082.2890625,134.969,67,1950
1773180319.0291226,Meta-Llama-3.1-8B-Instruct-Q4_K_M.gguf,6486.2890625,136.554,67,1950
1773180319.535821,Meta-Llama-3.1-8B-Instruct-Q4_K_M.gguf,7002.2890625,137.982,67,1950
1773180320.0420172,Meta-Llama-3.1-8B-Instruct-Q4_K_M.gguf,7040.2890625,212.128,71,1875
1773180320.5488076,Meta-Llama-3.1-8B-Instruct-Q4_K_M.gguf,7040.2890625,304.921,72,1800
1773180321.0571203,Meta-Llama-3.1-8B-Instruct-Q4_K_M.gguf,7040.2890625,338.898,72,1860
1773180321.5630147,Meta-Llama-3.1-8B-Instruct-Q4_K_M.gguf,2114.2890625,337.595,73,1935
1773180322.0850825,Meta-Llama-3.1-8B-Instruct-Q4_K_M.gguf,1869.125,248.951,68,1950
1773180322.5950372,Meta-Llama-3.1-8B-Instruct-Q4_K_M.gguf,2082.2890625,136.858,68,1950
1773180323.1009755,Meta-Llama-3.1-8B-Instruct-Q4_K_M.gguf,2093.1640625,135.155,67,1950
1773180323.608084,Meta-Llama-3.1-8B-Instruct-Q4_K_M.gguf,6486.2890625,136.418,67,1950
1773180324.1140208,Meta-Llama-3.1-8B-Instruct-Q4_K_M.gguf,7030.2890625,138.009,67,1950
1773180324.620082,Meta-Llama-3.1-8B-Instruct-Q4_K_M.gguf,7040.2890625,215.763,70,1860
1773180325.1265767,Meta-Llama-3.1-8B-Instruct-Q4_K_M.gguf,7051.1640625,307.753,72,1815
1773180325.6373026,Meta-Llama-3.1-8B-Instruct-Q4_K_M.gguf,7040.2890625,338.135,72,1860
1773180326.1431732,Meta-Llama-3.1-8B-Instruct-Q4_K_M.gguf,2125.1640625,338.225,73,1935
1773180344.7726634,Meta-Llama-3.1-8B-Instruct-Q4_K_M.gguf,1858.4375,136.012,70,1935
1773180345.2805786,Meta-Llama-3.1-8B-Instruct-Q4_K_M.gguf,2082.4765625,136.348,69,1815
1773180345.7903843,Meta-Llama-3.1-8B-Instruct-Q4_K_M.gguf,2071.6015625,124.896,68,1815
1773180346.296546,Meta-Llama-3.1-8B-Instruct-Q4_K_M.gguf,6497.3515625,118.005,68,1950
1773180346.806271,Meta-Llama-3.1-8B-Instruct-Q4_K_M.gguf,6475.6015625,128.756,68,1950
1773180347.3123858,Meta-Llama-3.1-8B-Instruct-Q4_K_M.gguf,7808.4765625,177.618,73,1875
1773180347.818858,Meta-Llama-3.1-8B-Instruct-Q4_K_M.gguf,7808.4765625,270.021,74,1860
1773180348.3301668,Meta-Llama-3.1-8B-Instruct-Q4_K_M.gguf,7808.4765625,339.331,74,1860
1773180348.8363411,Meta-Llama-3.1-8B-Instruct-Q4_K_M.gguf,7808.4765625,338.914,74,1860
1773180349.3550398,Meta-Llama-3.1-8B-Instruct-Q4_K_M.gguf,1858.4375,290.038,70,1935
1773180349.8649032,Meta-Llama-3.1-8B-Instruct-Q4_K_M.gguf,2071.6015625,197.505,69,1935
1773180350.371063,Meta-Llama-3.1-8B-Instruct-Q4_K_M.gguf,2071.6015625,136.263,69,1935
1773180350.87827,Meta-Llama-3.1-8B-Instruct-Q4_K_M.gguf,6486.4765625,136.744,69,1935
1773180351.3899512,Meta-Llama-3.1-8B-Instruct-Q4_K_M.gguf,6486.4765625,138.923,69,1935
1773180351.895834,Meta-Llama-3.1-8B-Instruct-Q4_K_M.gguf,7819.3515625,191.679,72,1860
1773180352.4046493,Meta-Llama-3.1-8B-Instruct-Q4_K_M.gguf,7797.6015625,283.471,73,1860
1773180352.9106772,Meta-Llama-3.1-8B-Instruct-Q4_K_M.gguf,7797.6015625,338.476,74,1860
1773180353.4172878,Meta-Llama-3.1-8B-Instruct-Q4_K_M.gguf,7797.6015625,337.806,74,1845
1773180353.9342282,Meta-Llama-3.1-8B-Instruct-Q4_K_M.gguf,1858.4375,273.01,70,1935
1773180354.443847,Meta-Llama-3.1-8B-Instruct-Q4_K_M.gguf,2071.6015625,180.204,69,1935
1773180354.9499362,Meta-Llama-3.1-8B-Instruct-Q4_K_M.gguf,2071.6015625,136.77,69,1935
1773180355.4572253,Meta-Llama-3.1-8B-Instruct-Q4_K_M.gguf,6475.6015625,137.501,69,1935
1773180355.963259,Meta-Llama-3.1-8B-Instruct-Q4_K_M.gguf,7382.4765625,138.748,69,1935
1773180356.4696517,Meta-Llama-3.1-8B-Instruct-Q4_K_M.gguf,7797.6015625,195.588,73,1860
1773180356.976479,Meta-Llama-3.1-8B-Instruct-Q4_K_M.gguf,7797.6015625,287.516,74,1830
1773180357.4861271,Meta-Llama-3.1-8B-Instruct-Q4_K_M.gguf,7797.6015625,339.219,74,1845
1773180357.9922194,Meta-Llama-3.1-8B-Instruct-Q4_K_M.gguf,7808.4765625,338.145,74,1830
1773180358.5095584,Meta-Llama-3.1-8B-Instruct-Q4_K_M.gguf,1858.4375,250.325,70,1935
1773180359.015792,Meta-Llama-3.1-8B-Instruct-Q4_K_M.gguf,2082.4765625,158.058,69,1935
1773180359.5221715,Meta-Llama-3.1-8B-Instruct-Q4_K_M.gguf,2071.6015625,136.488,69,1935
1773180360.028743,Meta-Llama-3.1-8B-Instruct-Q4_K_M.gguf,6475.6015625,133.515,69,1950
1773180360.5354104,Meta-Llama-3.1-8B-Instruct-Q4_K_M.gguf,6486.4765625,134.513,69,1950
1773180361.044982,Meta-Llama-3.1-8B-Instruct-Q4_K_M.gguf,7841.1015625,186.509,71,1860
1773180361.5511327,Meta-Llama-3.1-8B-Instruct-Q4_K_M.gguf,7808.4765625,281.162,74,1860
1773180362.0639544,Meta-Llama-3.1-8B-Instruct-Q4_K_M.gguf,7808.4765625,338.136,74,1860
1773180362.570215,Meta-Llama-3.1-8B-Instruct-Q4_K_M.gguf,7797.6015625,336.874,74,1845
1773180363.087641,Meta-Llama-3.1-8B-Instruct-Q4_K_M.gguf,1858.4375,257.739,71,1935
1773180363.594143,Meta-Llama-3.1-8B-Instruct-Q4_K_M.gguf,2082.4765625,165.515,69,1935
1773180364.1008883,Meta-Llama-3.1-8B-Instruct-Q4_K_M.gguf,2071.6015625,136.316,69,1935
1773180364.607475,Meta-Llama-3.1-8B-Instruct-Q4_K_M.gguf,6475.6015625,137.617,69,1935
1773180365.1141522,Meta-Llama-3.1-8B-Instruct-Q4_K_M.gguf,7435.6015625,139.172,69,1935
1773180365.6203673,Meta-Llama-3.1-8B-Instruct-Q4_K_M.gguf,7830.2265625,204.681,70,1860
1773180366.1268935,Meta-Llama-3.1-8B-Instruct-Q4_K_M.gguf,7797.6015625,296.266,74,1815
1773180366.6337013,Meta-Llama-3.1-8B-Instruct-Q4_K_M.gguf,7797.6015625,338.758,74,1860
1773180367.1399543,Meta-Llama-3.1-8B-Instruct-Q4_K_M.gguf,7797.6015625,338.625,74,1845
1773180367.6593127,Meta-Llama-3.1-8B-Instruct-Q4_K_M.gguf,1858.4375,262.246,71,1935
1773180368.1653793,Meta-Llama-3.1-8B-Instruct-Q4_K_M.gguf,2082.4765625,169.594,70,1935
1773180368.6718848,Meta-Llama-3.1-8B-Instruct-Q4_K_M.gguf,2071.6015625,137.213,69,1935
1773180369.1803582,Meta-Llama-3.1-8B-Instruct-Q4_K_M.gguf,6486.4765625,137.996,69,1935
1773180369.686282,Meta-Llama-3.1-8B-Instruct-Q4_K_M.gguf,6486.4765625,139.429,69,1935
1773180370.1929717,Meta-Llama-3.1-8B-Instruct-Q4_K_M.gguf,7830.2265625,197.296,69,1860
1773180370.7016602,Meta-Llama-3.1-8B-Instruct-Q4_K_M.gguf,7797.6015625,289.397,74,1860
1773180371.2075002,Meta-Llama-3.1-8B-Instruct-Q4_K_M.gguf,7797.6015625,339.17,74,1860
1773180371.7171507,Meta-Llama-3.1-8B-Instruct-Q4_K_M.gguf,7808.4765625,338.672,75,1845
1773180372.2374585,Meta-Llama-3.1-8B-Instruct-Q4_K_M.gguf,1858.4375,269.934,75,1935
1773180372.7436476,Meta-Llama-3.1-8B-Instruct-Q4_K_M.gguf,2071.6015625,176.817,70,1935
1773180373.250055,Meta-Llama-3.1-8B-Instruct-Q4_K_M.gguf,2071.6015625,136.605,69,1935
1773180373.7575927,Meta-Llama-3.1-8B-Instruct-Q4_K_M.gguf,6486.4765625,137.697,69,1935
1773180374.2635908,Meta-Llama-3.1-8B-Instruct-Q4_K_M.gguf,6486.4765625,139.257,69,1935
1773180374.770439,Meta-Llama-3.1-8B-Instruct-Q4_K_M.gguf,7819.3515625,182.061,69,1860
1773180375.276997,Meta-Llama-3.1-8B-Instruct-Q4_K_M.gguf,7808.4765625,292.481,73,1860
1773180375.7835371,Meta-Llama-3.1-8B-Instruct-Q4_K_M.gguf,7797.6015625,338.553,74,1860
1773180376.289904,Meta-Llama-3.1-8B-Instruct-Q4_K_M.gguf,7808.4765625,337.488,75,1845
1773180376.8069284,Meta-Llama-3.1-8B-Instruct-Q4_K_M.gguf,1858.4375,266.911,70,1935
1773180377.3176775,Meta-Llama-3.1-8B-Instruct-Q4_K_M.gguf,2071.6015625,175.015,70,1935
1773180377.8235679,Meta-Llama-3.1-8B-Instruct-Q4_K_M.gguf,2071.6015625,136.462,69,1935
1773180378.3304331,Meta-Llama-3.1-8B-Instruct-Q4_K_M.gguf,6475.6015625,137.543,69,1935
1773180378.836537,Meta-Llama-3.1-8B-Instruct-Q4_K_M.gguf,6475.6015625,139.127,69,1935
1773180379.3438432,Meta-Llama-3.1-8B-Instruct-Q4_K_M.gguf,7841.1015625,193.33,73,1860
1773180379.8501556,Meta-Llama-3.1-8B-Instruct-Q4_K_M.gguf,7797.6015625,285.94,74,1860
1773180380.3629816,Meta-Llama-3.1-8B-Instruct-Q4_K_M.gguf,7797.6015625,338.509,75,1860
1773180380.8702068,Meta-Llama-3.1-8B-Instruct-Q4_K_M.gguf,7808.4765625,336.811,75,1845
1773180381.3881013,Meta-Llama-3.1-8B-Instruct-Q4_K_M.gguf,1869.3125,253.216,70,1935
1773180381.894403,Meta-Llama-3.1-8B-Instruct-Q4_K_M.gguf,2071.6015625,161.147,70,1935
1773180382.400307,Meta-Llama-3.1-8B-Instruct-Q4_K_M.gguf,2082.4765625,136.438,69,1935
1773180382.9070823,Meta-Llama-3.1-8B-Instruct-Q4_K_M.gguf,6486.4765625,137.736,69,1935
1773180383.4140756,Meta-Llama-3.1-8B-Instruct-Q4_K_M.gguf,6475.6015625,139.327,69,1935
1773180383.9203067,Meta-Llama-3.1-8B-Instruct-Q4_K_M.gguf,7819.3515625,200.466,73,1860
1773180384.4271579,Meta-Llama-3.1-8B-Instruct-Q4_K_M.gguf,7808.4765625,291.66,74,1860
1773180384.9355686,Meta-Llama-3.1-8B-Instruct-Q4_K_M.gguf,7808.4765625,339.011,75,1860
1773180385.4415634,Meta-Llama-3.1-8B-Instruct-Q4_K_M.gguf,7808.4765625,339.514,75,1830
1773180385.959096,Meta-Llama-3.1-8B-Instruct-Q4_K_M.gguf,1858.4375,265.339,71,1935
1773180386.4655356,Meta-Llama-3.1-8B-Instruct-Q4_K_M.gguf,2082.4765625,172.211,70,1935
1773180387.0003657,Meta-Llama-3.1-8B-Instruct-Q4_K_M.gguf,2071.6015625,137.015,69,1935
1773180387.5072315,Meta-Llama-3.1-8B-Instruct-Q4_K_M.gguf,6475.6015625,138.858,69,1935
1773180388.0132377,Meta-Llama-3.1-8B-Instruct-Q4_K_M.gguf,7781.3515625,139.917,69,1935
1773180388.5192757,Meta-Llama-3.1-8B-Instruct-Q4_K_M.gguf,7819.3515625,208.779,73,1860
1773180389.0257576,Meta-Llama-3.1-8B-Instruct-Q4_K_M.gguf,7797.6015625,300.698,74,1785
1773180389.535361,Meta-Llama-3.1-8B-Instruct-Q4_K_M.gguf,7808.4765625,338.613,75,1845
1773180390.0411859,Meta-Llama-3.1-8B-Instruct-Q4_K_M.gguf,5867.6015625,338.188,75,1875
1773180398.779133,Mistral-7B-Instruct-v0.3.Q5_K_M.gguf,1869.25,187.774,71,1950
1773180399.289704,Mistral-7B-Instruct-v0.3.Q5_K_M.gguf,2071.5390625,193.763,69,1950
1773180399.7961543,Mistral-7B-Instruct-v0.3.Q5_K_M.gguf,6892.4140625,138.041,68,1950
1773180400.302606,Mistral-7B-Instruct-v0.3.Q5_K_M.gguf,6881.5390625,139.638,68,1950
1773180400.810157,Mistral-7B-Instruct-v0.3.Q5_K_M.gguf,7093.5390625,173.175,72,1860
1773180401.3161936,Mistral-7B-Instruct-v0.3.Q5_K_M.gguf,7093.5390625,263.068,73,1845
1773180401.8222616,Mistral-7B-Instruct-v0.3.Q5_K_M.gguf,7093.5390625,339.554,74,1860
1773180402.3338265,Mistral-7B-Instruct-v0.3.Q5_K_M.gguf,7093.5390625,338.507,74,1845
1773180402.8508043,Mistral-7B-Instruct-v0.3.Q5_K_M.gguf,1858.375,307.946,70,1935
1773180403.3571603,Mistral-7B-Instruct-v0.3.Q5_K_M.gguf,2082.4140625,215.488,69,1935
1773180403.8675072,Mistral-7B-Instruct-v0.3.Q5_K_M.gguf,6892.4140625,137.945,69,1935
1773180404.373585,Mistral-7B-Instruct-v0.3.Q5_K_M.gguf,6881.5390625,139.505,69,1935
1773180404.8800182,Mistral-7B-Instruct-v0.3.Q5_K_M.gguf,7093.5390625,180.53,73,1860
1773180405.3868,Mistral-7B-Instruct-v0.3.Q5_K_M.gguf,7093.5390625,271.769,74,1860
1773180405.8929198,Mistral-7B-Instruct-v0.3.Q5_K_M.gguf,7093.5390625,339.67,74,1845
1773180406.3994539,Mistral-7B-Instruct-v0.3.Q5_K_M.gguf,7093.5390625,337.843,74,1860
1773180406.91629,Mistral-7B-Instruct-v0.3.Q5_K_M.gguf,1858.375,298.21,71,1890
1773180407.4277053,Mistral-7B-Instruct-v0.3.Q5_K_M.gguf,2071.5390625,201.524,69,1890
1773180407.9340336,Mistral-7B-Instruct-v0.3.Q5_K_M.gguf,6903.2890625,127.528,69,1890
1773180408.440462,Mistral-7B-Instruct-v0.3.Q5_K_M.gguf,6892.5390625,132.309,69,1935
1773180408.9471443,Mistral-7B-Instruct-v0.3.Q5_K_M.gguf,7104.5390625,158.264,70,1845
1773180409.4537106,Mistral-7B-Instruct-v0.3.Q5_K_M.gguf,7104.5390625,250.297,74,1845
1773180409.9609132,Mistral-7B-Instruct-v0.3.Q5_K_M.gguf,7104.5390625,336.197,74,1845
1773180410.4687722,Mistral-7B-Instruct-v0.3.Q5_K_M.gguf,7093.6640625,338.62,75,1845
1773180410.9860787,Mistral-7B-Instruct-v0.3.Q5_K_M.gguf,1858.5,301.872,74,1935
1773180411.4919648,Mistral-7B-Instruct-v0.3.Q5_K_M.gguf,2071.6640625,210.254,70,1935
1773180411.9990616,Mistral-7B-Instruct-v0.3.Q5_K_M.gguf,6881.6640625,138.422,69,1935
1773180412.5053408,Mistral-7B-Instruct-v0.3.Q5_K_M.gguf,6892.5390625,139.438,69,1935
1773180413.0114193,Mistral-7B-Instruct-v0.3.Q5_K_M.gguf,7093.6640625,162.033,69,1860
1773180413.5530298,Mistral-7B-Instruct-v0.3.Q5_K_M.gguf,7093.6640625,253.09,74,1845
1773180414.0597334,Mistral-7B-Instruct-v0.3.Q5_K_M.gguf,7093.6640625,337.581,74,1845
1773180414.5659938,Mistral-7B-Instruct-v0.3.Q5_K_M.gguf,7093.6640625,336.185,75,1860
1773180415.0850222,Mistral-7B-Instruct-v0.3.Q5_K_M.gguf,1869.375,300.009,75,1935
1773180415.5911784,Mistral-7B-Instruct-v0.3.Q5_K_M.gguf,2071.6640625,209.362,70,1935
1773180416.0980306,Mistral-7B-Instruct-v0.3.Q5_K_M.gguf,6903.4140625,138.912,70,1935
1773180416.6040053,Mistral-7B-Instruct-v0.3.Q5_K_M.gguf,6892.5390625,139.999,70,1935
1773180417.1099527,Mistral-7B-Instruct-v0.3.Q5_K_M.gguf,7093.6640625,166.405,69,1860
1773180417.6165643,Mistral-7B-Instruct-v0.3.Q5_K_M.gguf,7093.6640625,257.612,74,1860
1773180418.1240516,Mistral-7B-Instruct-v0.3.Q5_K_M.gguf,7093.6640625,339.765,75,1830
1773180418.6300533,Mistral-7B-Instruct-v0.3.Q5_K_M.gguf,7093.6640625,336.926,75,1845
1773180419.1471345,Mistral-7B-Instruct-v0.3.Q5_K_M.gguf,1858.5,313.155,75,1935
1773180419.6531596,Mistral-7B-Instruct-v0.3.Q5_K_M.gguf,2071.6640625,223.231,71,1935
1773180420.1623726,Mistral-7B-Instruct-v0.3.Q5_K_M.gguf,6881.6640625,138.504,70,1935
1773180420.668885,Mistral-7B-Instruct-v0.3.Q5_K_M.gguf,6892.6015625,139.561,70,1935
1773180421.1754868,Mistral-7B-Instruct-v0.3.Q5_K_M.gguf,7104.6015625,151.0,70,1935
1773180421.6827168,Mistral-7B-Instruct-v0.3.Q5_K_M.gguf,7104.6015625,243.4,74,1845
1773180422.1887972,Mistral-7B-Instruct-v0.3.Q5_K_M.gguf,7093.7265625,331.345,75,1845
1773180422.6954088,Mistral-7B-Instruct-v0.3.Q5_K_M.gguf,7093.7265625,338.748,75,1845
1773180423.2040203,Mistral-7B-Instruct-v0.3.Q5_K_M.gguf,1859.7265625,326.333,75,1935
1773180423.721091,Mistral-7B-Instruct-v0.3.Q5_K_M.gguf,1869.4375,235.426,72,1935
1773180424.226986,Mistral-7B-Instruct-v0.3.Q5_K_M.gguf,2071.7265625,144.227,70,1935
1773180424.7339776,Mistral-7B-Instruct-v0.3.Q5_K_M.gguf,6881.7265625,138.502,70,1935
1773180425.2399364,Mistral-7B-Instruct-v0.3.Q5_K_M.gguf,6892.6015625,139.893,70,1935
1773180425.7460191,Mistral-7B-Instruct-v0.3.Q5_K_M.gguf,7093.7265625,162.998,70,1845
1773180426.2526977,Mistral-7B-Instruct-v0.3.Q5_K_M.gguf,7093.7265625,253.252,74,1845
1773180426.7634308,Mistral-7B-Instruct-v0.3.Q5_K_M.gguf,7093.7265625,338.475,75,1845
1773180427.269463,Mistral-7B-Instruct-v0.3.Q5_K_M.gguf,7093.7265625,338.133,75,1845
1773180427.789113,Mistral-7B-Instruct-v0.3.Q5_K_M.gguf,1858.5625,299.552,72,1935
1773180428.298853,Mistral-7B-Instruct-v0.3.Q5_K_M.gguf,2071.7265625,207.715,70,1935
1773180428.8057685,Mistral-7B-Instruct-v0.3.Q5_K_M.gguf,6903.4765625,139.059,70,1935
1773180429.3123724,Mistral-7B-Instruct-v0.3.Q5_K_M.gguf,6892.6015625,140.37,70,1935
1773180429.8218203,Mistral-7B-Instruct-v0.3.Q5_K_M.gguf,7093.7265625,175.677,74,1845
1773180430.3278077,Mistral-7B-Instruct-v0.3.Q5_K_M.gguf,7093.7265625,265.898,75,1845
1773180430.8395581,Mistral-7B-Instruct-v0.3.Q5_K_M.gguf,7093.7265625,339.286,76,1830
1773180431.3458946,Mistral-7B-Instruct-v0.3.Q5_K_M.gguf,7093.7265625,336.67,76,1845
1773180431.8642786,Mistral-7B-Instruct-v0.3.Q5_K_M.gguf,1858.5625,286.385,72,1935
1773180432.3704853,Mistral-7B-Instruct-v0.3.Q5_K_M.gguf,2082.6015625,196.787,71,1935
1773180432.877145,Mistral-7B-Instruct-v0.3.Q5_K_M.gguf,6881.7265625,139.408,70,1935
1773180433.3837295,Mistral-7B-Instruct-v0.3.Q5_K_M.gguf,6892.6015625,140.459,70,1935
1773180433.8906558,Mistral-7B-Instruct-v0.3.Q5_K_M.gguf,7104.6015625,158.584,71,1860
1773180434.4007015,Mistral-7B-Instruct-v0.3.Q5_K_M.gguf,7093.7265625,249.541,75,1860
1773180434.906691,Mistral-7B-Instruct-v0.3.Q5_K_M.gguf,7093.7265625,336.291,75,1830
1773180435.4215536,Mistral-7B-Instruct-v0.3.Q5_K_M.gguf,7093.7265625,337.661,76,1845
1773180435.9274025,Mistral-7B-Instruct-v0.3.Q5_K_M.gguf,1858.5625,320.891,74,1935
1773180436.444931,Mistral-7B-Instruct-v0.3.Q5_K_M.gguf,1858.5625,231.471,71,1935
1773180436.9517574,Mistral-7B-Instruct-v0.3.Q5_K_M.gguf,2082.6015625,138.792,71,1935
1773180437.4586048,Mistral-7B-Instruct-v0.3.Q5_K_M.gguf,6881.7265625,139.455,70,1935
1773180437.9647534,Mistral-7B-Instruct-v0.3.Q5_K_M.gguf,6892.6015625,141.053,70,1935
1773180438.4715226,Mistral-7B-Instruct-v0.3.Q5_K_M.gguf,7093.7265625,177.923,71,1845
1773180438.9787369,Mistral-7B-Instruct-v0.3.Q5_K_M.gguf,7104.6015625,267.427,75,1845
1773180439.4849014,Mistral-7B-Instruct-v0.3.Q5_K_M.gguf,7093.7265625,338.463,76,1845
1773180439.9967794,Mistral-7B-Instruct-v0.3.Q5_K_M.gguf,7093.7265625,338.58,76,1845
1773180445.7746763,Mistral-7B-Instruct-v0.3.Q5_K_M.gguf,1876.9375,294.713,77,1935
1773180446.2806253,Mistral-7B-Instruct-v0.3.Q5_K_M.gguf,2079.2265625,205.942,72,1935
1773180446.788608,Mistral-7B-Instruct-v0.3.Q5_K_M.gguf,6892.6015625,140.259,71,1935
1773180447.2946355,Mistral-7B-Instruct-v0.3.Q5_K_M.gguf,6892.6015625,141.245,71,1935
1773180447.8006759,Mistral-7B-Instruct-v0.3.Q5_K_M.gguf,7302.6015625,167.384,75,1860
1773180448.3072202,Mistral-7B-Instruct-v0.3.Q5_K_M.gguf,7302.6015625,257.707,76,1845
1773180448.8176363,Mistral-7B-Instruct-v0.3.Q5_K_M.gguf,7291.7265625,339.838,76,1845
1773180449.3241808,Mistral-7B-Instruct-v0.3.Q5_K_M.gguf,7302.6015625,338.64,76,1845
1773180449.8437898,Mistral-7B-Instruct-v0.3.Q5_K_M.gguf,1858.5625,315.086,73,1935
1773180450.3521986,Mistral-7B-Instruct-v0.3.Q5_K_M.gguf,2082.6015625,205.346,71,1935
1773180450.858525,Mistral-7B-Instruct-v0.3.Q5_K_M.gguf,6892.6015625,139.769,71,1935
1773180451.3649192,Mistral-7B-Instruct-v0.3.Q5_K_M.gguf,6881.7265625,141.159,71,1935
1773180451.874467,Mistral-7B-Instruct-v0.3.Q5_K_M.gguf,7302.6015625,168.213,73,1845
1773180452.3804467,Mistral-7B-Instruct-v0.3.Q5_K_M.gguf,7302.6015625,257.631,76,1845
1773180452.8933597,Mistral-7B-Instruct-v0.3.Q5_K_M.gguf,7302.6015625,339.94,76,1845
1773180453.3993506,Mistral-7B-Instruct-v0.3.Q5_K_M.gguf,7291.7265625,338.74,76,1845
1773180453.9058757,Mistral-7B-Instruct-v0.3.Q5_K_M.gguf,1858.5625,314.718,74,1935
1773180454.423054,Mistral-7B-Instruct-v0.3.Q5_K_M.gguf,1858.5625,223.55,72,1935
1773180454.9296465,Mistral-7B-Instruct-v0.3.Q5_K_M.gguf,2071.7265625,138.928,71,1935
1773180455.4360516,Mistral-7B-Instruct-v0.3.Q5_K_M.gguf,6892.6015625,139.303,71,1935
1773180455.9428954,Mistral-7B-Instruct-v0.3.Q5_K_M.gguf,6892.6015625,140.672,71,1935
1773180456.4525747,Mistral-7B-Instruct-v0.3.Q5_K_M.gguf,7302.6015625,174.398,72,1860
1773180456.9585705,Mistral-7B-Instruct-v0.3.Q5_K_M.gguf,7291.7265625,264.842,76,1845
1773180457.4703047,Mistral-7B-Instruct-v0.3.Q5_K_M.gguf,7302.6015625,339.493,76,1845
1773180457.9764237,Mistral-7B-Instruct-v0.3.Q5_K_M.gguf,7291.7265625,338.105,76,1845
1773180458.4935324,Mistral-7B-Instruct-v0.3.Q5_K_M.gguf,1858.5625,308.174,76,1935
1773180458.9994767,Mistral-7B-Instruct-v0.3.Q5_K_M.gguf,2071.7265625,216.433,72,1935
1773180459.5084221,Mistral-7B-Instruct-v0.3.Q5_K_M.gguf,6903.4765625,139.901,71,1935
1773180460.0144532,Mistral-7B-Instruct-v0.3.Q5_K_M.gguf,6881.7265625,141.389,71,1935
1773180460.5210388,Mistral-7B-Instruct-v0.3.Q5_K_M.gguf,7291.7265625,168.763,71,1845
1773180461.030969,Mistral-7B-Instruct-v0.3.Q5_K_M.gguf,7291.7265625,258.064,76,1845
1773180461.537642,Mistral-7B-Instruct-v0.3.Q5_K_M.gguf,7291.7265625,340.339,76,1845
1773180462.0505993,Mistral-7B-Instruct-v0.3.Q5_K_M.gguf,7291.7265625,338.251,76,1845
1773180462.5685477,Mistral-7B-Instruct-v0.3.Q5_K_M.gguf,1869.4375,294.858,77,1935
1773180463.0744476,Mistral-7B-Instruct-v0.3.Q5_K_M.gguf,2071.7265625,204.561,72,1935
1773180463.5809815,Mistral-7B-Instruct-v0.3.Q5_K_M.gguf,6881.7265625,140.177,71,1935
1773180464.0869815,Mistral-7B-Instruct-v0.3.Q5_K_M.gguf,6892.6015625,141.538,71,1935
1773180464.5932183,Mistral-7B-Instruct-v0.3.Q5_K_M.gguf,7291.7265625,164.417,71,1845
1773180465.0996888,Mistral-7B-Instruct-v0.3.Q5_K_M.gguf,7291.7265625,255.268,76,1845
1773180465.6082542,Mistral-7B-Instruct-v0.3.Q5_K_M.gguf,7291.7265625,338.102,76,1830
1773180466.114288,Mistral-7B-Instruct-v0.3.Q5_K_M.gguf,7291.7265625,337.554,77,1845
1773180466.632428,Mistral-7B-Instruct-v0.3.Q5_K_M.gguf,1858.5625,316.57,77,1935
1773180467.1390412,Mistral-7B-Instruct-v0.3.Q5_K_M.gguf,2071.7265625,226.793,73,1935
1773180467.645895,Mistral-7B-Instruct-v0.3.Q5_K_M.gguf,6881.7265625,140.243,72,1935
1773180468.1519287,Mistral-7B-Instruct-v0.3.Q5_K_M.gguf,6892.6015625,141.463,71,1935
1773180468.6584399,Mistral-7B-Instruct-v0.3.Q5_K_M.gguf,7302.6015625,175.784,71,1860
1773180469.1687505,Mistral-7B-Instruct-v0.3.Q5_K_M.gguf,7291.7265625,266.023,76,1845
1773180469.6747968,Mistral-7B-Instruct-v0.3.Q5_K_M.gguf,7291.7265625,339.191,77,1845
1773180470.1882622,Mistral-7B-Instruct-v0.3.Q5_K_M.gguf,7291.7265625,338.239,77,1845
1773180470.7077239,Mistral-7B-Instruct-v0.3.Q5_K_M.gguf,1858.5625,307.622,77,1935
1773180471.2136343,Mistral-7B-Instruct-v0.3.Q5_K_M.gguf,2082.6015625,217.128,73,1935
1773180471.7237837,Mistral-7B-Instruct-v0.3.Q5_K_M.gguf,6881.7265625,140.483,72,1935
1773180472.230209,Mistral-7B-Instruct-v0.3.Q5_K_M.gguf,6881.7265625,142.008,72,1935
1773180472.7371595,Mistral-7B-Instruct-v0.3.Q5_K_M.gguf,7291.7265625,169.622,71,1845
1773180473.2468884,Mistral-7B-Instruct-v0.3.Q5_K_M.gguf,7302.6015625,276.237,76,1845
1773180473.7530038,Mistral-7B-Instruct-v0.3.Q5_K_M.gguf,7291.7265625,337.819,76,1845
1773180474.2628334,Mistral-7B-Instruct-v0.3.Q5_K_M.gguf,7291.7265625,338.775,77,1845
1773180474.784871,Mistral-7B-Instruct-v0.3.Q5_K_M.gguf,1858.5625,297.075,77,1935
1773180475.2912557,Mistral-7B-Instruct-v0.3.Q5_K_M.gguf,2071.7265625,206.245,72,1935
1773180475.7983358,Mistral-7B-Instruct-v0.3.Q5_K_M.gguf,6892.6015625,140.968,72,1935
1773180476.304589,Mistral-7B-Instruct-v0.3.Q5_K_M.gguf,6892.6015625,141.97,71,1935
1773180476.8106918,Mistral-7B-Instruct-v0.3.Q5_K_M.gguf,7302.6015625,169.21,76,1845
1773180477.3173552,Mistral-7B-Instruct-v0.3.Q5_K_M.gguf,7291.7265625,258.467,77,1845
1773180477.825621,Mistral-7B-Instruct-v0.3.Q5_K_M.gguf,7291.7265625,339.195,77,1830
1773180478.331941,Mistral-7B-Instruct-v0.3.Q5_K_M.gguf,7302.6015625,338.988,77,1845
1773180478.8491478,Mistral-7B-Instruct-v0.3.Q5_K_M.gguf,1869.4375,297.175,73,1935
1773180479.355554,Mistral-7B-Instruct-v0.3.Q5_K_M.gguf,2082.6015625,205.551,72,1935
1773180479.86194,Mistral-7B-Instruct-v0.3.Q5_K_M.gguf,6903.4765625,140.655,72,1935
1773180480.368043,Mistral-7B-Instruct-v0.3.Q5_K_M.gguf,6881.7265625,142.13,72,1935
1773180480.874518,Mistral-7B-Instruct-v0.3.Q5_K_M.gguf,7302.6015625,171.502,75,1845
1773180481.3846242,Mistral-7B-Instruct-v0.3.Q5_K_M.gguf,7291.7265625,261.169,77,1845
1773180481.890698,Mistral-7B-Instruct-v0.3.Q5_K_M.gguf,7291.7265625,339.144,77,1845
1773180482.4056075,Mistral-7B-Instruct-v0.3.Q5_K_M.gguf,7291.7265625,338.23,77,1860
1773180482.9222271,Mistral-7B-Instruct-v0.3.Q5_K_M.gguf,1858.5625,313.949,75,1935
1773180483.4285264,Mistral-7B-Instruct-v0.3.Q5_K_M.gguf,2082.6015625,223.189,72,1935
1773180483.9362755,Mistral-7B-Instruct-v0.3.Q5_K_M.gguf,6903.4765625,141.246,72,1935
1773180484.442291,Mistral-7B-Instruct-v0.3.Q5_K_M.gguf,6892.6015625,142.599,72,1935
1773180484.9485512,Mistral-7B-Instruct-v0.3.Q5_K_M.gguf,7291.7265625,181.574,74,1860
1773180485.4552846,Mistral-7B-Instruct-v0.3.Q5_K_M.gguf,7291.7265625,271.592,77,1845
1773180485.9614873,Mistral-7B-Instruct-v0.3.Q5_K_M.gguf,7291.7265625,339.589,77,1845
1773180486.4674501,Mistral-7B-Instruct-v0.3.Q5_K_M.gguf,7291.7265625,339.382,77,1830
1773180500.682677,Mistral-7B-Instruct-v0.3.Q5_K_M.gguf,1880.3125,259.168,77,1935
1773180501.1891441,Mistral-7B-Instruct-v0.3.Q5_K_M.gguf,2071.7265625,175.449,74,1935
1773180501.6975498,Mistral-7B-Instruct-v0.3.Q5_K_M.gguf,6892.6015625,142.538,74,1935
1773180502.204278,Mistral-7B-Instruct-v0.3.Q5_K_M.gguf,6892.6015625,143.727,74,1935
1773180502.7135704,Mistral-7B-Instruct-v0.3.Q5_K_M.gguf,8083.4765625,144.867,73,1935
1773180503.219716,Mistral-7B-Instruct-v0.3.Q5_K_M.gguf,8072.6015625,230.471,77,1845
1773180503.7265346,Mistral-7B-Instruct-v0.3.Q5_K_M.gguf,8061.7265625,319.379,78,1830
1773180504.2330596,Mistral-7B-Instruct-v0.3.Q5_K_M.gguf,8061.7265625,339.012,78,1830
1773180504.739015,Mistral-7B-Instruct-v0.3.Q5_K_M.gguf,2103.7265625,328.422,79,1920
1773180505.2559898,Mistral-7B-Instruct-v0.3.Q5_K_M.gguf,1869.4375,238.73,75,1935
1773180505.761594,Mistral-7B-Instruct-v0.3.Q5_K_M.gguf,2082.6015625,148.948,74,1935
1773180506.2713058,Mistral-7B-Instruct-v0.3.Q5_K_M.gguf,6903.4765625,141.968,73,1935
1773180506.777328,Mistral-7B-Instruct-v0.3.Q5_K_M.gguf,6892.6015625,143.406,73,1935
1773180507.2836406,Mistral-7B-Instruct-v0.3.Q5_K_M.gguf,8083.4765625,164.637,73,1845
1773180507.786277,Mistral-7B-Instruct-v0.3.Q5_K_M.gguf,8061.7265625,253.779,77,1845
1773180508.2948315,Mistral-7B-Instruct-v0.3.Q5_K_M.gguf,8083.4765625,336.679,78,1830
1773180508.8010094,Mistral-7B-Instruct-v0.3.Q5_K_M.gguf,8061.7265625,338.494,78,1830
1773180509.3124228,Mistral-7B-Instruct-v0.3.Q5_K_M.gguf,1858.5625,323.531,75,1920
1773180509.8310804,Mistral-7B-Instruct-v0.3.Q5_K_M.gguf,1858.5625,214.768,74,1935
1773180510.3370473,Mistral-7B-Instruct-v0.3.Q5_K_M.gguf,2082.6015625,141.184,73,1935
1773180510.843905,Mistral-7B-Instruct-v0.3.Q5_K_M.gguf,6903.4765625,141.719,73,1935
1773180511.3511593,Mistral-7B-Instruct-v0.3.Q5_K_M.gguf,6892.6015625,143.189,73,1935
1773180511.857111,Mistral-7B-Instruct-v0.3.Q5_K_M.gguf,8083.4765625,158.69,74,1845
1773180512.3634393,Mistral-7B-Instruct-v0.3.Q5_K_M.gguf,8061.7265625,248.897,77,1845
1773180512.8721902,Mistral-7B-Instruct-v0.3.Q5_K_M.gguf,8061.7265625,336.224,77,1830
1773180513.3783395,Mistral-7B-Instruct-v0.3.Q5_K_M.gguf,8072.6015625,337.585,78,1830
1773180513.896493,Mistral-7B-Instruct-v0.3.Q5_K_M.gguf,1858.5625,324.305,76,1935
1773180514.4139087,Mistral-7B-Instruct-v0.3.Q5_K_M.gguf,1869.4375,235.387,73,1935
1773180514.920073,Mistral-7B-Instruct-v0.3.Q5_K_M.gguf,2082.6015625,145.441,73,1935
1773180515.4294157,Mistral-7B-Instruct-v0.3.Q5_K_M.gguf,6903.4765625,141.096,72,1935
1773180515.9355283,Mistral-7B-Instruct-v0.3.Q5_K_M.gguf,6881.7265625,142.97,72,1935
1773180516.44249,Mistral-7B-Instruct-v0.3.Q5_K_M.gguf,8083.4765625,165.75,72,1860
1773180516.952356,Mistral-7B-Instruct-v0.3.Q5_K_M.gguf,8061.7265625,255.499,77,1845
1773180517.4585354,Mistral-7B-Instruct-v0.3.Q5_K_M.gguf,8061.7265625,336.941,77,1845
1773180517.9685392,Mistral-7B-Instruct-v0.3.Q5_K_M.gguf,8061.7265625,338.368,78,1845
1773180518.474594,Mistral-7B-Instruct-v0.3.Q5_K_M.gguf,1858.5625,321.016,78,1935
1773180518.9918172,Mistral-7B-Instruct-v0.3.Q5_K_M.gguf,1858.5625,230.228,73,1935
1773180519.4975793,Mistral-7B-Instruct-v0.3.Q5_K_M.gguf,2082.6015625,140.717,73,1935
1773180520.0083113,Mistral-7B-Instruct-v0.3.Q5_K_M.gguf,6881.7265625,140.951,72,1935
1773180520.514215,Mistral-7B-Instruct-v0.3.Q5_K_M.gguf,6892.6015625,142.389,72,1935
1773180521.0210636,Mistral-7B-Instruct-v0.3.Q5_K_M.gguf,8083.4765625,157.099,72,1845
1773180521.531024,Mistral-7B-Instruct-v0.3.Q5_K_M.gguf,8061.7265625,266.04,77,1845
1773180522.036993,Mistral-7B-Instruct-v0.3.Q5_K_M.gguf,8061.7265625,340.047,77,1845
1773180522.5482976,Mistral-7B-Instruct-v0.3.Q5_K_M.gguf,8072.6015625,337.104,77,1845
1773180523.0541797,Mistral-7B-Instruct-v0.3.Q5_K_M.gguf,1858.5625,310.901,78,1935
1773180523.5713055,Mistral-7B-Instruct-v0.3.Q5_K_M.gguf,1858.5625,221.27,73,1935
1773180524.0772564,Mistral-7B-Instruct-v0.3.Q5_K_M.gguf,2082.6015625,140.35,73,1935
1773180524.5862665,Mistral-7B-Instruct-v0.3.Q5_K_M.gguf,6914.3515625,140.736,72,1935
1773180525.093409,Mistral-7B-Instruct-v0.3.Q5_K_M.gguf,6892.6015625,142.466,72,1935
1773180525.600215,Mistral-7B-Instruct-v0.3.Q5_K_M.gguf,8083.4765625,151.478,72,1875
1773180526.109065,Mistral-7B-Instruct-v0.3.Q5_K_M.gguf,8061.7265625,240.71,76,1845
1773180526.6156387,Mistral-7B-Instruct-v0.3.Q5_K_M.gguf,8061.7265625,329.758,77,1845
1773180527.129062,Mistral-7B-Instruct-v0.3.Q5_K_M.gguf,8061.7265625,339.059,77,1845
1773180527.6354318,Mistral-7B-Instruct-v0.3.Q5_K_M.gguf,1859.7265625,317.773,78,1935
1773180528.1525893,Mistral-7B-Instruct-v0.3.Q5_K_M.gguf,1858.5625,227.054,73,1935
1773180528.6591704,Mistral-7B-Instruct-v0.3.Q5_K_M.gguf,2071.7265625,140.203,72,1935
1773180529.1660864,Mistral-7B-Instruct-v0.3.Q5_K_M.gguf,6892.6015625,140.628,72,1935
1773180529.6720614,Mistral-7B-Instruct-v0.3.Q5_K_M.gguf,6892.6015625,142.486,72,1935
1773180530.1787045,Mistral-7B-Instruct-v0.3.Q5_K_M.gguf,8083.4765625,167.453,72,1845
1773180530.689793,Mistral-7B-Instruct-v0.3.Q5_K_M.gguf,8061.7265625,257.391,76,1845
1773180531.1962872,Mistral-7B-Instruct-v0.3.Q5_K_M.gguf,8061.7265625,338.552,77,1830
1773180531.7069395,Mistral-7B-Instruct-v0.3.Q5_K_M.gguf,8061.7265625,336.971,77,1845
1773180532.225117,Mistral-7B-Instruct-v0.3.Q5_K_M.gguf,1858.5625,299.573,78,1935
1773180532.7306635,Mistral-7B-Instruct-v0.3.Q5_K_M.gguf,2082.6015625,209.24,73,1935
1773180533.2374828,Mistral-7B-Instruct-v0.3.Q5_K_M.gguf,6881.7265625,141.167,73,1935
1773180533.7434952,Mistral-7B-Instruct-v0.3.Q5_K_M.gguf,6881.7265625,142.435,72,1935
1773180534.2493541,Mistral-7B-Instruct-v0.3.Q5_K_M.gguf,8105.2265625,165.785,72,1845
1773180534.755724,Mistral-7B-Instruct-v0.3.Q5_K_M.gguf,8061.7265625,254.765,76,1845
1773180535.264434,Mistral-7B-Instruct-v0.3.Q5_K_M.gguf,8061.7265625,337.955,77,1830
1773180535.7704873,Mistral-7B-Instruct-v0.3.Q5_K_M.gguf,8072.6015625,338.302,77,1845
1773180536.2767801,Mistral-7B-Instruct-v0.3.Q5_K_M.gguf,1858.5625,319.333,78,1935
1773180536.7961328,Mistral-7B-Instruct-v0.3.Q5_K_M.gguf,1858.5625,229.756,73,1935
1773180537.302215,Mistral-7B-Instruct-v0.3.Q5_K_M.gguf,2082.6015625,140.338,72,1935
1773180537.8088756,Mistral-7B-Instruct-v0.3.Q5_K_M.gguf,6892.6015625,140.887,72,1935
1773180538.3161001,Mistral-7B-Instruct-v0.3.Q5_K_M.gguf,6881.7265625,142.788,72,1935
1773180538.8222277,Mistral-7B-Instruct-v0.3.Q5_K_M.gguf,8083.4765625,176.283,76,1860
1773180539.3282707,Mistral-7B-Instruct-v0.3.Q5_K_M.gguf,8072.6015625,266.024,77,1845
1773180539.835087,Mistral-7B-Instruct-v0.3.Q5_K_M.gguf,8061.7265625,339.665,77,1830
1773180540.344402,Mistral-7B-Instruct-v0.3.Q5_K_M.gguf,8061.7265625,337.009,78,1845
1773180540.8502634,Mistral-7B-Instruct-v0.3.Q5_K_M.gguf,1869.4375,309.692,74,1935
1773180541.368498,Mistral-7B-Instruct-v0.3.Q5_K_M.gguf,1858.5625,219.259,72,1935
1773180541.8750055,Mistral-7B-Instruct-v0.3.Q5_K_M.gguf,2071.7265625,140.482,72,1935
1773180542.3815193,Mistral-7B-Instruct-v0.3.Q5_K_M.gguf,6881.7265625,140.764,72,1935
1773180542.8879688,Mistral-7B-Instruct-v0.3.Q5_K_M.gguf,6892.6015625,142.154,72,1935
1773180543.3946924,Mistral-7B-Instruct-v0.3.Q5_K_M.gguf,8083.4765625,153.898,73,1845
1773180543.9031343,Mistral-7B-Instruct-v0.3.Q5_K_M.gguf,8061.7265625,244.721,76,1845
1773180544.4096925,Mistral-7B-Instruct-v0.3.Q5_K_M.gguf,8072.6015625,333.261,77,1830
1773180544.921725,Mistral-7B-Instruct-v0.3.Q5_K_M.gguf,8061.7265625,336.061,77,1845
1773180545.4277446,Mistral-7B-Instruct-v0.3.Q5_K_M.gguf,1858.5625,312.072,77,1935
1773180552.1915786,qwen2.5-3b-instruct-q4_k_m.gguf,1883.8125,173.396,71,1935
1773180552.6983962,qwen2.5-3b-instruct-q4_k_m.gguf,2082.3515625,145.835,70,1935
1773180553.204957,qwen2.5-3b-instruct-q4_k_m.gguf,3918.3515625,137.837,70,1935
1773180553.716139,qwen2.5-3b-instruct-q4_k_m.gguf,3907.4765625,131.86,70,1815
1773180554.2224038,qwen2.5-3b-instruct-q4_k_m.gguf,4280.3515625,166.178,69,1920
1773180554.7289357,qwen2.5-3b-instruct-q4_k_m.gguf,4269.4765625,259.709,74,1920
1773180555.2454774,qwen2.5-3b-instruct-q4_k_m.gguf,1858.3125,300.759,76,1935
1773180555.7553928,qwen2.5-3b-instruct-q4_k_m.gguf,2082.3515625,213.519,71,1935
1773180556.261961,qwen2.5-3b-instruct-q4_k_m.gguf,3918.3515625,139.373,71,1935
1773180556.7686732,qwen2.5-3b-instruct-q4_k_m.gguf,4269.4765625,170.807,71,1920
1773180557.2786849,qwen2.5-3b-instruct-q4_k_m.gguf,4280.3515625,260.058,75,1920
1773180557.7846444,qwen2.5-3b-instruct-q4_k_m.gguf,1858.3125,321.295,76,1935
1773180558.3039062,qwen2.5-3b-instruct-q4_k_m.gguf,1858.3125,232.566,71,1935
1773180558.8105247,qwen2.5-3b-instruct-q4_k_m.gguf,2071.4765625,139.422,71,1935
1773180559.317319,qwen2.5-3b-instruct-q4_k_m.gguf,3918.3515625,139.717,71,1935
1773180559.82336,qwen2.5-3b-instruct-q4_k_m.gguf,4280.3515625,177.222,74,1920
1773180560.3299818,qwen2.5-3b-instruct-q4_k_m.gguf,4269.4765625,266.312,76,1905
1773180560.8369284,qwen2.5-3b-instruct-q4_k_m.gguf,1858.3125,314.261,73,1935
1773180561.3536901,qwen2.5-3b-instruct-q4_k_m.gguf,1858.3125,225.734,71,1935
1773180561.8597577,qwen2.5-3b-instruct-q4_k_m.gguf,2082.3515625,139.411,71,1935
1773180562.3666215,qwen2.5-3b-instruct-q4_k_m.gguf,3918.3515625,139.318,70,1935
1773180562.8730865,qwen2.5-3b-instruct-q4_k_m.gguf,4291.4765625,153.021,72,1935
1773180563.379034,qwen2.5-3b-instruct-q4_k_m.gguf,4269.7265625,242.192,76,1920
1773180563.885459,qwen2.5-3b-instruct-q4_k_m.gguf,2118.6015625,327.785,76,1935
1773180564.4030309,qwen2.5-3b-instruct-q4_k_m.gguf,1858.5625,247.524,71,1935
1773180564.9135795,qwen2.5-3b-instruct-q4_k_m.gguf,2082.6015625,140.281,71,1935
1773180565.4202297,qwen2.5-3b-instruct-q4_k_m.gguf,3954.7890625,139.477,70,1935
1773180565.9270265,qwen2.5-3b-instruct-q4_k_m.gguf,4305.9140625,146.074,70,1935
1773180566.4335577,qwen2.5-3b-instruct-q4_k_m.gguf,4306.4140625,231.938,75,1935
1773180566.939448,qwen2.5-3b-instruct-q4_k_m.gguf,4350.0390625,315.809,76,1920
1773180567.4580336,qwen2.5-3b-instruct-q4_k_m.gguf,1938.9375,276.67,72,1935
1773180567.9646654,qwen2.5-3b-instruct-q4_k_m.gguf,2152.1640625,192.562,71,1935
1773180568.4715762,qwen2.5-3b-instruct-q4_k_m.gguf,3977.3515625,140.842,70,1935
1773180568.9777713,qwen2.5-3b-instruct-q4_k_m.gguf,4355.2890625,151.486,70,1920
1773180569.484384,qwen2.5-3b-instruct-q4_k_m.gguf,4342.4765625,240.049,75,1920
1773180569.9922683,qwen2.5-3b-instruct-q4_k_m.gguf,2181.8515625,327.082,76,1935
1773180570.5110736,qwen2.5-3b-instruct-q4_k_m.gguf,1913.25,234.663,71,1935
1773180571.0172615,qwen2.5-3b-instruct-q4_k_m.gguf,2137.6640625,145.211,71,1935
1773180571.5242615,qwen2.5-3b-instruct-q4_k_m.gguf,3973.6640625,139.417,70,1935
1773180572.0332196,qwen2.5-3b-instruct-q4_k_m.gguf,4334.1015625,168.626,70,1920
1773180572.5392804,qwen2.5-3b-instruct-q4_k_m.gguf,4322.1640625,257.911,75,1920
1773180573.0514853,qwen2.5-3b-instruct-q4_k_m.gguf,1908.3515625,324.194,76,1935
1773180573.5693164,qwen2.5-3b-instruct-q4_k_m.gguf,1906.5625,234.744,71,1935
1773180574.075322,qwen2.5-3b-instruct-q4_k_m.gguf,2119.7265625,145.136,71,1935
1773180574.5822482,qwen2.5-3b-instruct-q4_k_m.gguf,3966.6015625,139.12,70,1935
1773180575.0918622,qwen2.5-3b-instruct-q4_k_m.gguf,4328.6015625,162.736,70,1920
1773180575.5984735,qwen2.5-3b-instruct-q4_k_m.gguf,4317.7265625,252.474,75,1920
1773180576.116028,qwen2.5-3b-instruct-q4_k_m.gguf,1906.5625,300.044,76,1935
1773180576.6225488,qwen2.5-3b-instruct-q4_k_m.gguf,2130.6015625,210.729,71,1935
1773180577.1292427,qwen2.5-3b-instruct-q4_k_m.gguf,3966.6015625,139.485,71,1935
1773180577.635285,qwen2.5-3b-instruct-q4_k_m.gguf,4328.6015625,179.472,70,1920
1773180578.1420147,qwen2.5-3b-instruct-q4_k_m.gguf,4317.7265625,269.208,75,1920
1773180578.6492546,qwen2.5-3b-instruct-q4_k_m.gguf,1858.5625,309.733,76,1935
1773180579.1675098,qwen2.5-3b-instruct-q4_k_m.gguf,1858.5625,222.672,71,1935
1773180579.6734216,qwen2.5-3b-instruct-q4_k_m.gguf,2071.7265625,139.152,71,1935
1773180580.180165,qwen2.5-3b-instruct-q4_k_m.gguf,3918.6015625,138.718,70,1935
1773180580.690045,qwen2.5-3b-instruct-q4_k_m.gguf,4280.6015625,163.042,70,1920
1773180581.196534,qwen2.5-3b-instruct-q4_k_m.gguf,4280.6015625,252.67,75,1920
1773180581.709795,qwen2.5-3b-instruct-q4_k_m.gguf,1869.4375,310.473,76,1935
1773180586.5325415,qwen2.5-3b-instruct-q4_k_m.gguf,1896.1875,239.791,71,1935
1773180587.0390334,qwen2.5-3b-instruct-q4_k_m.gguf,2098.4765625,159.129,70,1935
1773180587.545511,qwen2.5-3b-instruct-q4_k_m.gguf,3914.8515625,138.83,70,1935
1773180588.0516644,qwen2.5-3b-instruct-q4_k_m.gguf,4341.7265625,170.86,71,1920
1773180588.5586562,qwen2.5-3b-instruct-q4_k_m.gguf,4325.2265625,259.64,75,1920
1773180589.0673583,qwen2.5-3b-instruct-q4_k_m.gguf,1859.3515625,321.479,75,1935
1773180589.584964,qwen2.5-3b-instruct-q4_k_m.gguf,1858.1875,232.652,71,1935
1773180590.0913794,qwen2.5-3b-instruct-q4_k_m.gguf,2082.2265625,144.333,70,1935
1773180590.59869,qwen2.5-3b-instruct-q4_k_m.gguf,3799.3515625,138.131,70,1935
1773180591.132549,qwen2.5-3b-instruct-q4_k_m.gguf,3918.2265625,132.12,70,1815
1773180591.6419399,qwen2.5-3b-instruct-q4_k_m.gguf,4334.2265625,131.411,69,1815
1773180592.147926,qwen2.5-3b-instruct-q4_k_m.gguf,4323.3515625,217.101,73,1920
1773180592.6538713,qwen2.5-3b-instruct-q4_k_m.gguf,3698.2265625,313.506,75,1920
1773180593.171081,qwen2.5-3b-instruct-q4_k_m.gguf,1858.1875,252.481,72,1935
1773180593.677697,qwen2.5-3b-instruct-q4_k_m.gguf,2071.3515625,163.767,70,1935
1773180594.184191,qwen2.5-3b-instruct-q4_k_m.gguf,3907.3515625,138.306,70,1935
1773180594.6905887,qwen2.5-3b-instruct-q4_k_m.gguf,4334.2265625,159.358,70,1920
1773180595.1973171,qwen2.5-3b-instruct-q4_k_m.gguf,4334.2265625,249.263,75,1920
1773180595.7079413,qwen2.5-3b-instruct-q4_k_m.gguf,1858.1875,312.585,75,1935
1773180596.2246275,qwen2.5-3b-instruct-q4_k_m.gguf,1858.1875,223.736,71,1935
1773180596.7306757,qwen2.5-3b-instruct-q4_k_m.gguf,2082.2265625,139.156,70,1935
1773180597.2402678,qwen2.5-3b-instruct-q4_k_m.gguf,3907.3515625,138.836,70,1935
1773180597.7463977,qwen2.5-3b-instruct-q4_k_m.gguf,4323.3515625,168.273,70,1920
1773180598.252527,qwen2.5-3b-instruct-q4_k_m.gguf,4323.3515625,257.682,74,1920
1773180598.7661748,qwen2.5-3b-instruct-q4_k_m.gguf,1858.1875,322.258,75,1935
1773180599.2828407,qwen2.5-3b-instruct-q4_k_m.gguf,1858.1875,233.98,72,1935
1773180599.7892222,qwen2.5-3b-instruct-q4_k_m.gguf,2082.2265625,144.584,71,1935
1773180600.3055906,qwen2.5-3b-instruct-q4_k_m.gguf,3918.2265625,138.994,70,1935
1773180600.812214,qwen2.5-3b-instruct-q4_k_m.gguf,4334.2265625,169.665,74,1935
1773180601.323214,qwen2.5-3b-instruct-q4_k_m.gguf,4323.3515625,259.019,75,1920
1773180601.830521,qwen2.5-3b-instruct-q4_k_m.gguf,2102.2265625,322.684,73,1935
1773180602.3473744,qwen2.5-3b-instruct-q4_k_m.gguf,1858.1875,232.923,71,1935
1773180602.853949,qwen2.5-3b-instruct-q4_k_m.gguf,2071.3515625,143.868,70,1935
1773180603.3609452,qwen2.5-3b-instruct-q4_k_m.gguf,3918.2265625,138.891,70,1935
1773180603.8669617,qwen2.5-3b-instruct-q4_k_m.gguf,4334.2265625,161.163,74,1920
1773180604.3735542,qwen2.5-3b-instruct-q4_k_m.gguf,4323.3515625,250.481,75,1920
1773180604.8817964,qwen2.5-3b-instruct-q4_k_m.gguf,1859.3515625,328.9,74,1935
1773180605.3990562,qwen2.5-3b-instruct-q4_k_m.gguf,1858.1875,223.177,71,1935
1773180605.9053476,qwen2.5-3b-instruct-q4_k_m.gguf,2071.3515625,138.957,70,1935
1773180606.4129002,qwen2.5-3b-instruct-q4_k_m.gguf,3918.2265625,139.241,70,1935
1773180606.9195874,qwen2.5-3b-instruct-q4_k_m.gguf,4323.3515625,170.135,72,1920
1773180607.4257166,qwen2.5-3b-instruct-q4_k_m.gguf,4334.2265625,258.783,75,1920
1773180607.9375527,qwen2.5-3b-instruct-q4_k_m.gguf,1859.3515625,320.347,76,1935
1773180608.4573603,qwen2.5-3b-instruct-q4_k_m.gguf,1869.0625,232.055,71,1935
1773180608.963313,qwen2.5-3b-instruct-q4_k_m.gguf,2082.2265625,142.451,70,1935
1773180609.4702313,qwen2.5-3b-instruct-q4_k_m.gguf,3909.4140625,138.475,70,1935
1773180609.9786937,qwen2.5-3b-instruct-q4_k_m.gguf,4323.3515625,153.352,70,1920
1773180610.485194,qwen2.5-3b-instruct-q4_k_m.gguf,4334.2265625,242.178,75,1920
1773180610.991783,qwen2.5-3b-instruct-q4_k_m.gguf,2107.3515625,327.274,76,1935
1773180611.5088,qwen2.5-3b-instruct-q4_k_m.gguf,1858.1875,231.466,71,1935
1773180612.0161092,qwen2.5-3b-instruct-q4_k_m.gguf,2082.2265625,142.033,70,1935
1773180612.5228384,qwen2.5-3b-instruct-q4_k_m.gguf,3918.2265625,138.813,70,1935
1773180613.029362,qwen2.5-3b-instruct-q4_k_m.gguf,4323.3515625,170.261,70,1920
1773180613.5394747,qwen2.5-3b-instruct-q4_k_m.gguf,4334.2265625,258.687,75,1920
1773180614.0476809,qwen2.5-3b-instruct-q4_k_m.gguf,1859.3515625,321.726,76,1935
1773180614.5644076,qwen2.5-3b-instruct-q4_k_m.gguf,1869.0625,233.071,71,1935
1773180615.070832,qwen2.5-3b-instruct-q4_k_m.gguf,2071.3515625,144.117,70,1935
1773180615.5771387,qwen2.5-3b-instruct-q4_k_m.gguf,3918.2265625,138.733,70,1935
1773180616.0836184,qwen2.5-3b-instruct-q4_k_m.gguf,4334.2265625,148.955,70,1845
1773180616.5900981,qwen2.5-3b-instruct-q4_k_m.gguf,4323.3515625,232.83,74,1920
1773180617.0965831,qwen2.5-3b-instruct-q4_k_m.gguf,2118.2265625,314.414,75,1935
1773180631.909334,qwen2.5-3b-instruct-q4_k_m.gguf,1875.125,138.069,70,1935
1773180632.4154844,qwen2.5-3b-instruct-q4_k_m.gguf,2098.1015625,136.763,70,1815
1773180632.9222217,qwen2.5-3b-instruct-q4_k_m.gguf,3923.2265625,128.093,69,1815
1773180633.4291341,qwen2.5-3b-instruct-q4_k_m.gguf,3922.8515625,119.026,69,1815
1773180633.935537,qwen2.5-3b-instruct-q4_k_m.gguf,4546.8515625,127.684,69,1920
1773180634.4423923,qwen2.5-3b-instruct-q4_k_m.gguf,4550.2265625,223.82,75,1920
1773180634.9522939,qwen2.5-3b-instruct-q4_k_m.gguf,2471.3515625,320.57,75,1935
1773180635.4689267,qwen2.5-3b-instruct-q4_k_m.gguf,1858.1875,251.814,71,1935
1773180635.975591,qwen2.5-3b-instruct-q4_k_m.gguf,2082.2265625,163.246,70,1935
1773180636.4829154,qwen2.5-3b-instruct-q4_k_m.gguf,3918.2265625,138.476,70,1935
1773180636.9914706,qwen2.5-3b-instruct-q4_k_m.gguf,4550.2265625,158.013,70,1920
1773180637.4975846,qwen2.5-3b-instruct-q4_k_m.gguf,4550.2265625,246.824,75,1920
1773180638.0102804,qwen2.5-3b-instruct-q4_k_m.gguf,2162.2265625,330.266,75,1935
1773180638.5286913,qwen2.5-3b-instruct-q4_k_m.gguf,1858.1875,244.363,71,1935
1773180639.0350568,qwen2.5-3b-instruct-q4_k_m.gguf,2082.2265625,155.053,70,1935
1773180639.5424824,qwen2.5-3b-instruct-q4_k_m.gguf,3918.2265625,138.268,70,1935
1773180640.04875,qwen2.5-3b-instruct-q4_k_m.gguf,4550.2265625,150.351,70,1875
1773180640.5557225,qwen2.5-3b-instruct-q4_k_m.gguf,4539.3515625,235.834,75,1920
1773180641.0622942,qwen2.5-3b-instruct-q4_k_m.gguf,2107.3515625,319.391,75,1935
1773180641.5794275,qwen2.5-3b-instruct-q4_k_m.gguf,1858.1875,249.416,71,1935
1773180642.086704,qwen2.5-3b-instruct-q4_k_m.gguf,2082.2265625,142.979,70,1935
1773180642.592928,qwen2.5-3b-instruct-q4_k_m.gguf,3918.2265625,138.854,70,1935
1773180643.0994,qwen2.5-3b-instruct-q4_k_m.gguf,4550.2265625,163.863,70,1920
1773180643.6089282,qwen2.5-3b-instruct-q4_k_m.gguf,4539.3515625,252.642,75,1920
1773180644.1150692,qwen2.5-3b-instruct-q4_k_m.gguf,2118.2265625,327.597,76,1935
1773180644.6337032,qwen2.5-3b-instruct-q4_k_m.gguf,1858.1875,238.103,71,1935
1773180645.14026,qwen2.5-3b-instruct-q4_k_m.gguf,2082.2265625,148.96,70,1935
1773180645.647039,qwen2.5-3b-instruct-q4_k_m.gguf,3907.3515625,138.557,70,1935
1773180646.153191,qwen2.5-3b-instruct-q4_k_m.gguf,4550.2265625,158.35,70,1920
1773180646.6597376,qwen2.5-3b-instruct-q4_k_m.gguf,4539.3515625,247.487,74,1920
1773180647.1657295,qwen2.5-3b-instruct-q4_k_m.gguf,2107.3515625,330.268,75,1935
1773180647.68461,qwen2.5-3b-instruct-q4_k_m.gguf,1858.1875,225.898,71,1935
1773180648.1908112,qwen2.5-3b-instruct-q4_k_m.gguf,2082.2265625,138.712,70,1935
1773180648.697986,qwen2.5-3b-instruct-q4_k_m.gguf,3907.3515625,138.863,70,1935
1773180649.2072177,qwen2.5-3b-instruct-q4_k_m.gguf,4550.2265625,168.678,70,1920
1773180649.713258,qwen2.5-3b-instruct-q4_k_m.gguf,4550.2265625,257.914,74,1920
1773180650.2264354,qwen2.5-3b-instruct-q4_k_m.gguf,2099.3515625,321.228,75,1935
1773180650.7428894,qwen2.5-3b-instruct-q4_k_m.gguf,1858.1875,232.612,72,1935
1773180651.248832,qwen2.5-3b-instruct-q4_k_m.gguf,2071.3515625,143.509,70,1935
1773180651.7554536,qwen2.5-3b-instruct-q4_k_m.gguf,3918.2265625,138.478,70,1935
1773180652.264569,qwen2.5-3b-instruct-q4_k_m.gguf,4539.3515625,159.599,70,1920
1773180652.7709107,qwen2.5-3b-instruct-q4_k_m.gguf,4539.3515625,249.132,74,1920
1773180653.2782156,qwen2.5-3b-instruct-q4_k_m.gguf,1870.2265625,328.711,75,1935
1773180653.7950947,qwen2.5-3b-instruct-q4_k_m.gguf,1869.0625,224.318,72,1935
1773180654.3025737,qwen2.5-3b-instruct-q4_k_m.gguf,2071.3515625,138.949,70,1935
1773180654.8088489,qwen2.5-3b-instruct-q4_k_m.gguf,3929.1015625,138.671,70,1935
1773180655.3154833,qwen2.5-3b-instruct-q4_k_m.gguf,4539.3515625,170.315,74,1920
1773180655.8231435,qwen2.5-3b-instruct-q4_k_m.gguf,4539.3515625,259.452,75,1920
1773180656.3311355,qwen2.5-3b-instruct-q4_k_m.gguf,1859.3515625,321.983,72,1935
1773180656.8478656,qwen2.5-3b-instruct-q4_k_m.gguf,1858.1875,232.546,71,1935
1773180657.3542287,qwen2.5-3b-instruct-q4_k_m.gguf,2071.3515625,143.43,70,1935
1773180657.860921,qwen2.5-3b-instruct-q4_k_m.gguf,3918.2265625,138.796,70,1935
1773180658.3670318,qwen2.5-3b-instruct-q4_k_m.gguf,4539.3515625,160.196,74,1920
1773180658.8737335,qwen2.5-3b-instruct-q4_k_m.gguf,4539.3515625,249.893,75,1920
1773180659.3821476,qwen2.5-3b-instruct-q4_k_m.gguf,1859.3515625,312.379,74,1935
1773180659.900022,qwen2.5-3b-instruct-q4_k_m.gguf,1858.1875,223.454,71,1935
1773180660.4061048,qwen2.5-3b-instruct-q4_k_m.gguf,2071.3515625,138.922,70,1935
1773180660.913124,qwen2.5-3b-instruct-q4_k_m.gguf,3918.2890625,138.752,70,1935
1773180661.4196815,qwen2.5-3b-instruct-q4_k_m.gguf,4550.2890625,163.325,72,1920
1773180661.9258745,qwen2.5-3b-instruct-q4_k_m.gguf,4539.4140625,253.198,75,1920
1773180662.4325833,qwen2.5-3b-instruct-q4_k_m.gguf,2107.4140625,328.118,75,1935
1773180668.6566777,qwen2.5-3b-instruct-q5_k_m.gguf,1880.625,187.645,70,1935
1773180669.16303,qwen2.5-3b-instruct-q5_k_m.gguf,2077.0390625,151.111,69,1935
1773180669.6703885,qwen2.5-3b-instruct-q5_k_m.gguf,4189.4140625,137.607,69,1935
1773180670.1804614,qwen2.5-3b-instruct-q5_k_m.gguf,4562.2890625,162.053,69,1920
1773180670.6867127,qwen2.5-3b-instruct-q5_k_m.gguf,4551.4140625,253.426,74,1920
1773180671.199165,qwen2.5-3b-instruct-q5_k_m.gguf,4551.4140625,337.976,75,1920
1773180671.7163112,qwen2.5-3b-instruct-q5_k_m.gguf,1858.25,257.321,73,1935
1773180672.2223227,qwen2.5-3b-instruct-q5_k_m.gguf,2082.2890625,166.31,70,1935
1773180672.729406,qwen2.5-3b-instruct-q5_k_m.gguf,4200.2890625,138.249,70,1935
1773180673.2353613,qwen2.5-3b-instruct-q5_k_m.gguf,4562.2890625,146.802,70,1920
1773180673.741235,qwen2.5-3b-instruct-q5_k_m.gguf,4562.2890625,238.531,74,1920
1773180674.2475486,qwen2.5-3b-instruct-q5_k_m.gguf,4551.4140625,328.13,75,1920
1773180674.76518,qwen2.5-3b-instruct-q5_k_m.gguf,1858.25,273.621,76,1935
1773180675.2752478,qwen2.5-3b-instruct-q5_k_m.gguf,2082.2890625,164.139,70,1935
1773180675.7814088,qwen2.5-3b-instruct-q5_k_m.gguf,4189.4140625,138.047,70,1935
1773180676.2941432,qwen2.5-3b-instruct-q5_k_m.gguf,4551.4140625,141.365,70,1935
1773180676.8008945,qwen2.5-3b-instruct-q5_k_m.gguf,4551.4140625,228.04,71,1920
1773180677.3072612,qwen2.5-3b-instruct-q5_k_m.gguf,4562.2890625,317.364,75,1905
1773180677.8239038,qwen2.5-3b-instruct-q5_k_m.gguf,1858.25,281.689,71,1935
1773180678.3336697,qwen2.5-3b-instruct-q5_k_m.gguf,2071.4140625,190.745,70,1935
1773180678.8399873,qwen2.5-3b-instruct-q5_k_m.gguf,4189.4140625,138.379,70,1935
1773180679.3465345,qwen2.5-3b-instruct-q5_k_m.gguf,4551.4140625,145.968,72,1920
1773180679.8564386,qwen2.5-3b-instruct-q5_k_m.gguf,4551.4140625,237.371,75,1905
1773180680.3631296,qwen2.5-3b-instruct-q5_k_m.gguf,4551.4140625,324.557,76,1920
1773180680.8806705,qwen2.5-3b-instruct-q5_k_m.gguf,1858.25,256.69,71,1935
1773180681.387115,qwen2.5-3b-instruct-q5_k_m.gguf,2071.4140625,165.655,70,1935
1773180681.8936994,qwen2.5-3b-instruct-q5_k_m.gguf,4189.4140625,138.689,70,1935
1773180682.3996673,qwen2.5-3b-instruct-q5_k_m.gguf,4562.2890625,158.305,71,1920
1773180682.9060917,qwen2.5-3b-instruct-q5_k_m.gguf,4551.4140625,250.158,75,1920
1773180683.4122984,qwen2.5-3b-instruct-q5_k_m.gguf,4562.2890625,336.377,75,1920
1773180683.9317245,qwen2.5-3b-instruct-q5_k_m.gguf,1858.25,260.666,71,1935
1773180684.4377284,qwen2.5-3b-instruct-q5_k_m.gguf,2082.2890625,170.248,70,1935
1773180684.9446068,qwen2.5-3b-instruct-q5_k_m.gguf,4189.4140625,138.388,70,1935
1773180685.454768,qwen2.5-3b-instruct-q5_k_m.gguf,4562.2890625,143.511,70,1920
1773180685.9613957,qwen2.5-3b-instruct-q5_k_m.gguf,4562.2890625,234.427,75,1920
1773180686.4715831,qwen2.5-3b-instruct-q5_k_m.gguf,4562.2890625,337.165,76,1920
1773180686.990613,qwen2.5-3b-instruct-q5_k_m.gguf,1869.125,260.95,71,1935
1773180687.4967635,qwen2.5-3b-instruct-q5_k_m.gguf,2082.2890625,171.125,71,1935
1773180688.004823,qwen2.5-3b-instruct-q5_k_m.gguf,4189.4140625,139.215,70,1935
1773180688.5112283,qwen2.5-3b-instruct-q5_k_m.gguf,4562.2890625,158.08,70,1920
1773180689.017341,qwen2.5-3b-instruct-q5_k_m.gguf,4562.2890625,249.972,75,1920
1773180689.5238705,qwen2.5-3b-instruct-q5_k_m.gguf,4551.4140625,335.984,76,1920
1773180690.0404577,qwen2.5-3b-instruct-q5_k_m.gguf,1858.25,261.266,71,1935
1773180690.5494576,qwen2.5-3b-instruct-q5_k_m.gguf,2082.2890625,169.978,71,1935
1773180691.0560808,qwen2.5-3b-instruct-q5_k_m.gguf,4189.4140625,138.229,70,1935
1773180691.5629003,qwen2.5-3b-instruct-q5_k_m.gguf,4551.4140625,144.649,70,1920
1773180692.074287,qwen2.5-3b-instruct-q5_k_m.gguf,4562.2890625,254.348,75,1905
1773180692.580411,qwen2.5-3b-instruct-q5_k_m.gguf,4551.4140625,337.125,76,1905
1773180693.0972595,qwen2.5-3b-instruct-q5_k_m.gguf,1858.25,254.685,72,1935
1773180693.6040452,qwen2.5-3b-instruct-q5_k_m.gguf,2071.4140625,164.804,71,1935
1773180694.1104655,qwen2.5-3b-instruct-q5_k_m.gguf,4189.4140625,138.711,70,1935
1773180694.6165135,qwen2.5-3b-instruct-q5_k_m.gguf,4551.4140625,149.213,70,1920
1773180695.123124,qwen2.5-3b-instruct-q5_k_m.gguf,4551.4140625,240.704,75,1920
1773180695.6318521,qwen2.5-3b-instruct-q5_k_m.gguf,4562.2890625,328.098,76,1905
1773180696.1487825,qwen2.5-3b-instruct-q5_k_m.gguf,1858.25,272.29,73,1935
1773180696.6551824,qwen2.5-3b-instruct-q5_k_m.gguf,2071.4140625,181.477,71,1935
1773180697.1626074,qwen2.5-3b-instruct-q5_k_m.gguf,4200.2890625,138.823,70,1935
1773180697.6694906,qwen2.5-3b-instruct-q5_k_m.gguf,4562.2890625,162.268,70,1920
1773180698.175487,qwen2.5-3b-instruct-q5_k_m.gguf,4551.4140625,253.894,75,1920
1773180698.6820476,qwen2.5-3b-instruct-q5_k_m.gguf,4551.4140625,336.932,76,1920
1773180703.6320717,qwen2.5-3b-instruct-q5_k_m.gguf,1896.1875,241.868,72,1935
1773180704.1385367,qwen2.5-3b-instruct-q5_k_m.gguf,2098.4765625,166.563,71,1935
1773180704.6450567,qwen2.5-3b-instruct-q5_k_m.gguf,4205.6015625,138.427,70,1935
1773180705.1512883,qwen2.5-3b-instruct-q5_k_m.gguf,4612.9140625,145.219,70,1920
1773180705.6581163,qwen2.5-3b-instruct-q5_k_m.gguf,4616.2890625,235.684,75,1920
1773180706.1673963,qwen2.5-3b-instruct-q5_k_m.gguf,4616.2890625,337.579,76,1905
1773180706.6852546,qwen2.5-3b-instruct-q5_k_m.gguf,1858.25,258.825,73,1935
1773180707.1910877,qwen2.5-3b-instruct-q5_k_m.gguf,2071.4140625,168.197,71,1935
1773180707.6982057,qwen2.5-3b-instruct-q5_k_m.gguf,4200.2890625,138.659,71,1935
1773180708.2043204,qwen2.5-3b-instruct-q5_k_m.gguf,4616.2890625,142.95,70,1935
1773180708.7102702,qwen2.5-3b-instruct-q5_k_m.gguf,4605.4140625,232.596,74,1920
1773180709.2168057,qwen2.5-3b-instruct-q5_k_m.gguf,4616.2890625,321.944,76,1920
1773180709.7339454,qwen2.5-3b-instruct-q5_k_m.gguf,1858.25,280.097,76,1935
1773180710.2427297,qwen2.5-3b-instruct-q5_k_m.gguf,2071.4140625,189.337,71,1935
1773180710.749169,qwen2.5-3b-instruct-q5_k_m.gguf,4189.4140625,138.918,71,1935
1773180711.2560253,qwen2.5-3b-instruct-q5_k_m.gguf,4616.2890625,142.808,70,1920
1773180711.766095,qwen2.5-3b-instruct-q5_k_m.gguf,4616.2890625,246.645,74,1920
1773180712.2723887,qwen2.5-3b-instruct-q5_k_m.gguf,4605.4140625,333.245,76,1920
1773180712.790567,qwen2.5-3b-instruct-q5_k_m.gguf,1869.125,267.568,76,1935
1773180713.2971337,qwen2.5-3b-instruct-q5_k_m.gguf,2071.4140625,176.856,71,1935
1773180713.80371,qwen2.5-3b-instruct-q5_k_m.gguf,3415.4140625,138.38,71,1935
1773180714.3095396,qwen2.5-3b-instruct-q5_k_m.gguf,4574.2890625,139.16,70,1815
1773180714.816643,qwen2.5-3b-instruct-q5_k_m.gguf,4605.4140625,181.782,75,1920
1773180715.3233364,qwen2.5-3b-instruct-q5_k_m.gguf,4605.4140625,272.194,76,1920
1773180715.844004,qwen2.5-3b-instruct-q5_k_m.gguf,1869.125,310.454,72,1935
1773180716.350604,qwen2.5-3b-instruct-q5_k_m.gguf,2071.4140625,222.217,71,1935
1773180716.8611884,qwen2.5-3b-instruct-q5_k_m.gguf,4189.4140625,139.338,71,1935
1773180717.367576,qwen2.5-3b-instruct-q5_k_m.gguf,4605.4140625,147.826,71,1935
1773180717.8743336,qwen2.5-3b-instruct-q5_k_m.gguf,4605.4140625,238.823,75,1920
1773180718.380654,qwen2.5-3b-instruct-q5_k_m.gguf,4616.2890625,327.781,76,1920
1773180718.9000304,qwen2.5-3b-instruct-q5_k_m.gguf,1858.25,274.211,72,1935
1773180719.4061909,qwen2.5-3b-instruct-q5_k_m.gguf,2082.2890625,183.586,71,1935
1773180719.913565,qwen2.5-3b-instruct-q5_k_m.gguf,4189.4140625,139.048,71,1935
1773180720.4234145,qwen2.5-3b-instruct-q5_k_m.gguf,4616.2890625,152.294,72,1920
1773180720.9296806,qwen2.5-3b-instruct-q5_k_m.gguf,4616.2890625,244.616,76,1920
1773180721.439412,qwen2.5-3b-instruct-q5_k_m.gguf,4616.2890625,331.512,76,1920
1773180721.9589264,qwen2.5-3b-instruct-q5_k_m.gguf,1858.25,249.18,72,1935
1773180722.4649363,qwen2.5-3b-instruct-q5_k_m.gguf,2082.2890625,159.245,71,1935
1773180722.9716241,qwen2.5-3b-instruct-q5_k_m.gguf,4189.4140625,138.824,71,1935
1773180723.48191,qwen2.5-3b-instruct-q5_k_m.gguf,4616.2890625,148.474,71,1920
1773180723.98795,qwen2.5-3b-instruct-q5_k_m.gguf,4605.4140625,239.658,75,1920
1773180724.501009,qwen2.5-3b-instruct-q5_k_m.gguf,4605.4140625,327.862,76,1905
1773180725.0180814,qwen2.5-3b-instruct-q5_k_m.gguf,1858.25,273.685,72,1935
1773180725.5239983,qwen2.5-3b-instruct-q5_k_m.gguf,2082.2890625,183.209,71,1935
1773180726.030912,qwen2.5-3b-instruct-q5_k_m.gguf,4200.2890625,139.427,71,1935
1773180726.5375185,qwen2.5-3b-instruct-q5_k_m.gguf,4627.1640625,146.695,71,1920
1773180727.0437174,qwen2.5-3b-instruct-q5_k_m.gguf,4605.4140625,238.226,76,1905
1773180727.550345,qwen2.5-3b-instruct-q5_k_m.gguf,4605.4140625,327.358,76,1920
1773180728.0668523,qwen2.5-3b-instruct-q5_k_m.gguf,1858.25,256.049,72,1935
1773180728.5765421,qwen2.5-3b-instruct-q5_k_m.gguf,2071.4140625,165.693,71,1935
1773180729.0828302,qwen2.5-3b-instruct-q5_k_m.gguf,4200.2890625,139.29,71,1935
1773180729.589285,qwen2.5-3b-instruct-q5_k_m.gguf,4616.2890625,152.823,71,1920
1773180730.0994027,qwen2.5-3b-instruct-q5_k_m.gguf,4605.4140625,243.38,75,1920
1773180730.6054654,qwen2.5-3b-instruct-q5_k_m.gguf,4605.4140625,331.475,76,1905
1773180731.1229236,qwen2.5-3b-instruct-q5_k_m.gguf,1858.25,270.41,73,1935
1773180731.6293418,qwen2.5-3b-instruct-q5_k_m.gguf,2071.4140625,179.592,71,1935
1773180732.1359859,qwen2.5-3b-instruct-q5_k_m.gguf,4189.4140625,139.053,71,1935
1773180732.64174,qwen2.5-3b-instruct-q5_k_m.gguf,4605.4140625,145.622,71,1920
1773180733.1482663,qwen2.5-3b-instruct-q5_k_m.gguf,4616.2890625,237.526,75,1920
1773180733.6556952,qwen2.5-3b-instruct-q5_k_m.gguf,4605.4140625,338.552,76,1920
1773180748.6409605,qwen2.5-3b-instruct-q5_k_m.gguf,1869.125,138.436,71,1935
1773180749.1498299,qwen2.5-3b-instruct-q5_k_m.gguf,2082.2890625,137.198,71,1815
1773180749.6563191,qwen2.5-3b-instruct-q5_k_m.gguf,4200.2890625,128.843,70,1935
1773180750.1626153,qwen2.5-3b-instruct-q5_k_m.gguf,4832.2890625,139.909,71,1920
1773180750.6727567,qwen2.5-3b-instruct-q5_k_m.gguf,4832.2890625,239.628,75,1920
1773180751.179129,qwen2.5-3b-instruct-q5_k_m.gguf,4832.2890625,329.625,76,1920
1773180751.6964612,qwen2.5-3b-instruct-q5_k_m.gguf,1869.125,272.759,76,1935
1773180752.2029903,qwen2.5-3b-instruct-q5_k_m.gguf,2082.2890625,183.062,72,1935
1773180752.7100446,qwen2.5-3b-instruct-q5_k_m.gguf,4189.4140625,139.043,71,1935
1773180753.216252,qwen2.5-3b-instruct-q5_k_m.gguf,4818.2890625,139.762,71,1935
1773180753.7227938,qwen2.5-3b-instruct-q5_k_m.gguf,4832.2890625,210.661,73,1920
1773180754.231733,qwen2.5-3b-instruct-q5_k_m.gguf,4821.4140625,300.978,76,1905
1773180754.7493536,qwen2.5-3b-instruct-q5_k_m.gguf,1869.125,283.842,76,1935
1773180755.2556536,qwen2.5-3b-instruct-q5_k_m.gguf,2082.2890625,192.642,72,1935
1773180755.7624993,qwen2.5-3b-instruct-q5_k_m.gguf,4200.2890625,139.536,72,1935
1773180756.268503,qwen2.5-3b-instruct-q5_k_m.gguf,4832.2890625,143.592,71,1935
1773180756.7746873,qwen2.5-3b-instruct-q5_k_m.gguf,4832.2890625,233.813,74,1920
1773180757.2814183,qwen2.5-3b-instruct-q5_k_m.gguf,4832.2890625,321.456,76,1905
1773180757.798802,qwen2.5-3b-instruct-q5_k_m.gguf,1869.125,278.38,77,1935
1773180758.3074152,qwen2.5-3b-instruct-q5_k_m.gguf,2071.4140625,189.164,72,1935
1773180758.8140488,qwen2.5-3b-instruct-q5_k_m.gguf,4200.2890625,139.614,71,1935
1773180759.3207905,qwen2.5-3b-instruct-q5_k_m.gguf,4821.4140625,140.778,72,1935
1773180759.826842,qwen2.5-3b-instruct-q5_k_m.gguf,4821.4140625,221.88,76,1920
1773180760.333347,qwen2.5-3b-instruct-q5_k_m.gguf,4832.2890625,311.647,77,1905
1773180760.8513603,qwen2.5-3b-instruct-q5_k_m.gguf,1858.25,273.358,72,1935
1773180761.3582873,qwen2.5-3b-instruct-q5_k_m.gguf,2082.2890625,182.568,72,1935
1773180761.8651655,qwen2.5-3b-instruct-q5_k_m.gguf,4066.2890625,139.225,71,1935
1773180762.3715413,qwen2.5-3b-instruct-q5_k_m.gguf,4790.4765625,139.943,71,1935
1773180762.8781896,qwen2.5-3b-instruct-q5_k_m.gguf,4821.6015625,205.214,76,1920
1773180763.3868675,qwen2.5-3b-instruct-q5_k_m.gguf,4821.6015625,293.856,76,1905
1773180763.906334,qwen2.5-3b-instruct-q5_k_m.gguf,1858.4375,306.543,73,1935
1773180764.412332,qwen2.5-3b-instruct-q5_k_m.gguf,2082.4765625,216.509,72,1935
1773180764.919585,qwen2.5-3b-instruct-q5_k_m.gguf,4200.4765625,140.122,71,1935
1773180765.4276319,qwen2.5-3b-instruct-q5_k_m.gguf,4832.4765625,144.184,72,1920
1773180765.9344137,qwen2.5-3b-instruct-q5_k_m.gguf,4821.6015625,232.356,76,1905
1773180766.4472437,qwen2.5-3b-instruct-q5_k_m.gguf,4821.6015625,334.029,77,1920
1773180766.9645283,qwen2.5-3b-instruct-q5_k_m.gguf,1869.3125,261.572,73,1935
1773180767.4706802,qwen2.5-3b-instruct-q5_k_m.gguf,2082.4765625,172.879,72,1935
1773180767.9775486,qwen2.5-3b-instruct-q5_k_m.gguf,4189.6015625,139.802,72,1935
1773180768.483814,qwen2.5-3b-instruct-q5_k_m.gguf,4832.4765625,143.307,71,1935
1773180768.9900107,qwen2.5-3b-instruct-q5_k_m.gguf,4832.4765625,229.601,76,1920
1773180769.4966247,qwen2.5-3b-instruct-q5_k_m.gguf,4832.4765625,318.427,77,1920
1773180770.0136704,qwen2.5-3b-instruct-q5_k_m.gguf,1869.3125,283.746,73,1935
1773180770.5223157,qwen2.5-3b-instruct-q5_k_m.gguf,2071.6015625,192.704,72,1935
1773180771.0288973,qwen2.5-3b-instruct-q5_k_m.gguf,4200.4765625,139.356,72,1935
1773180771.5354428,qwen2.5-3b-instruct-q5_k_m.gguf,4832.4765625,141.214,71,1935
1773180772.042638,qwen2.5-3b-instruct-q5_k_m.gguf,4821.6015625,238.541,76,1920
1773180772.5489142,qwen2.5-3b-instruct-q5_k_m.gguf,4832.4765625,327.352,77,1905
1773180773.0664825,qwen2.5-3b-instruct-q5_k_m.gguf,1858.4375,273.792,74,1935
1773180773.5727534,qwen2.5-3b-instruct-q5_k_m.gguf,2071.6015625,183.026,72,1935
1773180774.081546,qwen2.5-3b-instruct-q5_k_m.gguf,4200.4765625,139.72,72,1935
1773180774.5877483,qwen2.5-3b-instruct-q5_k_m.gguf,4832.4765625,154.313,71,1920
1773180775.0942914,qwen2.5-3b-instruct-q5_k_m.gguf,4821.6015625,245.432,76,1905
1773180775.602885,qwen2.5-3b-instruct-q5_k_m.gguf,4832.4765625,329.614,77,1905
1773180776.1206803,qwen2.5-3b-instruct-q5_k_m.gguf,1858.4375,265.981,73,1935
1773180776.626673,qwen2.5-3b-instruct-q5_k_m.gguf,2082.4765625,177.178,72,1935
1773180777.1337397,qwen2.5-3b-instruct-q5_k_m.gguf,4200.4765625,139.444,72,1935
1773180777.6406083,qwen2.5-3b-instruct-q5_k_m.gguf,4832.4765625,146.964,72,1935
1773180778.1468282,qwen2.5-3b-instruct-q5_k_m.gguf,4832.4765625,236.059,75,1905
1773180778.6536937,qwen2.5-3b-instruct-q5_k_m.gguf,4832.4765625,324.731,77,1905
1773180786.7069118,qwen2.5-3b-instruct-q8_0.gguf,1858.4375,174.367,71,1935
1773180787.2165997,qwen2.5-3b-instruct-q8_0.gguf,2082.4765625,137.51,71,1935
1773180787.72295,qwen2.5-3b-instruct-q8_0.gguf,2082.4765625,137.343,70,1935
1773180788.229956,qwen2.5-3b-instruct-q8_0.gguf,5199.6015625,134.234,70,1935
1773180788.7363257,qwen2.5-3b-instruct-q8_0.gguf,5572.4765625,141.807,70,1935
1773180789.242749,qwen2.5-3b-instruct-q8_0.gguf,5572.4765625,227.662,73,1935
1773180789.74965,qwen2.5-3b-instruct-q8_0.gguf,5561.6015625,310.23,75,1935
1773180790.2571223,qwen2.5-3b-instruct-q8_0.gguf,2118.4765625,314.079,76,1935
1773180790.7756326,qwen2.5-3b-instruct-q8_0.gguf,1869.3125,230.998,73,1935
1773180791.2816525,qwen2.5-3b-instruct-q8_0.gguf,2082.4765625,147.978,71,1935
1773180791.7873304,qwen2.5-3b-instruct-q8_0.gguf,2263.6015625,138.101,71,1935
1773180792.2949865,qwen2.5-3b-instruct-q8_0.gguf,5210.4765625,139.234,71,1935
1773180792.801078,qwen2.5-3b-instruct-q8_0.gguf,5561.6015625,164.065,71,1935
1773180793.307598,qwen2.5-3b-instruct-q8_0.gguf,5561.6015625,246.419,75,1935
1773180793.8192272,qwen2.5-3b-instruct-q8_0.gguf,5572.4765625,321.861,76,1935
1773180794.3365233,qwen2.5-3b-instruct-q8_0.gguf,1869.3125,279.115,72,1935
1773180794.842889,qwen2.5-3b-instruct-q8_0.gguf,2071.6015625,196.104,71,1935
1773180795.349392,qwen2.5-3b-instruct-q8_0.gguf,3735.6015625,138.606,71,1935
1773180795.855311,qwen2.5-3b-instruct-q8_0.gguf,5210.4765625,140.03,71,1935
1773180796.361365,qwen2.5-3b-instruct-q8_0.gguf,5561.6015625,186.669,75,1935
1773180796.8679879,qwen2.5-3b-instruct-q8_0.gguf,5561.6015625,268.452,76,1935
1773180797.3743896,qwen2.5-3b-instruct-q8_0.gguf,5561.6015625,323.103,76,1935
1773180797.8931172,qwen2.5-3b-instruct-q8_0.gguf,1869.3125,274.026,72,1935
1773180798.3993883,qwen2.5-3b-instruct-q8_0.gguf,2071.6015625,190.58,71,1935
1773180798.9056342,qwen2.5-3b-instruct-q8_0.gguf,3746.4765625,138.666,71,1935
1773180799.412609,qwen2.5-3b-instruct-q8_0.gguf,5221.3515625,140.241,71,1935
1773180799.9197967,qwen2.5-3b-instruct-q8_0.gguf,5561.6015625,182.065,75,1935
1773180800.4273398,qwen2.5-3b-instruct-q8_0.gguf,5561.6015625,264.33,76,1935
1773180800.9342632,qwen2.5-3b-instruct-q8_0.gguf,5561.6015625,323.792,76,1935
1773180801.451541,qwen2.5-3b-instruct-q8_0.gguf,1858.4375,262.595,72,1935
1773180801.957474,qwen2.5-3b-instruct-q8_0.gguf,2082.4765625,178.975,71,1935
1773180802.463902,qwen2.5-3b-instruct-q8_0.gguf,3927.6015625,138.766,71,1935
1773180802.9717226,qwen2.5-3b-instruct-q8_0.gguf,5210.4765625,140.202,71,1935
1773180803.4776819,qwen2.5-3b-instruct-q8_0.gguf,5561.6015625,181.065,74,1935
1773180803.9845479,qwen2.5-3b-instruct-q8_0.gguf,5561.6015625,263.006,76,1935
1773180804.4908102,qwen2.5-3b-instruct-q8_0.gguf,5561.6015625,323.268,76,1935
1773180805.010583,qwen2.5-3b-instruct-q8_0.gguf,1858.4375,280.422,73,1935
1773180805.5168204,qwen2.5-3b-instruct-q8_0.gguf,2082.4765625,196.845,72,1935
1773180806.023621,qwen2.5-3b-instruct-q8_0.gguf,3810.4765625,139.005,71,1935
1773180806.5301185,qwen2.5-3b-instruct-q8_0.gguf,5210.4765625,140.784,71,1935
1773180807.0363011,qwen2.5-3b-instruct-q8_0.gguf,5572.4765625,190.895,74,1935
1773180807.5431616,qwen2.5-3b-instruct-q8_0.gguf,5572.4765625,270.695,76,1935
1773180808.049695,qwen2.5-3b-instruct-q8_0.gguf,5572.4765625,321.585,76,1935
1773180808.5696497,qwen2.5-3b-instruct-q8_0.gguf,1858.4375,274.925,74,1935
1773180809.0759692,qwen2.5-3b-instruct-q8_0.gguf,2082.4765625,191.387,72,1935
1773180809.581955,qwen2.5-3b-instruct-q8_0.gguf,2594.4765625,139.094,71,1935
1773180810.088799,qwen2.5-3b-instruct-q8_0.gguf,5199.6015625,140.622,71,1935
1773180810.5949628,qwen2.5-3b-instruct-q8_0.gguf,5572.4765625,173.364,72,1935
1773180811.101386,qwen2.5-3b-instruct-q8_0.gguf,5572.4765625,254.947,76,1935
1773180811.6087186,qwen2.5-3b-instruct-q8_0.gguf,5572.4765625,322.199,76,1935
1773180812.1282542,qwen2.5-3b-instruct-q8_0.gguf,1858.4375,272.754,77,1935
1773180812.6341999,qwen2.5-3b-instruct-q8_0.gguf,2071.6015625,189.408,72,1935
1773180813.1406088,qwen2.5-3b-instruct-q8_0.gguf,4386.4765625,139.145,72,1935
1773180813.6475167,qwen2.5-3b-instruct-q8_0.gguf,5210.4765625,140.765,71,1935
1773180814.1538355,qwen2.5-3b-instruct-q8_0.gguf,5572.4765625,184.693,71,1935
1773180814.660316,qwen2.5-3b-instruct-q8_0.gguf,5572.4765625,266.065,76,1935
1773180815.1674263,qwen2.5-3b-instruct-q8_0.gguf,5561.6015625,322.719,76,1935
1773180815.6868725,qwen2.5-3b-instruct-q8_0.gguf,1869.3125,278.414,77,1935
1773180816.1929998,qwen2.5-3b-instruct-q8_0.gguf,2082.4765625,195.059,72,1935
1773180816.6994631,qwen2.5-3b-instruct-q8_0.gguf,3799.6015625,139.148,72,1935
1773180817.2064483,qwen2.5-3b-instruct-q8_0.gguf,5210.4765625,140.781,71,1935
1773180817.712751,qwen2.5-3b-instruct-q8_0.gguf,5572.4765625,178.608,71,1935
1773180818.2196593,qwen2.5-3b-instruct-q8_0.gguf,5572.4765625,260.118,76,1935
1773180818.729331,qwen2.5-3b-instruct-q8_0.gguf,5561.6015625,322.739,76,1935
1773180819.24608,qwen2.5-3b-instruct-q8_0.gguf,1869.3125,267.862,77,1935
1773180819.7521951,qwen2.5-3b-instruct-q8_0.gguf,2082.4765625,184.355,72,1935
1773180820.2584136,qwen2.5-3b-instruct-q8_0.gguf,3863.6015625,138.862,72,1935
1773180820.765544,qwen2.5-3b-instruct-q8_0.gguf,5199.6015625,140.771,72,1935
1773180821.271652,qwen2.5-3b-instruct-q8_0.gguf,5561.6015625,187.636,71,1935
1773180821.778017,qwen2.5-3b-instruct-q8_0.gguf,5561.6015625,269.323,76,1935
1773180822.284952,qwen2.5-3b-instruct-q8_0.gguf,5561.6640625,323.584,76,1935
1773180827.4829402,qwen2.5-3b-instruct-q8_0.gguf,1896.5,234.366,72,1935
1773180827.9889467,qwen2.5-3b-instruct-q8_0.gguf,2104.9140625,160.018,72,1935
1773180828.4954212,qwen2.5-3b-instruct-q8_0.gguf,3696.1015625,138.575,71,1935
1773180829.0022993,qwen2.5-3b-instruct-q8_0.gguf,5207.1640625,140.505,71,1935
1773180829.5086734,qwen2.5-3b-instruct-q8_0.gguf,5615.6640625,178.216,74,1935
1773180830.0156038,qwen2.5-3b-instruct-q8_0.gguf,5626.5390625,260.146,76,1935
1773180830.5221832,qwen2.5-3b-instruct-q8_0.gguf,5615.6640625,323.779,77,1935
1773180831.041682,qwen2.5-3b-instruct-q8_0.gguf,1858.5,267.772,73,1935
1773180831.5477118,qwen2.5-3b-instruct-q8_0.gguf,2082.5390625,183.68,72,1935
1773180832.0540876,qwen2.5-3b-instruct-q8_0.gguf,2914.5390625,138.551,72,1935
1773180832.561368,qwen2.5-3b-instruct-q8_0.gguf,5210.5390625,140.384,71,1935
1773180833.0674586,qwen2.5-3b-instruct-q8_0.gguf,5626.5390625,172.346,72,1935
1773180833.5741215,qwen2.5-3b-instruct-q8_0.gguf,5615.6640625,254.151,76,1935
1773180834.0808847,qwen2.5-3b-instruct-q8_0.gguf,5615.6640625,322.15,76,1935
1773180834.6024868,qwen2.5-3b-instruct-q8_0.gguf,1858.5,290.588,77,1935
1773180835.1088908,qwen2.5-3b-instruct-q8_0.gguf,2071.6640625,207.54,72,1935
1773180835.615767,qwen2.5-3b-instruct-q8_0.gguf,3362.5390625,139.351,72,1935
1773180836.1216362,qwen2.5-3b-instruct-q8_0.gguf,5199.6640625,140.693,72,1935
1773180836.6276076,qwen2.5-3b-instruct-q8_0.gguf,5626.5390625,190.656,72,1935
1773180837.1343915,qwen2.5-3b-instruct-q8_0.gguf,5615.6640625,273.046,76,1935
1773180837.64329,qwen2.5-3b-instruct-q8_0.gguf,5626.5390625,321.982,77,1920
1773180838.1601396,qwen2.5-3b-instruct-q8_0.gguf,1869.375,266.812,76,1935
1773180838.6662595,qwen2.5-3b-instruct-q8_0.gguf,2082.5390625,184.159,72,1935
1773180839.1728349,qwen2.5-3b-instruct-q8_0.gguf,3863.6640625,138.3,72,1935
1773180839.678813,qwen2.5-3b-instruct-q8_0.gguf,5199.6640625,140.26,72,1935
1773180840.1849575,qwen2.5-3b-instruct-q8_0.gguf,5626.5390625,180.423,71,1935
1773180840.691483,qwen2.5-3b-instruct-q8_0.gguf,5626.5390625,262.546,76,1935
1773180841.198371,qwen2.5-3b-instruct-q8_0.gguf,5615.6640625,323.861,77,1935
1773180841.7184253,qwen2.5-3b-instruct-q8_0.gguf,1869.375,265.058,77,1935
1773180842.2242973,qwen2.5-3b-instruct-q8_0.gguf,2082.5390625,181.143,72,1935
1773180842.730784,qwen2.5-3b-instruct-q8_0.gguf,3479.6640625,139.462,72,1935
1773180843.2374582,qwen2.5-3b-instruct-q8_0.gguf,5210.5390625,140.987,72,1935
1773180843.743394,qwen2.5-3b-instruct-q8_0.gguf,5626.5390625,172.754,71,1935
1773180844.249929,qwen2.5-3b-instruct-q8_0.gguf,5615.6640625,253.993,76,1935
1773180844.7579403,qwen2.5-3b-instruct-q8_0.gguf,5615.6640625,322.463,77,1935
1773180845.27895,qwen2.5-3b-instruct-q8_0.gguf,1869.375,290.841,77,1935
1773180845.7849417,qwen2.5-3b-instruct-q8_0.gguf,2071.6640625,207.815,73,1935
1773180846.2914457,qwen2.5-3b-instruct-q8_0.gguf,3991.6640625,139.174,72,1935
1773180846.79755,qwen2.5-3b-instruct-q8_0.gguf,5210.5390625,140.819,72,1935
1773180847.3040428,qwen2.5-3b-instruct-q8_0.gguf,5626.5390625,179.039,71,1935
1773180847.8111174,qwen2.5-3b-instruct-q8_0.gguf,5626.5390625,259.943,76,1935
1773180848.3185349,qwen2.5-3b-instruct-q8_0.gguf,5615.6640625,322.283,77,1935
1773180848.8377714,qwen2.5-3b-instruct-q8_0.gguf,1869.375,269.355,73,1935
1773180849.343702,qwen2.5-3b-instruct-q8_0.gguf,2082.5390625,186.204,72,1935
1773180849.8501034,qwen2.5-3b-instruct-q8_0.gguf,3927.6640625,139.229,72,1935
1773180850.356375,qwen2.5-3b-instruct-q8_0.gguf,5210.5390625,140.488,72,1935
1773180850.8624723,qwen2.5-3b-instruct-q8_0.gguf,5626.5390625,182.513,76,1935
1773180851.3694122,qwen2.5-3b-instruct-q8_0.gguf,5615.6640625,264.278,77,1935
1773180851.876045,qwen2.5-3b-instruct-q8_0.gguf,5626.5390625,322.593,77,1935
1773180852.394489,qwen2.5-3b-instruct-q8_0.gguf,1858.5,280.908,73,1935
1773180852.9007173,qwen2.5-3b-instruct-q8_0.gguf,2082.5390625,197.804,72,1935
1773180853.4074788,qwen2.5-3b-instruct-q8_0.gguf,3607.6640625,139.195,72,1935
1773180853.9138772,qwen2.5-3b-instruct-q8_0.gguf,5210.5390625,140.591,72,1935
1773180854.4201086,qwen2.5-3b-instruct-q8_0.gguf,5615.6640625,186.068,75,1935
1773180854.9267662,qwen2.5-3b-instruct-q8_0.gguf,5615.6640625,268.16,77,1935
1773180855.4339209,qwen2.5-3b-instruct-q8_0.gguf,5615.6640625,324.418,77,1920
1773180855.9537892,qwen2.5-3b-instruct-q8_0.gguf,1858.5,275.356,73,1935
1773180856.4597528,qwen2.5-3b-instruct-q8_0.gguf,2082.5390625,191.427,72,1935
1773180856.966145,qwen2.5-3b-instruct-q8_0.gguf,3746.5390625,139.649,72,1935
1773180857.4726548,qwen2.5-3b-instruct-q8_0.gguf,5210.5390625,141.227,72,1935
1773180857.9790275,qwen2.5-3b-instruct-q8_0.gguf,5626.5390625,184.235,75,1935
1773180858.4854138,qwen2.5-3b-instruct-q8_0.gguf,5615.6640625,266.151,77,1935
1773180858.9923525,qwen2.5-3b-instruct-q8_0.gguf,5626.5390625,323.236,77,1935
1773180859.5120976,qwen2.5-3b-instruct-q8_0.gguf,1858.5,263.069,74,1935
1773180860.0181143,qwen2.5-3b-instruct-q8_0.gguf,2082.5390625,179.627,72,1935
1773180860.52465,qwen2.5-3b-instruct-q8_0.gguf,4002.5390625,138.97,72,1935
1773180861.0319564,qwen2.5-3b-instruct-q8_0.gguf,5210.5390625,140.606,72,1935
1773180861.5377026,qwen2.5-3b-instruct-q8_0.gguf,5615.6640625,187.884,74,1935
1773180862.0442667,qwen2.5-3b-instruct-q8_0.gguf,5626.5390625,270.135,77,1935
1773180862.553472,qwen2.5-3b-instruct-q8_0.gguf,5626.6640625,321.955,77,1920
1773180877.0572639,qwen2.5-3b-instruct-q8_0.gguf,1854.3125,134.152,72,1935
1773180877.5678,qwen2.5-3b-instruct-q8_0.gguf,2067.4765625,132.969,72,1815
1773180878.0735874,qwen2.5-3b-instruct-q8_0.gguf,4755.4765625,124.65,71,1815
1773180878.5800226,qwen2.5-3b-instruct-q8_0.gguf,5195.4765625,122.784,71,1935
1773180879.0891767,qwen2.5-3b-instruct-q8_0.gguf,5827.4765625,166.853,72,1935
1773180879.595662,qwen2.5-3b-instruct-q8_0.gguf,5827.4765625,258.474,77,1935
1773180880.1070325,qwen2.5-3b-instruct-q8_0.gguf,5827.4765625,322.001,77,1905
1773180880.6247878,qwen2.5-3b-instruct-q8_0.gguf,1854.3125,248.917,74,1935
1773180881.1307304,qwen2.5-3b-instruct-q8_0.gguf,2067.4765625,166.196,72,1935
1773180881.6371875,qwen2.5-3b-instruct-q8_0.gguf,2259.4765625,135.041,72,1935
1773180882.1444826,qwen2.5-3b-instruct-q8_0.gguf,5195.4765625,136.606,72,1935
1773180882.6506553,qwen2.5-3b-instruct-q8_0.gguf,5827.4765625,165.816,71,1935
1773180883.15703,qwen2.5-3b-instruct-q8_0.gguf,5827.4765625,252.666,76,1935
1773180883.6677485,qwen2.5-3b-instruct-q8_0.gguf,5827.4765625,324.676,77,1905
1773180884.1847541,qwen2.5-3b-instruct-q8_0.gguf,1854.3125,272.331,77,1935
1773180884.6914358,qwen2.5-3b-instruct-q8_0.gguf,2067.4765625,187.173,72,1935
1773180885.1984828,qwen2.5-3b-instruct-q8_0.gguf,3027.4765625,135.188,72,1935
1773180885.7044835,qwen2.5-3b-instruct-q8_0.gguf,5195.4765625,136.701,72,1935
1773180886.2105627,qwen2.5-3b-instruct-q8_0.gguf,5827.4765625,183.42,71,1935
1773180886.7172017,qwen2.5-3b-instruct-q8_0.gguf,5827.4765625,270.881,77,1935
1773180887.2240045,qwen2.5-3b-instruct-q8_0.gguf,5827.4765625,321.613,77,1890
1773180887.7425337,qwen2.5-3b-instruct-q8_0.gguf,1854.3125,250.662,76,1935
1773180888.2484958,qwen2.5-3b-instruct-q8_0.gguf,2067.4765625,168.714,72,1935
1773180888.7550414,qwen2.5-3b-instruct-q8_0.gguf,4307.4765625,134.927,72,1935
1773180889.261806,qwen2.5-3b-instruct-q8_0.gguf,5195.4765625,136.663,72,1935
1773180889.767876,qwen2.5-3b-instruct-q8_0.gguf,5827.4765625,184.239,72,1935
1773180890.2745776,qwen2.5-3b-instruct-q8_0.gguf,5827.4765625,271.993,76,1935
1773180890.78346,qwen2.5-3b-instruct-q8_0.gguf,5827.4765625,320.552,77,1890
1773180891.3012927,qwen2.5-3b-instruct-q8_0.gguf,1854.3125,229.935,76,1935
1773180891.8070443,qwen2.5-3b-instruct-q8_0.gguf,2067.4765625,151.979,72,1935
1773180892.3135388,qwen2.5-3b-instruct-q8_0.gguf,5139.4765625,135.407,72,1935
1773180892.8213584,qwen2.5-3b-instruct-q8_0.gguf,5195.4765625,136.61,72,1935
1773180893.327294,qwen2.5-3b-instruct-q8_0.gguf,5827.4765625,182.196,76,1935
1773180893.833684,qwen2.5-3b-instruct-q8_0.gguf,5827.4765625,269.729,77,1935
1773180894.3421922,qwen2.5-3b-instruct-q8_0.gguf,5827.4765625,321.531,76,1890
1773180894.8599715,qwen2.5-3b-instruct-q8_0.gguf,1854.3125,251.754,73,1935
1773180895.3656454,qwen2.5-3b-instruct-q8_0.gguf,2067.4765625,169.825,72,1935
1773180895.8717666,qwen2.5-3b-instruct-q8_0.gguf,5195.4765625,134.921,72,1935
1773180896.379332,qwen2.5-3b-instruct-q8_0.gguf,5195.4765625,136.438,72,1935
1773180896.8854568,qwen2.5-3b-instruct-q8_0.gguf,5827.4765625,185.566,76,1935
1773180897.3922865,qwen2.5-3b-instruct-q8_0.gguf,5827.4765625,272.548,77,1935
1773180897.901647,qwen2.5-3b-instruct-q8_0.gguf,5827.4765625,318.434,77,1905
1773180898.418521,qwen2.5-3b-instruct-q8_0.gguf,1854.3125,231.711,72,1935
1773180898.9245288,qwen2.5-3b-instruct-q8_0.gguf,2067.4765625,152.945,72,1935
1773180899.4308343,qwen2.5-3b-instruct-q8_0.gguf,4499.4765625,134.887,72,1935
1773180899.9384007,qwen2.5-3b-instruct-q8_0.gguf,5195.4765625,136.543,72,1935
1773180900.4446208,qwen2.5-3b-instruct-q8_0.gguf,5827.4765625,184.65,76,1935
1773180900.9509003,qwen2.5-3b-instruct-q8_0.gguf,5827.4765625,271.681,77,1935
1773180901.4615295,qwen2.5-3b-instruct-q8_0.gguf,5827.4765625,320.891,76,1905
1773180901.978209,qwen2.5-3b-instruct-q8_0.gguf,1854.3125,250.298,73,1935
1773180902.4844434,qwen2.5-3b-instruct-q8_0.gguf,2067.4765625,168.859,72,1935
1773180902.9907994,qwen2.5-3b-instruct-q8_0.gguf,3795.4765625,135.026,72,1935
1773180903.496965,qwen2.5-3b-instruct-q8_0.gguf,5195.4765625,136.297,72,1935
1773180904.0031872,qwen2.5-3b-instruct-q8_0.gguf,5827.4765625,178.678,74,1935
1773180904.509684,qwen2.5-3b-instruct-q8_0.gguf,5827.4765625,266.363,77,1935
1773180905.0182214,qwen2.5-3b-instruct-q8_0.gguf,5827.4765625,321.609,76,1890
1773180905.5365026,qwen2.5-3b-instruct-q8_0.gguf,1854.3125,254.12,73,1935
1773180906.042462,qwen2.5-3b-instruct-q8_0.gguf,2067.4765625,172.039,72,1935
1773180906.548762,qwen2.5-3b-instruct-q8_0.gguf,4819.4765625,135.015,72,1935
1773180907.0557406,qwen2.5-3b-instruct-q8_0.gguf,5195.4765625,136.741,72,1935
1773180907.5617526,qwen2.5-3b-instruct-q8_0.gguf,5827.4765625,187.323,75,1935
1773180908.0685055,qwen2.5-3b-instruct-q8_0.gguf,5827.4765625,273.532,77,1935
1773180908.577354,qwen2.5-3b-instruct-q8_0.gguf,5827.4765625,322.391,77,1905
1773180909.0952427,qwen2.5-3b-instruct-q8_0.gguf,1854.3125,234.086,73,1935
1773180909.6011264,qwen2.5-3b-instruct-q8_0.gguf,2067.4765625,152.574,72,1935
1773180910.1074498,qwen2.5-3b-instruct-q8_0.gguf,5139.4765625,135.492,72,1935
1773180910.6144829,qwen2.5-3b-instruct-q8_0.gguf,5195.4765625,136.808,72,1935
1773180911.1204972,qwen2.5-3b-instruct-q8_0.gguf,5827.4765625,192.291,73,1935
1773180911.6273143,qwen2.5-3b-instruct-q8_0.gguf,5827.4765625,279.746,77,1935
1773180912.1361825,qwen2.5-3b-instruct-q8_0.gguf,5827.4765625,320.01,76,1890
