gpu_name,total_vram_gb,base_clock_mhz,memory_type,isolation_level,model,family,context_length,run_number,latency_sec,tokens_per_sec,ttft_ms,max_vram_mb,avg_power_watts,tokens_per_joule,avg_temp_c,avg_clock_mhz,cold_start_sec,perplexity
Apple M5 Max,128.0,0.0,unified,system_level,DeepSeek-R1-Distill-Qwen-7B-Q4_K_M.gguf,DeepSeek,512,1,2.57,106.8,2612.24,20457.62,53.46,1.9978,0.0,0.0,0.702,22.2793
Apple M5 Max,128.0,0.0,unified,system_level,DeepSeek-R1-Distill-Qwen-7B-Q4_K_M.gguf,DeepSeek,512,2,2.57,106.8,2610.91,20425.52,53.96,1.9792,0.0,0.0,0.699,22.2793
Apple M5 Max,128.0,0.0,unified,system_level,DeepSeek-R1-Distill-Qwen-7B-Q4_K_M.gguf,DeepSeek,512,3,2.57,106.7,2606.92,4594.09,54.16,1.9701,0.0,0.0,0.696,22.2793
Apple M5 Max,128.0,0.0,unified,system_level,DeepSeek-R1-Distill-Qwen-7B-Q4_K_M.gguf,DeepSeek,512,4,2.58,106.6,2609.58,20672.66,54.71,1.9485,0.0,0.0,0.702,22.2793
Apple M5 Max,128.0,0.0,unified,system_level,DeepSeek-R1-Distill-Qwen-7B-Q4_K_M.gguf,DeepSeek,512,5,2.58,106.5,2608.25,4594.22,54.83,1.9424,0.0,0.0,0.697,22.2793
Apple M5 Max,128.0,0.0,unified,system_level,DeepSeek-R1-Distill-Qwen-7B-Q4_K_M.gguf,DeepSeek,512,6,2.58,106.4,2606.92,4594.3,55.12,1.9303,0.0,0.0,0.696,22.2793
Apple M5 Max,128.0,0.0,unified,system_level,DeepSeek-R1-Distill-Qwen-7B-Q4_K_M.gguf,DeepSeek,512,7,2.57,103.6,2608.25,20695.05,54.5,1.9009,0.0,0.0,0.642,22.2793
Apple M5 Max,128.0,0.0,unified,system_level,DeepSeek-R1-Distill-Qwen-7B-Q4_K_M.gguf,DeepSeek,512,8,2.58,96.5,2610.91,4594.16,42.42,2.2749,0.0,0.0,0.511,22.2793
Apple M5 Max,128.0,0.0,unified,system_level,DeepSeek-R1-Distill-Qwen-7B-Q4_K_M.gguf,DeepSeek,512,9,3.08,94.2,2616.25,4594.03,33.85,2.7829,0.0,0.0,0.957,22.2793
Apple M5 Max,128.0,0.0,unified,system_level,DeepSeek-R1-Distill-Qwen-7B-Q4_K_M.gguf,DeepSeek,512,10,2.58,96.9,2605.6,4594.08,44.32,2.1864,0.0,0.0,0.519,22.2793
Apple M5 Max,128.0,0.0,unified,system_level,DeepSeek-R1-Distill-Qwen-7B-Q4_K_M.gguf,DeepSeek,2048,1,2.6,103.0,10502.56,4678.27,56.24,1.8314,0.0,0.0,0.657,22.8491
Apple M5 Max,128.0,0.0,unified,system_level,DeepSeek-R1-Distill-Qwen-7B-Q4_K_M.gguf,DeepSeek,2048,2,2.58,97.1,10497.18,4678.25,43.86,2.2139,0.0,0.0,0.523,22.8491
Apple M5 Max,128.0,0.0,unified,system_level,DeepSeek-R1-Distill-Qwen-7B-Q4_K_M.gguf,DeepSeek,2048,3,3.08,94.3,10459.65,4678.17,34.67,2.7199,0.0,0.0,0.954,22.8491
Apple M5 Max,128.0,0.0,unified,system_level,DeepSeek-R1-Distill-Qwen-7B-Q4_K_M.gguf,DeepSeek,2048,4,2.58,97.5,10470.35,4678.28,47.3,2.0613,0.0,0.0,0.532,22.8491
Apple M5 Max,128.0,0.0,unified,system_level,DeepSeek-R1-Distill-Qwen-7B-Q4_K_M.gguf,DeepSeek,2048,5,2.58,95.3,10448.98,4678.23,37.79,2.5218,0.0,0.0,0.477,22.8491
Apple M5 Max,128.0,0.0,unified,system_level,DeepSeek-R1-Distill-Qwen-7B-Q4_K_M.gguf,DeepSeek,2048,6,3.08,93.9,10864.72,4678.28,34.21,2.7448,0.0,0.0,0.946,22.8491
Apple M5 Max,128.0,0.0,unified,system_level,DeepSeek-R1-Distill-Qwen-7B-Q4_K_M.gguf,DeepSeek,2048,7,2.58,97.7,10465.0,4678.17,48.47,2.0157,0.0,0.0,0.532,22.8491
Apple M5 Max,128.0,0.0,unified,system_level,DeepSeek-R1-Distill-Qwen-7B-Q4_K_M.gguf,DeepSeek,2048,8,2.58,96.0,10454.31,4678.31,41.37,2.3205,0.0,0.0,0.492,22.8491
Apple M5 Max,128.0,0.0,unified,system_level,DeepSeek-R1-Distill-Qwen-7B-Q4_K_M.gguf,DeepSeek,2048,9,3.08,93.9,10475.7,4678.25,34.37,2.732,0.0,0.0,0.947,22.8491
Apple M5 Max,128.0,0.0,unified,system_level,DeepSeek-R1-Distill-Qwen-7B-Q4_K_M.gguf,DeepSeek,2048,10,2.59,98.6,10459.65,4678.33,50.38,1.9571,0.0,0.0,0.559,22.8491
Apple M5 Max,128.0,0.0,unified,system_level,DeepSeek-R1-Distill-Qwen-7B-Q4_K_M.gguf,DeepSeek,8192,1,2.61,101.0,41795.92,21178.09,51.94,1.9446,0.0,0.0,0.625,17.7508
Apple M5 Max,128.0,0.0,unified,system_level,DeepSeek-R1-Distill-Qwen-7B-Q4_K_M.gguf,DeepSeek,8192,2,3.08,95.5,41881.39,5014.41,37.39,2.5542,0.0,0.0,0.985,17.7508
Apple M5 Max,128.0,0.0,unified,system_level,DeepSeek-R1-Distill-Qwen-7B-Q4_K_M.gguf,DeepSeek,8192,3,2.59,97.7,41988.72,21182.56,45.26,2.1586,0.0,0.0,0.543,17.7508
Apple M5 Max,128.0,0.0,unified,system_level,DeepSeek-R1-Distill-Qwen-7B-Q4_K_M.gguf,DeepSeek,8192,4,3.08,94.5,41924.26,5014.47,36.82,2.5665,0.0,0.0,0.964,17.7508
Apple M5 Max,128.0,0.0,unified,system_level,DeepSeek-R1-Distill-Qwen-7B-Q4_K_M.gguf,DeepSeek,8192,5,2.59,97.8,41795.92,5014.33,47.29,2.0681,0.0,0.0,0.541,17.7508
Apple M5 Max,128.0,0.0,unified,system_level,DeepSeek-R1-Distill-Qwen-7B-Q4_K_M.gguf,DeepSeek,8192,6,3.08,94.9,41924.26,5014.45,38.12,2.4895,0.0,0.0,0.968,17.7508
Apple M5 Max,128.0,0.0,unified,system_level,DeepSeek-R1-Distill-Qwen-7B-Q4_K_M.gguf,DeepSeek,8192,7,2.58,98.2,41817.25,5014.47,51.27,1.9154,0.0,0.0,0.541,17.7508
Apple M5 Max,128.0,0.0,unified,system_level,DeepSeek-R1-Distill-Qwen-7B-Q4_K_M.gguf,DeepSeek,8192,8,3.08,95.1,41924.26,5014.47,38.65,2.4605,0.0,0.0,0.976,17.7508
Apple M5 Max,128.0,0.0,unified,system_level,DeepSeek-R1-Distill-Qwen-7B-Q4_K_M.gguf,DeepSeek,8192,9,2.58,98.0,41774.6,5014.53,51.0,1.9216,0.0,0.0,0.544,17.7508
Apple M5 Max,128.0,0.0,unified,system_level,DeepSeek-R1-Distill-Qwen-7B-Q4_K_M.gguf,DeepSeek,8192,10,3.08,95.8,41838.61,5014.3,38.94,2.4602,0.0,0.0,0.99,17.7508
Apple M5 Max,128.0,0.0,unified,system_level,falcon-11B-Q4_K_M.gguf,Falcon,512,1,1.57,74.7,2309.43,76.73,63.21,1.1818,0.0,0.0,0.0,5.9439
Apple M5 Max,128.0,0.0,unified,system_level,falcon-11B-Q4_K_M.gguf,Falcon,512,2,2.07,73.9,2307.35,6728.16,63.16,1.17,0.0,0.0,0.0,5.9439
Apple M5 Max,128.0,0.0,unified,system_level,falcon-11B-Q4_K_M.gguf,Falcon,512,3,3.59,69.9,2312.56,6728.33,60.82,1.1493,0.0,0.0,0.731,5.9439
Apple M5 Max,128.0,0.0,unified,system_level,falcon-11B-Q4_K_M.gguf,Falcon,512,4,1.57,67.0,2311.51,76.72,46.28,1.4477,0.0,0.0,0.0,5.9439
Apple M5 Max,128.0,0.0,unified,system_level,falcon-11B-Q4_K_M.gguf,Falcon,512,5,1.57,66.9,2308.39,76.77,49.23,1.3589,0.0,0.0,0.0,5.9439
Apple M5 Max,128.0,0.0,unified,system_level,falcon-11B-Q4_K_M.gguf,Falcon,512,6,1.05,69.6,2329.39,0.0,0.0,0.0,0.0,0.0,0.0,5.9439
Apple M5 Max,128.0,0.0,unified,system_level,falcon-11B-Q4_K_M.gguf,Falcon,512,7,3.59,63.7,2309.43,6728.33,37.77,1.6865,0.0,0.0,0.452,5.9439
Apple M5 Max,128.0,0.0,unified,system_level,falcon-11B-Q4_K_M.gguf,Falcon,512,8,3.07,62.8,2513.5,6728.31,31.25,2.0096,0.0,0.0,0.0,5.9439
Apple M5 Max,128.0,0.0,unified,system_level,falcon-11B-Q4_K_M.gguf,Falcon,512,9,3.09,64.1,2308.39,6728.31,38.25,1.6758,0.0,0.0,0.0,5.9439
Apple M5 Max,128.0,0.0,unified,system_level,falcon-11B-Q4_K_M.gguf,Falcon,512,10,4.09,62.9,2442.75,6728.23,31.83,1.9761,0.0,0.0,0.91,5.9439
Apple M5 Max,128.0,0.0,unified,system_level,falcon-11B-Q4_K_M.gguf,Falcon,2048,1,4.09,64.2,9237.71,7088.39,40.2,1.597,0.0,0.0,0.972,28127.6323
Apple M5 Max,128.0,0.0,unified,system_level,falcon-11B-Q4_K_M.gguf,Falcon,2048,2,3.6,64.3,9175.63,7088.48,40.66,1.5814,0.0,0.0,0.486,28127.6323
Apple M5 Max,128.0,0.0,unified,system_level,falcon-11B-Q4_K_M.gguf,Falcon,2048,3,4.08,62.0,10098.62,7088.38,30.01,2.066,0.0,0.0,0.852,28127.6323
Apple M5 Max,128.0,0.0,unified,system_level,falcon-11B-Q4_K_M.gguf,Falcon,2048,4,3.6,64.4,9233.54,7088.33,40.83,1.5773,0.0,0.0,0.493,28127.6323
Apple M5 Max,128.0,0.0,unified,system_level,falcon-11B-Q4_K_M.gguf,Falcon,2048,5,4.08,62.4,9610.51,7088.52,31.16,2.0026,0.0,0.0,0.877,28127.6323
Apple M5 Max,128.0,0.0,unified,system_level,falcon-11B-Q4_K_M.gguf,Falcon,2048,6,1.06,74.8,9233.54,0.0,0.0,0.0,0.0,0.0,0.0,28127.6323
Apple M5 Max,128.0,0.0,unified,system_level,falcon-11B-Q4_K_M.gguf,Falcon,2048,7,3.58,66.4,9212.78,7088.41,49.57,1.3395,0.0,0.0,0.572,28127.6323
Apple M5 Max,128.0,0.0,unified,system_level,falcon-11B-Q4_K_M.gguf,Falcon,2048,8,1.58,65.5,9241.88,76.97,42.16,1.5536,0.0,0.0,0.0,28127.6323
Apple M5 Max,128.0,0.0,unified,system_level,falcon-11B-Q4_K_M.gguf,Falcon,2048,9,4.09,63.2,9472.71,7088.38,33.74,1.8731,0.0,0.0,0.924,28127.6323
Apple M5 Max,128.0,0.0,unified,system_level,falcon-11B-Q4_K_M.gguf,Falcon,2048,10,3.6,64.9,9225.23,7088.31,43.03,1.5083,0.0,0.0,0.523,28127.6323
Apple M5 Max,128.0,0.0,unified,system_level,falcon-11B-Q4_K_M.gguf,Falcon,8192,1,1.56,74.5,36950.83,27164.81,63.59,1.1716,0.0,0.0,0.0,9649.1367
Apple M5 Max,128.0,0.0,unified,system_level,falcon-11B-Q4_K_M.gguf,Falcon,8192,2,4.09,65.2,36967.51,8528.44,46.33,1.4073,0.0,0.0,1.022,9649.1367
Apple M5 Max,128.0,0.0,unified,system_level,falcon-11B-Q4_K_M.gguf,Falcon,8192,3,4.09,62.3,36867.69,8528.34,35.73,1.7436,0.0,0.0,0.883,9649.1367
Apple M5 Max,128.0,0.0,unified,system_level,falcon-11B-Q4_K_M.gguf,Falcon,8192,4,3.63,61.6,36884.29,8528.36,34.89,1.7655,0.0,0.0,0.379,9649.1367
Apple M5 Max,128.0,0.0,unified,system_level,falcon-11B-Q4_K_M.gguf,Falcon,8192,5,1.56,66.6,37491.99,27245.03,44.36,1.5014,0.0,0.0,0.0,9649.1367
Apple M5 Max,128.0,0.0,unified,system_level,falcon-11B-Q4_K_M.gguf,Falcon,8192,6,2.06,68.0,36900.9,8528.27,49.7,1.3682,0.0,0.0,0.0,9649.1367
Apple M5 Max,128.0,0.0,unified,system_level,falcon-11B-Q4_K_M.gguf,Falcon,8192,7,4.09,61.5,36950.83,8528.39,35.6,1.7275,0.0,0.0,0.836,9649.1367
Apple M5 Max,128.0,0.0,unified,system_level,falcon-11B-Q4_K_M.gguf,Falcon,8192,8,4.09,59.6,37000.9,8528.47,30.61,1.9471,0.0,0.0,0.738,9649.1367
Apple M5 Max,128.0,0.0,unified,system_level,falcon-11B-Q4_K_M.gguf,Falcon,8192,9,4.08,58.9,38478.16,8528.3,29.34,2.0075,0.0,0.0,0.688,9649.1367
Apple M5 Max,128.0,0.0,unified,system_level,falcon-11B-Q4_K_M.gguf,Falcon,8192,10,1.56,65.8,38173.35,0.0,0.0,0.0,0.0,0.0,0.0,9649.1367
Apple M5 Max,128.0,0.0,unified,system_level,gemma-2-9b-it-Q4_K_M.gguf,Gemma,512,1,3.59,70.8,5059.29,5763.98,47.36,1.4949,0.0,0.0,0.768,7.0661
Apple M5 Max,128.0,0.0,unified,system_level,gemma-2-9b-it-Q4_K_M.gguf,Gemma,512,2,4.1,63.2,2892.66,5763.81,27.13,2.3295,0.0,0.0,0.934,7.0661
Apple M5 Max,128.0,0.0,unified,system_level,gemma-2-9b-it-Q4_K_M.gguf,Gemma,512,3,4.1,64.7,2887.76,5763.83,30.74,2.1047,0.0,0.0,1.005,7.0661
Apple M5 Max,128.0,0.0,unified,system_level,gemma-2-9b-it-Q4_K_M.gguf,Gemma,512,4,4.09,64.5,2886.13,5763.92,30.94,2.0847,0.0,0.0,0.993,7.0661
Apple M5 Max,128.0,0.0,unified,system_level,gemma-2-9b-it-Q4_K_M.gguf,Gemma,512,5,4.09,64.2,2889.39,5763.83,30.09,2.1336,0.0,0.0,0.978,7.0661
Apple M5 Max,128.0,0.0,unified,system_level,gemma-2-9b-it-Q4_K_M.gguf,Gemma,512,6,4.09,63.4,2886.13,5763.88,29.46,2.1521,0.0,0.0,0.935,7.0661
Apple M5 Max,128.0,0.0,unified,system_level,gemma-2-9b-it-Q4_K_M.gguf,Gemma,512,7,4.09,63.1,2886.13,5763.88,28.74,2.1955,0.0,0.0,0.92,7.0661
Apple M5 Max,128.0,0.0,unified,system_level,gemma-2-9b-it-Q4_K_M.gguf,Gemma,512,8,4.09,62.7,3022.43,5763.81,28.12,2.2297,0.0,0.0,0.903,7.0661
Apple M5 Max,128.0,0.0,unified,system_level,gemma-2-9b-it-Q4_K_M.gguf,Gemma,512,9,4.09,61.9,2954.41,5763.88,26.85,2.3054,0.0,0.0,0.861,7.0661
Apple M5 Max,128.0,0.0,unified,system_level,gemma-2-9b-it-Q4_K_M.gguf,Gemma,512,10,4.09,61.4,2894.29,5763.88,26.27,2.3373,0.0,0.0,0.837,7.0661
Apple M5 Max,128.0,0.0,unified,system_level,gemma-2-9b-it-Q4_K_M.gguf,Gemma,2048,1,4.09,63.6,11603.4,6267.55,32.51,1.9563,0.0,0.0,0.945,8.351
Apple M5 Max,128.0,0.0,unified,system_level,gemma-2-9b-it-Q4_K_M.gguf,Gemma,2048,2,4.09,60.3,11577.16,6267.58,26.09,2.3112,0.0,0.0,0.774,8.351
Apple M5 Max,128.0,0.0,unified,system_level,gemma-2-9b-it-Q4_K_M.gguf,Gemma,2048,3,4.11,59.7,12816.02,6267.52,24.19,2.468,0.0,0.0,0.758,8.351
Apple M5 Max,128.0,0.0,unified,system_level,gemma-2-9b-it-Q4_K_M.gguf,Gemma,2048,4,4.1,59.2,12784.02,6267.52,23.33,2.5375,0.0,0.0,0.719,8.351
Apple M5 Max,128.0,0.0,unified,system_level,gemma-2-9b-it-Q4_K_M.gguf,Gemma,2048,5,4.1,58.6,12904.85,6267.61,22.9,2.559,0.0,0.0,0.689,8.351
Apple M5 Max,128.0,0.0,unified,system_level,gemma-2-9b-it-Q4_K_M.gguf,Gemma,2048,6,4.1,58.4,13307.34,6267.59,22.27,2.6224,0.0,0.0,0.673,8.351
Apple M5 Max,128.0,0.0,unified,system_level,gemma-2-9b-it-Q4_K_M.gguf,Gemma,2048,7,4.09,58.4,13754.2,6267.58,22.04,2.6497,0.0,0.0,0.664,8.351
Apple M5 Max,128.0,0.0,unified,system_level,gemma-2-9b-it-Q4_K_M.gguf,Gemma,2048,8,4.1,57.8,13482.55,6267.61,21.2,2.7264,0.0,0.0,0.635,8.351
Apple M5 Max,128.0,0.0,unified,system_level,gemma-2-9b-it-Q4_K_M.gguf,Gemma,2048,9,4.1,57.8,13809.84,6267.62,21.2,2.7264,0.0,0.0,0.635,8.351
Apple M5 Max,128.0,0.0,unified,system_level,gemma-2-9b-it-Q4_K_M.gguf,Gemma,2048,10,4.59,57.2,14046.64,6267.5,19.97,2.8643,0.0,0.0,1.089,8.351
Apple M5 Max,128.0,0.0,unified,system_level,gemma-2-9b-it-Q4_K_M.gguf,Gemma,8192,1,4.58,56.9,46178.13,7696.22,24.34,2.3377,0.0,0.0,1.069,6.6848
Apple M5 Max,128.0,0.0,unified,system_level,gemma-2-9b-it-Q4_K_M.gguf,Gemma,8192,2,4.6,56.9,46492.62,7696.16,22.02,2.584,0.0,0.0,1.081,6.6848
Apple M5 Max,128.0,0.0,unified,system_level,gemma-2-9b-it-Q4_K_M.gguf,Gemma,8192,3,4.6,57.2,50536.71,7696.23,21.96,2.6047,0.0,0.0,1.106,6.6848
Apple M5 Max,128.0,0.0,unified,system_level,gemma-2-9b-it-Q4_K_M.gguf,Gemma,8192,4,4.6,56.9,46545.45,7696.14,22.24,2.5585,0.0,0.0,1.083,6.6848
Apple M5 Max,128.0,0.0,unified,system_level,gemma-2-9b-it-Q4_K_M.gguf,Gemma,8192,5,4.6,56.6,46387.32,7696.25,21.93,2.5809,0.0,0.0,1.068,6.6848
Apple M5 Max,128.0,0.0,unified,system_level,gemma-2-9b-it-Q4_K_M.gguf,Gemma,8192,6,4.6,56.6,48075.12,7696.17,21.58,2.6228,0.0,0.0,1.067,6.6848
Apple M5 Max,128.0,0.0,unified,system_level,gemma-2-9b-it-Q4_K_M.gguf,Gemma,8192,7,4.6,56.7,50567.9,7696.2,21.36,2.6545,0.0,0.0,1.076,6.6848
Apple M5 Max,128.0,0.0,unified,system_level,gemma-2-9b-it-Q4_K_M.gguf,Gemma,8192,8,4.6,56.5,50319.41,7696.25,21.35,2.6464,0.0,0.0,1.059,6.6848
Apple M5 Max,128.0,0.0,unified,system_level,gemma-2-9b-it-Q4_K_M.gguf,Gemma,8192,9,4.6,56.3,50319.41,7696.19,20.87,2.6977,0.0,0.0,1.045,6.6848
Apple M5 Max,128.0,0.0,unified,system_level,gemma-2-9b-it-Q4_K_M.gguf,Gemma,8192,10,4.6,56.0,50755.89,7696.17,20.85,2.6859,0.0,0.0,1.024,6.6848
Apple M5 Max,128.0,0.0,unified,system_level,Meta-Llama-3.1-8B-Instruct-Q4_K_M.gguf,Llama,512,1,3.1,82.0,1472.53,4871.69,33.73,2.4311,0.0,0.0,0.657,6.3483
Apple M5 Max,128.0,0.0,unified,system_level,Meta-Llama-3.1-8B-Instruct-Q4_K_M.gguf,Llama,512,2,3.59,69.9,715.08,4871.56,15.48,4.5155,0.0,0.0,0.727,6.3483
Apple M5 Max,128.0,0.0,unified,system_level,Meta-Llama-3.1-8B-Instruct-Q4_K_M.gguf,Llama,512,3,3.59,73.9,752.94,4871.58,17.95,4.117,0.0,0.0,0.884,6.3483
Apple M5 Max,128.0,0.0,unified,system_level,Meta-Llama-3.1-8B-Instruct-Q4_K_M.gguf,Llama,512,4,3.59,73.5,649.33,4871.5,19.3,3.8083,0.0,0.0,0.873,6.3483
Apple M5 Max,128.0,0.0,unified,system_level,Meta-Llama-3.1-8B-Instruct-Q4_K_M.gguf,Llama,512,5,3.58,74.6,708.85,4871.56,18.82,3.9639,0.0,0.0,0.902,6.3483
Apple M5 Max,128.0,0.0,unified,system_level,Meta-Llama-3.1-8B-Instruct-Q4_K_M.gguf,Llama,512,6,3.59,74.2,665.19,4871.78,19.25,3.8545,0.0,0.0,0.892,6.3483
Apple M5 Max,128.0,0.0,unified,system_level,Meta-Llama-3.1-8B-Instruct-Q4_K_M.gguf,Llama,512,7,3.59,74.9,719.61,4871.58,19.43,3.8549,0.0,0.0,0.92,6.3483
Apple M5 Max,128.0,0.0,unified,system_level,Meta-Llama-3.1-8B-Instruct-Q4_K_M.gguf,Llama,512,8,3.59,74.7,702.24,4871.77,19.09,3.913,0.0,0.0,0.911,6.3483
Apple M5 Max,128.0,0.0,unified,system_level,Meta-Llama-3.1-8B-Instruct-Q4_K_M.gguf,Llama,512,9,3.59,73.1,649.91,4871.73,19.06,3.8353,0.0,0.0,0.856,6.3483
Apple M5 Max,128.0,0.0,unified,system_level,Meta-Llama-3.1-8B-Instruct-Q4_K_M.gguf,Llama,512,10,3.59,73.9,717.39,4871.72,18.48,3.9989,0.0,0.0,0.884,6.3483
Apple M5 Max,128.0,0.0,unified,system_level,Meta-Llama-3.1-8B-Instruct-Q4_K_M.gguf,Llama,2048,1,3.58,76.3,2777.7,5063.89,22.72,3.3583,0.0,0.0,0.963,7.5959
Apple M5 Max,128.0,0.0,unified,system_level,Meta-Llama-3.1-8B-Instruct-Q4_K_M.gguf,Llama,2048,2,3.59,74.7,2799.73,5063.77,18.71,3.9925,0.0,0.0,0.915,7.5959
Apple M5 Max,128.0,0.0,unified,system_level,Meta-Llama-3.1-8B-Instruct-Q4_K_M.gguf,Llama,2048,3,3.59,74.0,2829.12,5063.77,18.99,3.8968,0.0,0.0,0.889,7.5959
Apple M5 Max,128.0,0.0,unified,system_level,Meta-Llama-3.1-8B-Instruct-Q4_K_M.gguf,Llama,2048,4,3.59,73.2,2819.77,5063.69,18.4,3.9783,0.0,0.0,0.854,7.5959
Apple M5 Max,128.0,0.0,unified,system_level,Meta-Llama-3.1-8B-Instruct-Q4_K_M.gguf,Llama,2048,5,3.59,72.2,2682.74,5063.69,17.96,4.02,0.0,0.0,0.82,7.5959
Apple M5 Max,128.0,0.0,unified,system_level,Meta-Llama-3.1-8B-Instruct-Q4_K_M.gguf,Llama,2048,6,3.59,72.7,2904.55,5063.77,17.82,4.0797,0.0,0.0,0.84,7.5959
Apple M5 Max,128.0,0.0,unified,system_level,Meta-Llama-3.1-8B-Instruct-Q4_K_M.gguf,Llama,2048,7,3.59,73.1,2998.54,5063.75,18.04,4.0521,0.0,0.0,0.855,7.5959
Apple M5 Max,128.0,0.0,unified,system_level,Meta-Llama-3.1-8B-Instruct-Q4_K_M.gguf,Llama,2048,8,3.59,71.4,2677.12,5063.78,17.9,3.9888,0.0,0.0,0.792,7.5959
Apple M5 Max,128.0,0.0,unified,system_level,Meta-Llama-3.1-8B-Instruct-Q4_K_M.gguf,Llama,2048,9,3.58,71.8,2941.26,5063.83,17.56,4.0888,0.0,0.0,0.797,7.5959
Apple M5 Max,128.0,0.0,unified,system_level,Meta-Llama-3.1-8B-Instruct-Q4_K_M.gguf,Llama,2048,10,3.59,72.0,2981.95,5063.83,17.42,4.1332,0.0,0.0,0.811,7.5959
Apple M5 Max,128.0,0.0,unified,system_level,Meta-Llama-3.1-8B-Instruct-Q4_K_M.gguf,Llama,8192,1,3.58,78.1,10333.0,5831.98,26.68,2.9273,0.0,0.0,1.021,6.456
Apple M5 Max,128.0,0.0,unified,system_level,Meta-Llama-3.1-8B-Instruct-Q4_K_M.gguf,Llama,8192,2,3.62,70.9,10455.65,38370.53,18.3,3.8743,0.0,0.0,0.795,6.456
Apple M5 Max,128.0,0.0,unified,system_level,Meta-Llama-3.1-8B-Instruct-Q4_K_M.gguf,Llama,8192,3,3.59,70.8,12949.73,5831.97,17.02,4.1598,0.0,0.0,0.764,6.456
Apple M5 Max,128.0,0.0,unified,system_level,Meta-Llama-3.1-8B-Instruct-Q4_K_M.gguf,Llama,8192,4,3.61,70.0,13115.59,5832.02,16.56,4.2271,0.0,0.0,0.756,6.456
Apple M5 Max,128.0,0.0,unified,system_level,Meta-Llama-3.1-8B-Instruct-Q4_K_M.gguf,Llama,8192,5,3.58,69.8,13071.65,5832.0,16.65,4.1922,0.0,0.0,0.719,6.456
Apple M5 Max,128.0,0.0,unified,system_level,Meta-Llama-3.1-8B-Instruct-Q4_K_M.gguf,Llama,8192,6,3.59,69.4,13009.37,5832.16,16.46,4.2163,0.0,0.0,0.707,6.456
Apple M5 Max,128.0,0.0,unified,system_level,Meta-Llama-3.1-8B-Instruct-Q4_K_M.gguf,Llama,8192,7,3.62,69.2,13619.29,5831.91,15.93,4.344,0.0,0.0,0.726,6.456
Apple M5 Max,128.0,0.0,unified,system_level,Meta-Llama-3.1-8B-Instruct-Q4_K_M.gguf,Llama,8192,8,3.59,69.2,13270.69,5832.09,16.15,4.2848,0.0,0.0,0.695,6.456
Apple M5 Max,128.0,0.0,unified,system_level,Meta-Llama-3.1-8B-Instruct-Q4_K_M.gguf,Llama,8192,9,3.61,69.1,13337.68,38226.92,15.36,4.4987,0.0,0.0,0.711,6.456
Apple M5 Max,128.0,0.0,unified,system_level,Meta-Llama-3.1-8B-Instruct-Q4_K_M.gguf,Llama,8192,10,3.6,68.9,13438.32,5831.97,16.02,4.3009,0.0,0.0,0.699,6.456
Apple M5 Max,128.0,0.0,unified,system_level,mistral-7b-instruct-v0.2.Q4_K_M.gguf,Mistral,512,1,3.09,79.4,1685.87,4290.22,18.39,4.3176,0.0,0.0,0.567,7.5145
Apple M5 Max,128.0,0.0,unified,system_level,mistral-7b-instruct-v0.2.Q4_K_M.gguf,Mistral,512,2,3.09,73.3,2107.0,4290.22,13.77,5.3232,0.0,0.0,0.363,7.5145
Apple M5 Max,128.0,0.0,unified,system_level,mistral-7b-instruct-v0.2.Q4_K_M.gguf,Mistral,512,3,3.08,71.8,2596.35,4290.27,12.76,5.627,0.0,0.0,0.294,7.5145
Apple M5 Max,128.0,0.0,unified,system_level,mistral-7b-instruct-v0.2.Q4_K_M.gguf,Mistral,512,4,3.08,75.7,1939.39,4290.16,14.62,5.1778,0.0,0.0,0.439,7.5145
Apple M5 Max,128.0,0.0,unified,system_level,mistral-7b-instruct-v0.2.Q4_K_M.gguf,Mistral,512,5,3.11,74.6,1984.5,4290.17,14.54,5.1307,0.0,0.0,0.425,7.5145
Apple M5 Max,128.0,0.0,unified,system_level,mistral-7b-instruct-v0.2.Q4_K_M.gguf,Mistral,512,6,3.59,71.4,2305.27,4290.27,12.69,5.6265,0.0,0.0,0.784,7.5145
Apple M5 Max,128.0,0.0,unified,system_level,mistral-7b-instruct-v0.2.Q4_K_M.gguf,Mistral,512,7,2.59,77.5,1898.41,4290.23,16.46,4.7084,0.0,0.0,0.014,7.5145
Apple M5 Max,128.0,0.0,unified,system_level,mistral-7b-instruct-v0.2.Q4_K_M.gguf,Mistral,512,8,3.58,70.7,2373.67,4290.25,12.41,5.697,0.0,0.0,0.754,7.5145
Apple M5 Max,128.0,0.0,unified,system_level,mistral-7b-instruct-v0.2.Q4_K_M.gguf,Mistral,512,9,3.08,75.4,1890.0,4290.22,14.92,5.0536,0.0,0.0,0.428,7.5145
Apple M5 Max,128.0,0.0,unified,system_level,mistral-7b-instruct-v0.2.Q4_K_M.gguf,Mistral,512,10,3.08,72.3,2171.33,4290.17,13.28,5.4443,0.0,0.0,0.316,7.5145
Apple M5 Max,128.0,0.0,unified,system_level,mistral-7b-instruct-v0.2.Q4_K_M.gguf,Mistral,2048,1,3.08,79.5,6822.12,4482.31,19.18,4.1449,0.0,0.0,0.566,6.9406
Apple M5 Max,128.0,0.0,unified,system_level,mistral-7b-instruct-v0.2.Q4_K_M.gguf,Mistral,2048,2,2.57,74.7,7919.57,4482.47,13.94,5.3587,0.0,0.0,0.0,6.9406
Apple M5 Max,128.0,0.0,unified,system_level,mistral-7b-instruct-v0.2.Q4_K_M.gguf,Mistral,2048,3,3.09,72.6,7843.74,4482.42,13.66,5.3148,0.0,0.0,0.334,6.9406
Apple M5 Max,128.0,0.0,unified,system_level,mistral-7b-instruct-v0.2.Q4_K_M.gguf,Mistral,2048,4,3.58,69.3,10761.95,4482.38,12.06,5.7463,0.0,0.0,0.697,6.9406
Apple M5 Max,128.0,0.0,unified,system_level,mistral-7b-instruct-v0.2.Q4_K_M.gguf,Mistral,2048,5,3.09,73.2,7925.7,4482.38,14.11,5.1878,0.0,0.0,0.357,6.9406
Apple M5 Max,128.0,0.0,unified,system_level,mistral-7b-instruct-v0.2.Q4_K_M.gguf,Mistral,2048,6,3.59,69.2,10551.26,4482.48,12.13,5.7049,0.0,0.0,0.695,6.9406
Apple M5 Max,128.0,0.0,unified,system_level,mistral-7b-instruct-v0.2.Q4_K_M.gguf,Mistral,2048,7,3.08,72.4,7571.16,4482.36,13.56,5.3392,0.0,0.0,0.321,6.9406
Apple M5 Max,128.0,0.0,unified,system_level,mistral-7b-instruct-v0.2.Q4_K_M.gguf,Mistral,2048,8,3.58,67.7,9592.51,4482.55,11.24,6.0231,0.0,0.0,0.626,6.9406
Apple M5 Max,128.0,0.0,unified,system_level,mistral-7b-instruct-v0.2.Q4_K_M.gguf,Mistral,2048,9,3.1,72.6,8050.31,4482.33,13.51,5.3738,0.0,0.0,0.346,6.9406
Apple M5 Max,128.0,0.0,unified,system_level,mistral-7b-instruct-v0.2.Q4_K_M.gguf,Mistral,2048,10,3.58,70.4,8224.9,4482.5,12.29,5.7282,0.0,0.0,0.743,6.9406
Apple M5 Max,128.0,0.0,unified,system_level,mistral-7b-instruct-v0.2.Q4_K_M.gguf,Mistral,8192,1,3.1,78.3,26105.8,42425.17,18.56,4.2188,0.0,0.0,0.541,5.5243
Apple M5 Max,128.0,0.0,unified,system_level,mistral-7b-instruct-v0.2.Q4_K_M.gguf,Mistral,8192,2,3.58,68.6,34948.81,5250.78,11.7,5.8632,0.0,0.0,0.663,5.5243
Apple M5 Max,128.0,0.0,unified,system_level,mistral-7b-instruct-v0.2.Q4_K_M.gguf,Mistral,8192,3,3.58,70.5,32226.59,5250.81,12.7,5.5512,0.0,0.0,0.748,5.5243
Apple M5 Max,128.0,0.0,unified,system_level,mistral-7b-instruct-v0.2.Q4_K_M.gguf,Mistral,8192,4,3.59,71.8,32392.25,5250.72,13.63,5.2678,0.0,0.0,0.804,5.5243
Apple M5 Max,128.0,0.0,unified,system_level,mistral-7b-instruct-v0.2.Q4_K_M.gguf,Mistral,8192,5,3.59,71.8,30453.53,5250.8,13.55,5.2989,0.0,0.0,0.801,5.5243
Apple M5 Max,128.0,0.0,unified,system_level,mistral-7b-instruct-v0.2.Q4_K_M.gguf,Mistral,8192,6,3.08,72.7,31279.11,5250.73,14.2,5.1197,0.0,0.0,0.33,5.5243
Apple M5 Max,128.0,0.0,unified,system_level,mistral-7b-instruct-v0.2.Q4_K_M.gguf,Mistral,8192,7,3.59,68.7,37253.3,5250.7,11.97,5.7393,0.0,0.0,0.677,5.5243
Apple M5 Max,128.0,0.0,unified,system_level,mistral-7b-instruct-v0.2.Q4_K_M.gguf,Mistral,8192,8,3.59,70.3,32585.52,5250.8,12.66,5.5529,0.0,0.0,0.744,5.5243
Apple M5 Max,128.0,0.0,unified,system_level,mistral-7b-instruct-v0.2.Q4_K_M.gguf,Mistral,8192,9,3.59,71.8,30773.85,5250.73,13.64,5.2639,0.0,0.0,0.806,5.5243
Apple M5 Max,128.0,0.0,unified,system_level,mistral-7b-instruct-v0.2.Q4_K_M.gguf,Mistral,8192,10,3.59,71.8,31350.94,5250.81,13.49,5.3225,0.0,0.0,0.805,5.5243
Apple M5 Max,128.0,0.0,unified,system_level,Mistral-7B-Instruct-v0.3-Q5_K_M.gguf,Mistral,512,1,4.09,55.7,2125.36,5022.41,15.01,3.7109,0.0,0.0,0.503,6.8589
Apple M5 Max,128.0,0.0,unified,system_level,Mistral-7B-Instruct-v0.3-Q5_K_M.gguf,Mistral,512,2,4.6,53.2,2772.06,5022.47,13.52,3.9349,0.0,0.0,0.84,6.8589
Apple M5 Max,128.0,0.0,unified,system_level,Mistral-7B-Instruct-v0.3-Q5_K_M.gguf,Mistral,512,3,4.09,55.5,2426.54,5022.36,14.83,3.7424,0.0,0.0,0.482,6.8589
Apple M5 Max,128.0,0.0,unified,system_level,Mistral-7B-Instruct-v0.3-Q5_K_M.gguf,Mistral,512,4,4.6,53.0,2902.49,5022.44,13.51,3.923,0.0,0.0,0.826,6.8589
Apple M5 Max,128.0,0.0,unified,system_level,Mistral-7B-Instruct-v0.3-Q5_K_M.gguf,Mistral,512,5,4.11,55.2,2491.48,5022.47,14.66,3.7653,0.0,0.0,0.483,6.8589
Apple M5 Max,128.0,0.0,unified,system_level,Mistral-7B-Instruct-v0.3-Q5_K_M.gguf,Mistral,512,6,4.59,52.5,2947.61,5022.36,13.29,3.9503,0.0,0.0,0.78,6.8589
Apple M5 Max,128.0,0.0,unified,system_level,Mistral-7B-Instruct-v0.3-Q5_K_M.gguf,Mistral,512,7,4.1,54.4,2412.82,5022.36,14.21,3.8283,0.0,0.0,0.427,6.8589
Apple M5 Max,128.0,0.0,unified,system_level,Mistral-7B-Instruct-v0.3-Q5_K_M.gguf,Mistral,512,8,4.59,52.0,3088.06,5022.48,13.09,3.9725,0.0,0.0,0.742,6.8589
Apple M5 Max,128.0,0.0,unified,system_level,Mistral-7B-Instruct-v0.3-Q5_K_M.gguf,Mistral,512,9,4.09,54.1,2547.26,5022.34,14.09,3.8396,0.0,0.0,0.392,6.8589
Apple M5 Max,128.0,0.0,unified,system_level,Mistral-7B-Instruct-v0.3-Q5_K_M.gguf,Mistral,512,10,4.6,51.7,3275.75,5022.39,13.05,3.9617,0.0,0.0,0.728,6.8589
Apple M5 Max,128.0,0.0,unified,system_level,Mistral-7B-Instruct-v0.3-Q5_K_M.gguf,Mistral,2048,1,4.1,56.2,8476.82,5214.62,15.88,3.539,0.0,0.0,0.537,6.309
Apple M5 Max,128.0,0.0,unified,system_level,Mistral-7B-Instruct-v0.3-Q5_K_M.gguf,Mistral,2048,2,4.6,52.4,11629.76,5214.66,13.23,3.9607,0.0,0.0,0.786,6.309
Apple M5 Max,128.0,0.0,unified,system_level,Mistral-7B-Instruct-v0.3-Q5_K_M.gguf,Mistral,2048,3,4.1,53.8,10133.6,5214.61,13.95,3.8566,0.0,0.0,0.384,6.309
Apple M5 Max,128.0,0.0,unified,system_level,Mistral-7B-Instruct-v0.3-Q5_K_M.gguf,Mistral,2048,4,4.6,51.0,13791.25,5214.61,12.81,3.9813,0.0,0.0,0.675,6.309
Apple M5 Max,128.0,0.0,unified,system_level,Mistral-7B-Instruct-v0.3-Q5_K_M.gguf,Mistral,2048,5,4.6,52.7,10887.83,5214.56,13.35,3.9476,0.0,0.0,0.803,6.309
Apple M5 Max,128.0,0.0,unified,system_level,Mistral-7B-Instruct-v0.3-Q5_K_M.gguf,Mistral,2048,6,4.1,53.5,9770.99,5214.5,13.79,3.8796,0.0,0.0,0.358,6.309
Apple M5 Max,128.0,0.0,unified,system_level,Mistral-7B-Instruct-v0.3-Q5_K_M.gguf,Mistral,2048,7,4.59,50.5,14232.11,5214.67,12.53,4.0303,0.0,0.0,0.628,6.309
Apple M5 Max,128.0,0.0,unified,system_level,Mistral-7B-Instruct-v0.3-Q5_K_M.gguf,Mistral,2048,8,4.6,52.1,10993.02,5214.58,13.16,3.959,0.0,0.0,0.762,6.309
Apple M5 Max,128.0,0.0,unified,system_level,Mistral-7B-Instruct-v0.3-Q5_K_M.gguf,Mistral,2048,9,4.6,52.9,10143.64,5214.64,13.4,3.9478,0.0,0.0,0.818,6.309
Apple M5 Max,128.0,0.0,unified,system_level,Mistral-7B-Instruct-v0.3-Q5_K_M.gguf,Mistral,2048,10,4.1,53.3,10004.89,5214.64,13.78,3.8679,0.0,0.0,0.344,6.309
Apple M5 Max,128.0,0.0,unified,system_level,Mistral-7B-Instruct-v0.3-Q5_K_M.gguf,Mistral,8192,1,4.14,53.7,33935.38,47682.98,15.94,3.3689,0.0,0.0,0.415,4.9927
Apple M5 Max,128.0,0.0,unified,system_level,Mistral-7B-Instruct-v0.3-Q5_K_M.gguf,Mistral,8192,2,4.64,48.0,50443.35,5982.92,12.07,3.9768,0.0,0.0,0.475,4.9927
Apple M5 Max,128.0,0.0,unified,system_level,Mistral-7B-Instruct-v0.3-Q5_K_M.gguf,Mistral,8192,3,5.15,46.9,54287.61,5982.83,12.36,3.7945,0.0,0.0,0.883,4.9927
Apple M5 Max,128.0,0.0,unified,system_level,Mistral-7B-Instruct-v0.3-Q5_K_M.gguf,Mistral,8192,4,4.64,49.5,46439.91,5982.84,13.36,3.7051,0.0,0.0,0.601,4.9927
Apple M5 Max,128.0,0.0,unified,system_level,Mistral-7B-Instruct-v0.3-Q5_K_M.gguf,Mistral,8192,5,4.66,48.2,50196.08,5982.86,12.65,3.8103,0.0,0.0,0.514,4.9927
Apple M5 Max,128.0,0.0,unified,system_level,Mistral-7B-Instruct-v0.3-Q5_K_M.gguf,Mistral,8192,6,5.15,47.1,51489.63,5982.94,12.49,3.771,0.0,0.0,0.905,4.9927
Apple M5 Max,128.0,0.0,unified,system_level,Mistral-7B-Instruct-v0.3-Q5_K_M.gguf,Mistral,8192,7,4.64,49.0,42335.92,5982.89,12.67,3.8674,0.0,0.0,0.559,4.9927
Apple M5 Max,128.0,0.0,unified,system_level,Mistral-7B-Instruct-v0.3-Q5_K_M.gguf,Mistral,8192,8,4.66,47.9,42010.26,5982.91,11.37,4.2128,0.0,0.0,0.49,4.9927
Apple M5 Max,128.0,0.0,unified,system_level,Mistral-7B-Instruct-v0.3-Q5_K_M.gguf,Mistral,8192,9,4.66,49.7,53965.74,5982.81,12.23,4.0638,0.0,0.0,0.639,4.9927
Apple M5 Max,128.0,0.0,unified,system_level,Mistral-7B-Instruct-v0.3-Q5_K_M.gguf,Mistral,8192,10,4.61,48.2,36231.76,5982.81,11.24,4.2883,0.0,0.0,0.457,4.9927
Apple M5 Max,128.0,0.0,unified,system_level,microsoft_Phi-4-mini-instruct-Q4_K_M.gguf,Phi,512,1,1.57,142.8,1980.66,0.0,0.0,0.0,0.0,0.0,0.171,8.4315
Apple M5 Max,128.0,0.0,unified,system_level,microsoft_Phi-4-mini-instruct-Q4_K_M.gguf,Phi,512,2,2.58,115.6,1757.04,2550.25,22.88,5.0524,0.0,0.0,0.849,8.4315
Apple M5 Max,128.0,0.0,unified,system_level,microsoft_Phi-4-mini-instruct-Q4_K_M.gguf,Phi,512,3,1.57,121.3,1903.35,116.44,23.54,5.1529,0.0,0.0,0.0,8.4315
Apple M5 Max,128.0,0.0,unified,system_level,microsoft_Phi-4-mini-instruct-Q4_K_M.gguf,Phi,512,4,2.06,105.7,1983.73,2550.3,19.29,5.4795,0.0,0.0,0.17,8.4315
Apple M5 Max,128.0,0.0,unified,system_level,microsoft_Phi-4-mini-instruct-Q4_K_M.gguf,Phi,512,5,2.57,101.7,1821.42,2550.27,14.64,6.9467,0.0,0.0,0.606,8.4315
Apple M5 Max,128.0,0.0,unified,system_level,microsoft_Phi-4-mini-instruct-Q4_K_M.gguf,Phi,512,6,2.57,104.3,1760.66,2550.28,17.31,6.0254,0.0,0.0,0.654,8.4315
Apple M5 Max,128.0,0.0,unified,system_level,microsoft_Phi-4-mini-instruct-Q4_K_M.gguf,Phi,512,7,2.07,112.0,2258.49,49095.67,15.77,7.1021,0.0,0.0,0.284,8.4315
Apple M5 Max,128.0,0.0,unified,system_level,microsoft_Phi-4-mini-instruct-Q4_K_M.gguf,Phi,512,8,2.58,110.5,1924.09,2550.3,18.62,5.9345,0.0,0.0,0.766,8.4315
Apple M5 Max,128.0,0.0,unified,system_level,microsoft_Phi-4-mini-instruct-Q4_K_M.gguf,Phi,512,9,1.56,117.2,2069.52,116.28,20.58,5.6948,0.0,0.0,0.0,8.4315
Apple M5 Max,128.0,0.0,unified,system_level,microsoft_Phi-4-mini-instruct-Q4_K_M.gguf,Phi,512,10,2.07,105.5,2034.17,48937.19,14.76,7.1477,0.0,0.0,0.171,8.4315
Apple M5 Max,128.0,0.0,unified,system_level,microsoft_Phi-4-mini-instruct-Q4_K_M.gguf,Phi,2048,1,2.58,119.7,6999.32,2742.62,26.14,4.5792,0.0,0.0,0.91,9.4411
Apple M5 Max,128.0,0.0,unified,system_level,microsoft_Phi-4-mini-instruct-Q4_K_M.gguf,Phi,2048,2,2.07,113.2,8078.9,49086.06,18.06,6.268,0.0,0.0,0.304,9.4411
Apple M5 Max,128.0,0.0,unified,system_level,microsoft_Phi-4-mini-instruct-Q4_K_M.gguf,Phi,2048,3,1.56,118.0,8763.37,116.84,18.56,6.3578,0.0,0.0,0.0,9.4411
Apple M5 Max,128.0,0.0,unified,system_level,microsoft_Phi-4-mini-instruct-Q4_K_M.gguf,Phi,2048,4,1.56,115.5,8215.0,116.86,20.8,5.5529,0.0,0.0,0.0,9.4411
Apple M5 Max,128.0,0.0,unified,system_level,microsoft_Phi-4-mini-instruct-Q4_K_M.gguf,Phi,2048,5,2.08,102.4,9122.49,49170.58,13.77,7.4365,0.0,0.0,0.123,9.4411
Apple M5 Max,128.0,0.0,unified,system_level,microsoft_Phi-4-mini-instruct-Q4_K_M.gguf,Phi,2048,6,2.07,104.0,9628.58,49112.95,14.16,7.3446,0.0,0.0,0.144,9.4411
Apple M5 Max,128.0,0.0,unified,system_level,microsoft_Phi-4-mini-instruct-Q4_K_M.gguf,Phi,2048,7,2.07,109.3,8050.31,48944.14,16.09,6.793,0.0,0.0,0.239,9.4411
Apple M5 Max,128.0,0.0,unified,system_level,microsoft_Phi-4-mini-instruct-Q4_K_M.gguf,Phi,2048,8,2.57,105.9,8480.33,48895.03,14.68,7.2139,0.0,0.0,0.681,9.4411
Apple M5 Max,128.0,0.0,unified,system_level,microsoft_Phi-4-mini-instruct-Q4_K_M.gguf,Phi,2048,9,1.56,117.4,8379.71,116.91,21.16,5.5482,0.0,0.0,0.0,9.4411
Apple M5 Max,128.0,0.0,unified,system_level,microsoft_Phi-4-mini-instruct-Q4_K_M.gguf,Phi,2048,10,1.05,120.5,9200.36,0.0,0.0,0.0,0.0,0.0,0.0,9.4411
Apple M5 Max,128.0,0.0,unified,system_level,microsoft_Phi-4-mini-instruct-Q4_K_M.gguf,Phi,8192,1,2.58,119.2,28026.0,3510.95,26.72,4.4611,0.0,0.0,0.897,8.6588
Apple M5 Max,128.0,0.0,unified,system_level,microsoft_Phi-4-mini-instruct-Q4_K_M.gguf,Phi,8192,2,2.57,106.1,32328.33,3511.03,18.01,5.8912,0.0,0.0,0.689,8.6588
Apple M5 Max,128.0,0.0,unified,system_level,microsoft_Phi-4-mini-instruct-Q4_K_M.gguf,Phi,8192,3,2.08,105.9,36119.93,3511.05,15.81,6.6983,0.0,0.0,0.189,8.6588
Apple M5 Max,128.0,0.0,unified,system_level,microsoft_Phi-4-mini-instruct-Q4_K_M.gguf,Phi,8192,4,2.58,101.6,38843.05,3511.02,14.91,6.8142,0.0,0.0,0.607,8.6588
Apple M5 Max,128.0,0.0,unified,system_level,microsoft_Phi-4-mini-instruct-Q4_K_M.gguf,Phi,8192,5,2.58,105.2,34623.84,48943.66,15.22,6.912,0.0,0.0,0.678,8.6588
Apple M5 Max,128.0,0.0,unified,system_level,microsoft_Phi-4-mini-instruct-Q4_K_M.gguf,Phi,8192,6,2.07,106.0,34594.59,3511.02,16.15,6.5635,0.0,0.0,0.185,8.6588
Apple M5 Max,128.0,0.0,unified,system_level,microsoft_Phi-4-mini-instruct-Q4_K_M.gguf,Phi,8192,7,2.57,100.8,37253.3,3510.88,14.29,7.0539,0.0,0.0,0.585,8.6588
Apple M5 Max,128.0,0.0,unified,system_level,microsoft_Phi-4-mini-instruct-Q4_K_M.gguf,Phi,8192,8,2.57,107.2,32546.68,3511.06,18.07,5.9325,0.0,0.0,0.707,8.6588
Apple M5 Max,128.0,0.0,unified,system_level,microsoft_Phi-4-mini-instruct-Q4_K_M.gguf,Phi,8192,9,2.57,103.1,35023.51,3511.03,15.92,6.4761,0.0,0.0,0.633,8.6588
Apple M5 Max,128.0,0.0,unified,system_level,microsoft_Phi-4-mini-instruct-Q4_K_M.gguf,Phi,8192,10,2.58,102.1,37423.48,3510.98,15.2,6.7171,0.0,0.0,0.626,8.6588
Apple M5 Max,128.0,0.0,unified,system_level,Qwen2.5-7B-Instruct-Q4_K_M.gguf,Qwen,512,1,4.1,64.8,1833.15,4595.19,14.11,4.5925,0.0,0.0,1.011,6.5309
Apple M5 Max,128.0,0.0,unified,system_level,Qwen2.5-7B-Instruct-Q4_K_M.gguf,Qwen,512,2,4.1,63.8,917.89,4595.0,12.27,5.1997,0.0,0.0,0.962,6.5309
Apple M5 Max,128.0,0.0,unified,system_level,Qwen2.5-7B-Instruct-Q4_K_M.gguf,Qwen,512,3,4.09,63.9,903.64,4595.17,12.35,5.1741,0.0,0.0,0.964,6.5309
Apple M5 Max,128.0,0.0,unified,system_level,Qwen2.5-7B-Instruct-Q4_K_M.gguf,Qwen,512,4,3.59,64.1,922.52,4595.05,13.03,4.9194,0.0,0.0,0.473,6.5309
Apple M5 Max,128.0,0.0,unified,system_level,Qwen2.5-7B-Instruct-Q4_K_M.gguf,Qwen,512,5,4.09,59.1,1301.14,4595.0,10.2,5.7941,0.0,0.0,0.701,6.5309
Apple M5 Max,128.0,0.0,unified,system_level,Qwen2.5-7B-Instruct-Q4_K_M.gguf,Qwen,512,6,4.1,61.4,1043.83,4595.14,11.1,5.5315,0.0,0.0,0.841,6.5309
Apple M5 Max,128.0,0.0,unified,system_level,Qwen2.5-7B-Instruct-Q4_K_M.gguf,Qwen,512,7,4.1,62.7,955.4,4595.11,11.67,5.3728,0.0,0.0,0.905,6.5309
Apple M5 Max,128.0,0.0,unified,system_level,Qwen2.5-7B-Instruct-Q4_K_M.gguf,Qwen,512,8,4.1,63.2,942.22,4595.03,11.92,5.302,0.0,0.0,0.931,6.5309
Apple M5 Max,128.0,0.0,unified,system_level,Qwen2.5-7B-Instruct-Q4_K_M.gguf,Qwen,512,9,4.1,63.5,932.6,4595.12,12.1,5.2479,0.0,0.0,0.947,6.5309
Apple M5 Max,128.0,0.0,unified,system_level,Qwen2.5-7B-Instruct-Q4_K_M.gguf,Qwen,512,10,4.1,63.4,923.19,4595.11,12.16,5.2138,0.0,0.0,0.941,6.5309
Apple M5 Max,128.0,0.0,unified,system_level,Qwen2.5-7B-Instruct-Q4_K_M.gguf,Qwen,2048,1,3.58,64.0,3255.44,4679.14,14.12,4.5326,0.0,0.0,0.459,6.3431
Apple M5 Max,128.0,0.0,unified,system_level,Qwen2.5-7B-Instruct-Q4_K_M.gguf,Qwen,2048,2,4.08,57.6,4589.87,4679.19,9.67,5.9566,0.0,0.0,0.61,6.3431
Apple M5 Max,128.0,0.0,unified,system_level,Qwen2.5-7B-Instruct-Q4_K_M.gguf,Qwen,2048,3,4.09,60.0,4623.02,4679.25,10.73,5.5918,0.0,0.0,0.76,6.3431
Apple M5 Max,128.0,0.0,unified,system_level,Qwen2.5-7B-Instruct-Q4_K_M.gguf,Qwen,2048,4,4.1,61.2,4116.58,4679.22,11.14,5.4937,0.0,0.0,0.828,6.3431
Apple M5 Max,128.0,0.0,unified,system_level,Qwen2.5-7B-Instruct-Q4_K_M.gguf,Qwen,2048,5,4.1,61.4,3796.81,4679.14,11.37,5.4002,0.0,0.0,0.839,6.3431
Apple M5 Max,128.0,0.0,unified,system_level,Qwen2.5-7B-Instruct-Q4_K_M.gguf,Qwen,2048,6,4.1,61.9,3857.6,4679.2,11.45,5.4061,0.0,0.0,0.866,6.3431
Apple M5 Max,128.0,0.0,unified,system_level,Qwen2.5-7B-Instruct-Q4_K_M.gguf,Qwen,2048,7,4.09,61.9,3790.49,4679.17,11.6,5.3362,0.0,0.0,0.862,6.3431
Apple M5 Max,128.0,0.0,unified,system_level,Qwen2.5-7B-Instruct-Q4_K_M.gguf,Qwen,2048,8,4.09,62.0,3954.43,4679.3,11.54,5.3726,0.0,0.0,0.867,6.3431
Apple M5 Max,128.0,0.0,unified,system_level,Qwen2.5-7B-Instruct-Q4_K_M.gguf,Qwen,2048,9,4.1,61.5,3650.62,4679.12,11.47,5.3618,0.0,0.0,0.844,6.3431
Apple M5 Max,128.0,0.0,unified,system_level,Qwen2.5-7B-Instruct-Q4_K_M.gguf,Qwen,2048,10,4.09,61.4,3719.58,4679.17,11.36,5.4049,0.0,0.0,0.836,6.3431
Apple M5 Max,128.0,0.0,unified,system_level,Qwen2.5-7B-Instruct-Q4_K_M.gguf,Qwen,8192,1,4.08,62.1,14800.36,5015.31,12.63,4.9169,0.0,0.0,0.863,5.9146
Apple M5 Max,128.0,0.0,unified,system_level,Qwen2.5-7B-Instruct-Q4_K_M.gguf,Qwen,8192,2,4.09,60.6,15352.32,5015.44,11.27,5.3771,0.0,0.0,0.787,5.9146
Apple M5 Max,128.0,0.0,unified,system_level,Qwen2.5-7B-Instruct-Q4_K_M.gguf,Qwen,8192,3,4.09,60.0,16119.64,5015.36,10.96,5.4745,0.0,0.0,0.757,5.9146
Apple M5 Max,128.0,0.0,unified,system_level,Qwen2.5-7B-Instruct-Q4_K_M.gguf,Qwen,8192,4,4.09,59.2,15993.75,5015.52,10.68,5.5431,0.0,0.0,0.712,5.9146
Apple M5 Max,128.0,0.0,unified,system_level,Qwen2.5-7B-Instruct-Q4_K_M.gguf,Qwen,8192,5,4.1,59.4,17522.99,5015.52,10.76,5.5204,0.0,0.0,0.73,5.9146
Apple M5 Max,128.0,0.0,unified,system_level,Qwen2.5-7B-Instruct-Q4_K_M.gguf,Qwen,8192,6,4.09,57.7,17541.76,5015.47,11.23,5.138,0.0,0.0,0.627,5.9146
Apple M5 Max,128.0,0.0,unified,system_level,Qwen2.5-7B-Instruct-Q4_K_M.gguf,Qwen,8192,7,4.1,58.3,18652.09,5015.41,10.36,5.6274,0.0,0.0,0.667,5.9146
Apple M5 Max,128.0,0.0,unified,system_level,Qwen2.5-7B-Instruct-Q4_K_M.gguf,Qwen,8192,8,4.11,58.5,17851.38,5015.41,10.39,5.6304,0.0,0.0,0.691,5.9146
Apple M5 Max,128.0,0.0,unified,system_level,Qwen2.5-7B-Instruct-Q4_K_M.gguf,Qwen,8192,9,4.09,58.5,18091.87,5015.39,10.42,5.6142,0.0,0.0,0.668,5.9146
Apple M5 Max,128.0,0.0,unified,system_level,Qwen2.5-7B-Instruct-Q4_K_M.gguf,Qwen,8192,10,4.09,58.5,17504.27,5015.53,10.44,5.6034,0.0,0.0,0.673,5.9146
Apple M5 Max,128.0,0.0,unified,system_level,qwen2.5-3b-instruct-q4_k_m.gguf,Qwen,512,1,2.07,140.3,1446.33,2127.7,22.02,6.3715,0.0,0.0,0.648,8.5245
Apple M5 Max,128.0,0.0,unified,system_level,qwen2.5-3b-instruct-q4_k_m.gguf,Qwen,512,2,2.06,121.0,576.64,51049.69,12.68,9.5426,0.0,0.0,0.412,8.5245
Apple M5 Max,128.0,0.0,unified,system_level,qwen2.5-3b-instruct-q4_k_m.gguf,Qwen,512,3,2.57,115.2,586.48,2127.39,11.17,10.3133,0.0,0.0,0.838,8.5245
Apple M5 Max,128.0,0.0,unified,system_level,qwen2.5-3b-instruct-q4_k_m.gguf,Qwen,512,4,2.07,132.9,522.56,51191.62,16.07,8.2701,0.0,0.0,0.565,8.5245
Apple M5 Max,128.0,0.0,unified,system_level,qwen2.5-3b-instruct-q4_k_m.gguf,Qwen,512,5,2.06,121.4,589.39,2127.53,14.28,8.5014,0.0,0.0,0.413,8.5245
Apple M5 Max,128.0,0.0,unified,system_level,qwen2.5-3b-instruct-q4_k_m.gguf,Qwen,512,6,2.58,117.1,647.53,2127.69,11.89,9.8486,0.0,0.0,0.868,8.5245
Apple M5 Max,128.0,0.0,unified,system_level,qwen2.5-3b-instruct-q4_k_m.gguf,Qwen,512,7,2.07,132.4,510.88,2127.83,16.49,8.0291,0.0,0.0,0.556,8.5245
Apple M5 Max,128.0,0.0,unified,system_level,qwen2.5-3b-instruct-q4_k_m.gguf,Qwen,512,8,2.07,121.4,585.08,2127.67,12.59,9.6426,0.0,0.0,0.418,8.5245
Apple M5 Max,128.0,0.0,unified,system_level,qwen2.5-3b-instruct-q4_k_m.gguf,Qwen,512,9,2.57,117.0,656.58,2127.55,11.72,9.9829,0.0,0.0,0.864,8.5245
Apple M5 Max,128.0,0.0,unified,system_level,qwen2.5-3b-instruct-q4_k_m.gguf,Qwen,512,10,2.06,130.5,488.83,50812.16,15.82,8.2491,0.0,0.0,0.529,8.5245
Apple M5 Max,128.0,0.0,unified,system_level,qwen2.5-3b-instruct-q4_k_m.gguf,Qwen,2048,1,2.08,138.0,2069.73,50843.86,18.73,7.3679,0.0,0.0,0.627,8.6937
Apple M5 Max,128.0,0.0,unified,system_level,qwen2.5-3b-instruct-q4_k_m.gguf,Qwen,2048,2,2.07,122.7,2313.6,50817.92,13.28,9.2395,0.0,0.0,0.435,8.6937
Apple M5 Max,128.0,0.0,unified,system_level,qwen2.5-3b-instruct-q4_k_m.gguf,Qwen,2048,3,2.58,116.9,2655.95,2182.23,11.83,9.8817,0.0,0.0,0.866,8.6937
Apple M5 Max,128.0,0.0,unified,system_level,qwen2.5-3b-instruct-q4_k_m.gguf,Qwen,2048,4,2.07,133.2,2108.08,2182.38,20.06,6.6401,0.0,0.0,0.565,8.6937
Apple M5 Max,128.0,0.0,unified,system_level,qwen2.5-3b-instruct-q4_k_m.gguf,Qwen,2048,5,2.06,119.7,2292.37,2182.38,12.37,9.6766,0.0,0.0,0.387,8.6937
Apple M5 Max,128.0,0.0,unified,system_level,qwen2.5-3b-instruct-q4_k_m.gguf,Qwen,2048,6,2.57,115.6,2690.84,2182.16,11.22,10.303,0.0,0.0,0.843,8.6937
Apple M5 Max,128.0,0.0,unified,system_level,qwen2.5-3b-instruct-q4_k_m.gguf,Qwen,2048,7,2.07,131.9,2194.6,2182.28,16.43,8.028,0.0,0.0,0.556,8.6937
Apple M5 Max,128.0,0.0,unified,system_level,qwen2.5-3b-instruct-q4_k_m.gguf,Qwen,2048,8,2.06,120.3,2304.49,51250.16,12.51,9.6163,0.0,0.0,0.401,8.6937
Apple M5 Max,128.0,0.0,unified,system_level,qwen2.5-3b-instruct-q4_k_m.gguf,Qwen,2048,9,2.57,114.6,2433.75,2182.3,10.96,10.4562,0.0,0.0,0.83,8.6937
Apple M5 Max,128.0,0.0,unified,system_level,qwen2.5-3b-instruct-q4_k_m.gguf,Qwen,2048,10,2.07,131.6,2147.43,50811.09,15.81,8.3238,0.0,0.0,0.553,8.6937
Apple M5 Max,128.0,0.0,unified,system_level,qwen2.5-3b-instruct-q4_k_m.gguf,Qwen,8192,1,2.08,145.0,7873.14,2398.02,22.57,6.4245,0.0,0.0,0.705,7.355
Apple M5 Max,128.0,0.0,unified,system_level,qwen2.5-3b-instruct-q4_k_m.gguf,Qwen,8192,2,2.08,118.6,8102.87,2398.09,13.67,8.6759,0.0,0.0,0.397,7.355
Apple M5 Max,128.0,0.0,unified,system_level,qwen2.5-3b-instruct-q4_k_m.gguf,Qwen,8192,3,2.6,114.5,10848.89,2398.11,11.13,10.2875,0.0,0.0,0.851,7.355
Apple M5 Max,128.0,0.0,unified,system_level,qwen2.5-3b-instruct-q4_k_m.gguf,Qwen,8192,4,2.09,124.8,8533.33,2398.06,16.07,7.766,0.0,0.0,0.487,7.355
Apple M5 Max,128.0,0.0,unified,system_level,qwen2.5-3b-instruct-q4_k_m.gguf,Qwen,8192,5,2.59,116.6,10460.99,2398.05,11.76,9.915,0.0,0.0,0.875,7.355
Apple M5 Max,128.0,0.0,unified,system_level,qwen2.5-3b-instruct-q4_k_m.gguf,Qwen,8192,6,2.08,132.1,8457.57,2398.05,16.09,8.2101,0.0,0.0,0.57,7.355
Apple M5 Max,128.0,0.0,unified,system_level,qwen2.5-3b-instruct-q4_k_m.gguf,Qwen,8192,7,2.08,120.0,9620.67,2398.06,12.84,9.3458,0.0,0.0,0.418,7.355
Apple M5 Max,128.0,0.0,unified,system_level,qwen2.5-3b-instruct-q4_k_m.gguf,Qwen,8192,8,2.59,115.0,10814.52,2398.02,11.5,10.0,0.0,0.0,0.849,7.355
Apple M5 Max,128.0,0.0,unified,system_level,qwen2.5-3b-instruct-q4_k_m.gguf,Qwen,8192,9,2.09,129.7,8504.1,2398.17,15.95,8.1317,0.0,0.0,0.544,7.355
Apple M5 Max,128.0,0.0,unified,system_level,qwen2.5-3b-instruct-q4_k_m.gguf,Qwen,8192,10,2.08,119.6,9562.27,2398.08,12.54,9.5375,0.0,0.0,0.409,7.355
Apple M5 Max,128.0,0.0,unified,system_level,qwen2.5-3b-instruct-q5_k_m.gguf,Qwen,512,1,2.61,93.3,546.42,2446.02,18.52,5.0378,0.0,0.0,0.469,8.4883
Apple M5 Max,128.0,0.0,unified,system_level,qwen2.5-3b-instruct-q5_k_m.gguf,Qwen,512,2,3.62,67.1,869.12,2445.89,12.07,5.5592,0.0,0.0,0.637,8.4883
Apple M5 Max,128.0,0.0,unified,system_level,qwen2.5-3b-instruct-q5_k_m.gguf,Qwen,512,3,3.61,72.7,778.35,2446.36,12.45,5.8394,0.0,0.0,0.862,8.4883
Apple M5 Max,128.0,0.0,unified,system_level,qwen2.5-3b-instruct-q5_k_m.gguf,Qwen,512,4,3.62,79.6,666.75,2446.44,12.67,6.2826,0.0,0.0,1.106,8.4883
Apple M5 Max,128.0,0.0,unified,system_level,qwen2.5-3b-instruct-q5_k_m.gguf,Qwen,512,5,3.13,81.9,571.62,2446.08,12.58,6.5103,0.0,0.0,0.69,8.4883
Apple M5 Max,128.0,0.0,unified,system_level,qwen2.5-3b-instruct-q5_k_m.gguf,Qwen,512,6,3.63,79.0,726.45,2446.03,12.04,6.5615,0.0,0.0,1.1,8.4883
Apple M5 Max,128.0,0.0,unified,system_level,qwen2.5-3b-instruct-q5_k_m.gguf,Qwen,512,7,3.12,88.0,552.98,2445.89,13.42,6.5574,0.0,0.0,0.847,8.4883
Apple M5 Max,128.0,0.0,unified,system_level,qwen2.5-3b-instruct-q5_k_m.gguf,Qwen,512,8,3.12,85.0,656.16,2446.0,12.94,6.5688,0.0,0.0,0.763,8.4883
Apple M5 Max,128.0,0.0,unified,system_level,qwen2.5-3b-instruct-q5_k_m.gguf,Qwen,512,9,3.11,83.5,650.41,2446.02,12.93,6.4578,0.0,0.0,0.716,8.4883
Apple M5 Max,128.0,0.0,unified,system_level,qwen2.5-3b-instruct-q5_k_m.gguf,Qwen,512,10,3.11,82.6,652.64,2445.92,13.06,6.3247,0.0,0.0,0.69,8.4883
Apple M5 Max,128.0,0.0,unified,system_level,qwen2.5-3b-instruct-q5_k_m.gguf,Qwen,2048,1,3.11,90.4,2818.22,2500.7,15.26,5.924,0.0,0.0,0.901,8.5948
Apple M5 Max,128.0,0.0,unified,system_level,qwen2.5-3b-instruct-q5_k_m.gguf,Qwen,2048,2,3.11,83.1,2493.91,2500.62,13.03,6.3776,0.0,0.0,0.706,8.5948
Apple M5 Max,128.0,0.0,unified,system_level,qwen2.5-3b-instruct-q5_k_m.gguf,Qwen,2048,3,3.11,80.7,2655.95,2500.64,12.88,6.2655,0.0,0.0,0.629,8.5948
Apple M5 Max,128.0,0.0,unified,system_level,qwen2.5-3b-instruct-q5_k_m.gguf,Qwen,2048,4,3.11,79.1,3534.69,2500.47,12.76,6.1991,0.0,0.0,0.583,8.5948
Apple M5 Max,128.0,0.0,unified,system_level,qwen2.5-3b-instruct-q5_k_m.gguf,Qwen,2048,5,3.11,78.5,3005.58,2500.56,12.66,6.2006,0.0,0.0,0.563,8.5948
Apple M5 Max,128.0,0.0,unified,system_level,qwen2.5-3b-instruct-q5_k_m.gguf,Qwen,2048,6,3.12,78.5,3123.86,2500.56,12.71,6.1762,0.0,0.0,0.574,8.5948
Apple M5 Max,128.0,0.0,unified,system_level,qwen2.5-3b-instruct-q5_k_m.gguf,Qwen,2048,7,3.11,78.3,3010.88,2500.58,12.42,6.3043,0.0,0.0,0.559,8.5948
Apple M5 Max,128.0,0.0,unified,system_level,qwen2.5-3b-instruct-q5_k_m.gguf,Qwen,2048,8,3.11,80.4,3000.73,2500.69,12.22,6.5794,0.0,0.0,0.627,8.5948
Apple M5 Max,128.0,0.0,unified,system_level,qwen2.5-3b-instruct-q5_k_m.gguf,Qwen,2048,9,3.11,76.5,3889.1,2500.52,12.54,6.1005,0.0,0.0,0.499,8.5948
Apple M5 Max,128.0,0.0,unified,system_level,qwen2.5-3b-instruct-q5_k_m.gguf,Qwen,2048,10,3.12,80.2,3045.81,2500.73,12.1,6.6281,0.0,0.0,0.626,8.5948
Apple M5 Max,128.0,0.0,unified,system_level,qwen2.5-3b-instruct-q5_k_m.gguf,Qwen,8192,1,3.12,74.9,9280.62,2716.34,14.67,5.1057,0.0,0.0,0.45,7.1524
Apple M5 Max,128.0,0.0,unified,system_level,qwen2.5-3b-instruct-q5_k_m.gguf,Qwen,8192,2,3.63,66.4,14948.91,2716.45,11.94,5.5611,0.0,0.0,0.619,7.1524
Apple M5 Max,128.0,0.0,unified,system_level,qwen2.5-3b-instruct-q5_k_m.gguf,Qwen,8192,3,3.62,71.6,16221.78,2716.33,12.22,5.8592,0.0,0.0,0.826,7.1524
Apple M5 Max,128.0,0.0,unified,system_level,qwen2.5-3b-instruct-q5_k_m.gguf,Qwen,8192,4,3.63,67.1,12054.15,2716.41,12.7,5.2835,0.0,0.0,0.652,7.1524
Apple M5 Max,128.0,0.0,unified,system_level,qwen2.5-3b-instruct-q5_k_m.gguf,Qwen,8192,5,3.62,66.4,12746.23,2716.33,12.45,5.3333,0.0,0.0,0.606,7.1524
Apple M5 Max,128.0,0.0,unified,system_level,qwen2.5-3b-instruct-q5_k_m.gguf,Qwen,8192,6,3.63,66.1,13984.29,2716.45,12.26,5.3915,0.0,0.0,0.607,7.1524
Apple M5 Max,128.0,0.0,unified,system_level,qwen2.5-3b-instruct-q5_k_m.gguf,Qwen,8192,7,4.14,66.1,17743.12,2716.33,12.21,5.4136,0.0,0.0,1.111,7.1524
Apple M5 Max,128.0,0.0,unified,system_level,qwen2.5-3b-instruct-q5_k_m.gguf,Qwen,8192,8,3.63,73.4,9868.69,2716.48,12.24,5.9967,0.0,0.0,0.904,7.1524
Apple M5 Max,128.0,0.0,unified,system_level,qwen2.5-3b-instruct-q5_k_m.gguf,Qwen,8192,9,3.63,75.3,10630.68,2716.48,12.94,5.8192,0.0,0.0,0.971,7.1524
Apple M5 Max,128.0,0.0,unified,system_level,qwen2.5-3b-instruct-q5_k_m.gguf,Qwen,8192,10,3.63,74.3,10783.2,2716.45,12.68,5.8596,0.0,0.0,0.935,7.1524
Apple M5 Max,128.0,0.0,unified,system_level,qwen2.5-3b-instruct-q8_0.gguf,Qwen,512,1,3.62,64.1,719.51,3568.72,10.91,5.8753,0.0,0.0,0.502,8.4124
Apple M5 Max,128.0,0.0,unified,system_level,qwen2.5-3b-instruct-q8_0.gguf,Qwen,512,2,3.63,64.2,922.86,3568.78,9.05,7.0939,0.0,0.0,0.515,8.4124
Apple M5 Max,128.0,0.0,unified,system_level,qwen2.5-3b-instruct-q8_0.gguf,Qwen,512,3,4.13,63.2,936.19,3568.75,8.66,7.2979,0.0,0.0,0.968,8.4124
Apple M5 Max,128.0,0.0,unified,system_level,qwen2.5-3b-instruct-q8_0.gguf,Qwen,512,4,3.63,67.7,625.0,3568.72,9.65,7.0155,0.0,0.0,0.676,8.4124
Apple M5 Max,128.0,0.0,unified,system_level,qwen2.5-3b-instruct-q8_0.gguf,Qwen,512,5,3.61,68.9,837.42,3568.73,8.82,7.8118,0.0,0.0,0.709,8.4124
Apple M5 Max,128.0,0.0,unified,system_level,qwen2.5-3b-instruct-q8_0.gguf,Qwen,512,6,4.1,64.5,728.1,3569.78,9.56,6.7469,0.0,0.0,1.004,8.4124
Apple M5 Max,128.0,0.0,unified,system_level,qwen2.5-3b-instruct-q8_0.gguf,Qwen,512,7,3.61,77.4,624.62,3568.7,10.73,7.2134,0.0,0.0,1.021,8.4124
Apple M5 Max,128.0,0.0,unified,system_level,qwen2.5-3b-instruct-q8_0.gguf,Qwen,512,8,3.09,92.1,600.16,3568.84,11.55,7.974,0.0,0.0,0.917,8.4124
Apple M5 Max,128.0,0.0,unified,system_level,qwen2.5-3b-instruct-q8_0.gguf,Qwen,512,9,3.1,84.7,542.72,3568.81,10.29,8.2313,0.0,0.0,0.739,8.4124
Apple M5 Max,128.0,0.0,unified,system_level,qwen2.5-3b-instruct-q8_0.gguf,Qwen,512,10,3.09,88.1,653.81,3568.81,10.43,8.4468,0.0,0.0,0.816,8.4124
Apple M5 Max,128.0,0.0,unified,system_level,qwen2.5-3b-instruct-q8_0.gguf,Qwen,2048,1,3.09,90.6,2052.52,3623.44,13.98,6.4807,0.0,0.0,0.878,8.532
Apple M5 Max,128.0,0.0,unified,system_level,qwen2.5-3b-instruct-q8_0.gguf,Qwen,2048,2,3.08,86.1,2160.79,3623.31,10.44,8.2471,0.0,0.0,0.762,8.532
Apple M5 Max,128.0,0.0,unified,system_level,qwen2.5-3b-instruct-q8_0.gguf,Qwen,2048,3,3.09,87.3,2550.12,3623.34,10.62,8.2203,0.0,0.0,0.8,8.532
Apple M5 Max,128.0,0.0,unified,system_level,qwen2.5-3b-instruct-q8_0.gguf,Qwen,2048,4,3.08,86.5,2282.91,3623.44,10.33,8.3737,0.0,0.0,0.773,8.532
Apple M5 Max,128.0,0.0,unified,system_level,qwen2.5-3b-instruct-q8_0.gguf,Qwen,2048,5,3.09,87.2,2570.6,3623.42,10.65,8.1878,0.0,0.0,0.795,8.532
Apple M5 Max,128.0,0.0,unified,system_level,qwen2.5-3b-instruct-q8_0.gguf,Qwen,2048,6,3.08,86.9,2439.26,3623.41,10.56,8.2292,0.0,0.0,0.779,8.532
Apple M5 Max,128.0,0.0,unified,system_level,qwen2.5-3b-instruct-q8_0.gguf,Qwen,2048,7,3.09,87.0,2485.44,3623.31,10.46,8.3174,0.0,0.0,0.788,8.532
Apple M5 Max,128.0,0.0,unified,system_level,qwen2.5-3b-instruct-q8_0.gguf,Qwen,2048,8,3.09,86.7,2365.99,3623.45,10.53,8.2336,0.0,0.0,0.783,8.532
Apple M5 Max,128.0,0.0,unified,system_level,qwen2.5-3b-instruct-q8_0.gguf,Qwen,2048,9,3.09,86.7,2486.64,3623.39,10.56,8.2102,0.0,0.0,0.781,8.532
Apple M5 Max,128.0,0.0,unified,system_level,qwen2.5-3b-instruct-q8_0.gguf,Qwen,2048,10,3.08,87.8,2423.1,3623.36,10.45,8.4019,0.0,0.0,0.807,8.532
Apple M5 Max,128.0,0.0,unified,system_level,qwen2.5-3b-instruct-q8_0.gguf,Qwen,8192,1,3.09,95.0,10158.73,3839.25,16.63,5.7126,0.0,0.0,0.985,7.1265
Apple M5 Max,128.0,0.0,unified,system_level,qwen2.5-3b-instruct-q8_0.gguf,Qwen,8192,2,3.09,87.8,10592.19,3839.25,10.88,8.0699,0.0,0.0,0.811,7.1265
Apple M5 Max,128.0,0.0,unified,system_level,qwen2.5-3b-instruct-q8_0.gguf,Qwen,8192,3,3.08,87.1,10199.2,3839.17,10.64,8.1861,0.0,0.0,0.783,7.1265
Apple M5 Max,128.0,0.0,unified,system_level,qwen2.5-3b-instruct-q8_0.gguf,Qwen,8192,4,3.08,86.9,10186.52,3839.25,10.52,8.2605,0.0,0.0,0.781,7.1265
Apple M5 Max,128.0,0.0,unified,system_level,qwen2.5-3b-instruct-q8_0.gguf,Qwen,8192,5,3.08,86.1,9639.92,3839.19,10.35,8.3188,0.0,0.0,0.756,7.1265
Apple M5 Max,128.0,0.0,unified,system_level,qwen2.5-3b-instruct-q8_0.gguf,Qwen,8192,6,3.09,86.2,10000.0,3839.2,10.43,8.2646,0.0,0.0,0.767,7.1265
Apple M5 Max,128.0,0.0,unified,system_level,qwen2.5-3b-instruct-q8_0.gguf,Qwen,8192,7,3.08,86.5,10098.62,3839.27,10.46,8.2696,0.0,0.0,0.769,7.1265
Apple M5 Max,128.0,0.0,unified,system_level,qwen2.5-3b-instruct-q8_0.gguf,Qwen,8192,8,3.08,86.3,9654.68,3839.2,10.32,8.3624,0.0,0.0,0.761,7.1265
Apple M5 Max,128.0,0.0,unified,system_level,qwen2.5-3b-instruct-q8_0.gguf,Qwen,8192,9,3.08,86.6,10435.67,3839.28,10.46,8.2792,0.0,0.0,0.771,7.1265
Apple M5 Max,128.0,0.0,unified,system_level,qwen2.5-3b-instruct-q8_0.gguf,Qwen,8192,10,3.09,86.6,9905.68,3839.17,10.39,8.3349,0.0,0.0,0.776,7.1265
