1780403727.306337,DeepSeek-R1-Distill-Qwen-7B-Q4_K_M.gguf,4594.08,52.9522,0.0,0.0
1780403727.825603,DeepSeek-R1-Distill-Qwen-7B-Q4_K_M.gguf,4594.16,53.634800000000006,0.0,0.0
1780403728.345749,DeepSeek-R1-Distill-Qwen-7B-Q4_K_M.gguf,20457.62,53.7849,0.0,0.0
1780403729.879696,DeepSeek-R1-Distill-Qwen-7B-Q4_K_M.gguf,4594.11,53.4833,0.0,0.0
1780403730.398144,DeepSeek-R1-Distill-Qwen-7B-Q4_K_M.gguf,4594.19,54.077,0.0,0.0
1780403730.919488,DeepSeek-R1-Distill-Qwen-7B-Q4_K_M.gguf,20425.52,54.3161,0.0,0.0
1780403732.460174,DeepSeek-R1-Distill-Qwen-7B-Q4_K_M.gguf,4594.03,53.8745,0.0,0.0
1780403732.9787679,DeepSeek-R1-Distill-Qwen-7B-Q4_K_M.gguf,4594.09,54.4432,0.0,0.0
1780403735.0364292,DeepSeek-R1-Distill-Qwen-7B-Q4_K_M.gguf,4594.06,54.255199999999995,0.0,0.0
1780403735.554729,DeepSeek-R1-Distill-Qwen-7B-Q4_K_M.gguf,4594.11,54.874,0.0,0.0
1780403736.0760262,DeepSeek-R1-Distill-Qwen-7B-Q4_K_M.gguf,20672.66,55.0106,0.0,0.0
1780403737.6174688,DeepSeek-R1-Distill-Qwen-7B-Q4_K_M.gguf,4594.16,54.591699999999996,0.0,0.0
1780403738.136925,DeepSeek-R1-Distill-Qwen-7B-Q4_K_M.gguf,4594.22,55.0675,0.0,0.0
1780403740.20085,DeepSeek-R1-Distill-Qwen-7B-Q4_K_M.gguf,4594.25,54.8441,0.0,0.0
1780403740.7195258,DeepSeek-R1-Distill-Qwen-7B-Q4_K_M.gguf,4594.3,55.390800000000006,0.0,0.0
1780403742.7659972,DeepSeek-R1-Distill-Qwen-7B-Q4_K_M.gguf,4594.11,54.9829,0.0,0.0
1780403743.285056,DeepSeek-R1-Distill-Qwen-7B-Q4_K_M.gguf,4594.16,55.4891,0.0,0.0
1780403743.807539,DeepSeek-R1-Distill-Qwen-7B-Q4_K_M.gguf,20695.05,53.02,0.0,0.0
1780403745.355177,DeepSeek-R1-Distill-Qwen-7B-Q4_K_M.gguf,4594.11,52.0807,0.0,0.0
1780403745.874418,DeepSeek-R1-Distill-Qwen-7B-Q4_K_M.gguf,4594.16,39.8837,0.0,0.0
1780403746.3967528,DeepSeek-R1-Distill-Qwen-7B-Q4_K_M.gguf,104.53,35.301,0.0,0.0
1780403747.938112,DeepSeek-R1-Distill-Qwen-7B-Q4_K_M.gguf,4593.98,42.393,0.0,0.0
1780403748.456682,DeepSeek-R1-Distill-Qwen-7B-Q4_K_M.gguf,4594.03,30.1323,0.0,0.0
1780403748.976894,DeepSeek-R1-Distill-Qwen-7B-Q4_K_M.gguf,186.5,29.0266,0.0,0.0
1780403751.0336452,DeepSeek-R1-Distill-Qwen-7B-Q4_K_M.gguf,4594.02,51.9267,0.0,0.0
1780403751.552154,DeepSeek-R1-Distill-Qwen-7B-Q4_K_M.gguf,4594.08,42.098099999999995,0.0,0.0
1780403752.0768251,DeepSeek-R1-Distill-Qwen-7B-Q4_K_M.gguf,104.45,38.9342,0.0,0.0
1780403758.245557,DeepSeek-R1-Distill-Qwen-7B-Q4_K_M.gguf,4678.17,55.8945,0.0,0.0
1780403758.764693,DeepSeek-R1-Distill-Qwen-7B-Q4_K_M.gguf,4678.27,56.590300000000006,0.0,0.0
1780403760.816778,DeepSeek-R1-Distill-Qwen-7B-Q4_K_M.gguf,4678.19,52.8241,0.0,0.0
1780403761.337054,DeepSeek-R1-Distill-Qwen-7B-Q4_K_M.gguf,4678.25,41.317699999999995,0.0,0.0
1780403761.8603032,DeepSeek-R1-Distill-Qwen-7B-Q4_K_M.gguf,104.61,37.435300000000005,0.0,0.0
1780403763.413449,DeepSeek-R1-Distill-Qwen-7B-Q4_K_M.gguf,4678.09,44.4606,0.0,0.0
1780403763.9334788,DeepSeek-R1-Distill-Qwen-7B-Q4_K_M.gguf,4678.17,30.3142,0.0,0.0
1780403764.4528692,DeepSeek-R1-Distill-Qwen-7B-Q4_K_M.gguf,104.5,29.2235,0.0,0.0
1780403766.537054,DeepSeek-R1-Distill-Qwen-7B-Q4_K_M.gguf,4678.2,52.846599999999995,0.0,0.0
1780403767.055722,DeepSeek-R1-Distill-Qwen-7B-Q4_K_M.gguf,4678.28,41.758,0.0,0.0
1780403769.0640872,DeepSeek-R1-Distill-Qwen-7B-Q4_K_M.gguf,4678.19,47.294599999999996,0.0,0.0
1780403769.5836039,DeepSeek-R1-Distill-Qwen-7B-Q4_K_M.gguf,4678.23,33.9409,0.0,0.0
1780403770.102924,DeepSeek-R1-Distill-Qwen-7B-Q4_K_M.gguf,104.58,32.1233,0.0,0.0
1780403771.647634,DeepSeek-R1-Distill-Qwen-7B-Q4_K_M.gguf,4678.14,40.7693,0.0,0.0
1780403772.1665258,DeepSeek-R1-Distill-Qwen-7B-Q4_K_M.gguf,4678.23,31.249299999999998,0.0,0.0
1780403772.686504,DeepSeek-R1-Distill-Qwen-7B-Q4_K_M.gguf,4678.28,30.6107,0.0,0.0
1780403774.757051,DeepSeek-R1-Distill-Qwen-7B-Q4_K_M.gguf,4678.11,53.4586,0.0,0.0
1780403775.276496,DeepSeek-R1-Distill-Qwen-7B-Q4_K_M.gguf,4678.17,43.4874,0.0,0.0
1780403777.3442829,DeepSeek-R1-Distill-Qwen-7B-Q4_K_M.gguf,4678.22,48.497699999999995,0.0,0.0
1780403777.863056,DeepSeek-R1-Distill-Qwen-7B-Q4_K_M.gguf,4678.31,34.2382,0.0,0.0
1780403779.9353821,DeepSeek-R1-Distill-Qwen-7B-Q4_K_M.gguf,4678.19,42.1436,0.0,0.0
1780403780.453593,DeepSeek-R1-Distill-Qwen-7B-Q4_K_M.gguf,4678.25,30.6597,0.0,0.0
1780403780.973739,DeepSeek-R1-Distill-Qwen-7B-Q4_K_M.gguf,104.62,30.3145,0.0,0.0
1780403783.0296562,DeepSeek-R1-Distill-Qwen-7B-Q4_K_M.gguf,4678.27,55.5742,0.0,0.0
1780403783.5476658,DeepSeek-R1-Distill-Qwen-7B-Q4_K_M.gguf,4678.33,45.1952,0.0,0.0
1780403805.861071,DeepSeek-R1-Distill-Qwen-7B-Q4_K_M.gguf,5014.48,56.651300000000006,0.0,0.0
1780403806.379854,DeepSeek-R1-Distill-Qwen-7B-Q4_K_M.gguf,5014.55,54.5244,0.0,0.0
1780403806.916516,DeepSeek-R1-Distill-Qwen-7B-Q4_K_M.gguf,21178.09,44.633300000000006,0.0,0.0
1780403808.474781,DeepSeek-R1-Distill-Qwen-7B-Q4_K_M.gguf,5014.34,48.1923,0.0,0.0
1780403808.994007,DeepSeek-R1-Distill-Qwen-7B-Q4_K_M.gguf,5014.41,32.979800000000004,0.0,0.0
1780403809.5133598,DeepSeek-R1-Distill-Qwen-7B-Q4_K_M.gguf,104.73,31.003,0.0,0.0
1780403811.5488782,DeepSeek-R1-Distill-Qwen-7B-Q4_K_M.gguf,5014.41,54.3916,0.0,0.0
1780403812.067507,DeepSeek-R1-Distill-Qwen-7B-Q4_K_M.gguf,5014.44,42.7315,0.0,0.0
1780403812.5907578,DeepSeek-R1-Distill-Qwen-7B-Q4_K_M.gguf,21182.56,38.6713,0.0,0.0
1780403814.139275,DeepSeek-R1-Distill-Qwen-7B-Q4_K_M.gguf,5014.42,46.0197,0.0,0.0
1780403814.658684,DeepSeek-R1-Distill-Qwen-7B-Q4_K_M.gguf,5014.47,33.1885,0.0,0.0
1780403815.178148,DeepSeek-R1-Distill-Qwen-7B-Q4_K_M.gguf,4250.97,31.254099999999998,0.0,0.0
1780403817.240183,DeepSeek-R1-Distill-Qwen-7B-Q4_K_M.gguf,5014.27,55.8322,0.0,0.0
1780403817.7585762,DeepSeek-R1-Distill-Qwen-7B-Q4_K_M.gguf,5014.33,45.6496,0.0,0.0
1780403818.2804759,DeepSeek-R1-Distill-Qwen-7B-Q4_K_M.gguf,104.67,40.3906,0.0,0.0
1780403819.825944,DeepSeek-R1-Distill-Qwen-7B-Q4_K_M.gguf,5014.42,47.5619,0.0,0.0
1780403820.34516,DeepSeek-R1-Distill-Qwen-7B-Q4_K_M.gguf,5014.45,34.3355,0.0,0.0
1780403820.864616,DeepSeek-R1-Distill-Qwen-7B-Q4_K_M.gguf,4346.97,32.4586,0.0,0.0
1780403822.930329,DeepSeek-R1-Distill-Qwen-7B-Q4_K_M.gguf,5014.39,55.8582,0.0,0.0
1780403823.448479,DeepSeek-R1-Distill-Qwen-7B-Q4_K_M.gguf,5014.47,46.6725,0.0,0.0
1780403825.519605,DeepSeek-R1-Distill-Qwen-7B-Q4_K_M.gguf,5014.33,48.938900000000004,0.0,0.0
1780403826.0398872,DeepSeek-R1-Distill-Qwen-7B-Q4_K_M.gguf,5014.47,34.566199999999995,0.0,0.0
1780403826.560065,DeepSeek-R1-Distill-Qwen-7B-Q4_K_M.gguf,698.91,32.4534,0.0,0.0
1780403828.608242,DeepSeek-R1-Distill-Qwen-7B-Q4_K_M.gguf,5014.44,55.9101,0.0,0.0
1780403829.128177,DeepSeek-R1-Distill-Qwen-7B-Q4_K_M.gguf,5014.53,46.084300000000006,0.0,0.0
1780403831.1935732,DeepSeek-R1-Distill-Qwen-7B-Q4_K_M.gguf,5014.25,49.5837,0.0,0.0
1780403831.712671,DeepSeek-R1-Distill-Qwen-7B-Q4_K_M.gguf,5014.3,34.588,0.0,0.0
1780403832.232615,DeepSeek-R1-Distill-Qwen-7B-Q4_K_M.gguf,104.67,32.6377,0.0,0.0
1780403836.863916,falcon-11B-Q4_K_M.gguf,76.73,63.206900000000005,0.0,0.0
1780403838.432671,falcon-11B-Q4_K_M.gguf,6728.16,63.1595,0.0,0.0
1780403840.510998,falcon-11B-Q4_K_M.gguf,6728.22,63.256,0.0,0.0
1780403841.0308511,falcon-11B-Q4_K_M.gguf,6728.27,63.7635,0.0,0.0
1780403841.551164,falcon-11B-Q4_K_M.gguf,6728.27,63.7821,0.0,0.0
1780403842.070925,falcon-11B-Q4_K_M.gguf,6728.33,52.471199999999996,0.0,0.0
1780403844.118173,falcon-11B-Q4_K_M.gguf,76.72,46.276300000000006,0.0,0.0
1780403845.678675,falcon-11B-Q4_K_M.gguf,76.77,49.2347,0.0,0.0
1780403848.289464,falcon-11B-Q4_K_M.gguf,6728.17,49.2319,0.0,0.0
1780403848.809128,falcon-11B-Q4_K_M.gguf,6728.23,36.7615,0.0,0.0
1780403849.328885,falcon-11B-Q4_K_M.gguf,6728.27,34.5398,0.0,0.0
1780403849.849608,falcon-11B-Q4_K_M.gguf,6728.33,30.5385,0.0,0.0
1780403851.8739488,falcon-11B-Q4_K_M.gguf,6728.22,35.004400000000004,0.0,0.0
1780403852.3932621,falcon-11B-Q4_K_M.gguf,6728.27,29.4155,0.0,0.0
1780403852.9131572,falcon-11B-Q4_K_M.gguf,6728.31,29.3247,0.0,0.0
1780403854.9774022,falcon-11B-Q4_K_M.gguf,6728.2,45.1232,0.0,0.0
1780403855.496381,falcon-11B-Q4_K_M.gguf,6728.27,35.3611,0.0,0.0
1780403856.0167391,falcon-11B-Q4_K_M.gguf,6728.31,34.270199999999996,0.0,0.0
1780403858.075836,falcon-11B-Q4_K_M.gguf,6728.11,38.8768,0.0,0.0
1780403858.595315,falcon-11B-Q4_K_M.gguf,6728.16,31.8176,0.0,0.0
1780403859.114569,falcon-11B-Q4_K_M.gguf,6728.19,30.9597,0.0,0.0
1780403859.6344352,falcon-11B-Q4_K_M.gguf,6728.23,29.254099999999998,0.0,0.0
1780403860.1543412,falcon-11B-Q4_K_M.gguf,4305.2,28.245900000000002,0.0,0.0
1780403868.813519,falcon-11B-Q4_K_M.gguf,7088.22,58.4973,0.0,0.0
1780403869.332715,falcon-11B-Q4_K_M.gguf,7088.3,44.8831,0.0,0.0
1780403869.8526871,falcon-11B-Q4_K_M.gguf,7088.34,38.0219,0.0,0.0
1780403870.372606,falcon-11B-Q4_K_M.gguf,7088.39,32.0125,0.0,0.0
1780403870.896068,falcon-11B-Q4_K_M.gguf,77.02,27.6007,0.0,0.0
1780403872.909237,falcon-11B-Q4_K_M.gguf,7088.34,52.2962,0.0,0.0
1780403873.428564,falcon-11B-Q4_K_M.gguf,7088.41,41.0027,0.0,0.0
1780403873.947694,falcon-11B-Q4_K_M.gguf,7088.42,36.892,0.0,0.0
1780403874.46839,falcon-11B-Q4_K_M.gguf,7088.48,32.4581,0.0,0.0
1780403876.4903271,falcon-11B-Q4_K_M.gguf,7088.27,36.232800000000005,0.0,0.0
1780403877.009593,falcon-11B-Q4_K_M.gguf,7088.3,29.205,0.0,0.0
1780403877.528624,falcon-11B-Q4_K_M.gguf,7088.34,28.9098,0.0,0.0
1780403878.0483232,falcon-11B-Q4_K_M.gguf,7088.34,28.12,0.0,0.0
1780403878.568495,falcon-11B-Q4_K_M.gguf,7088.38,27.6049,0.0,0.0
1780403880.588732,falcon-11B-Q4_K_M.gguf,7088.23,52.7969,0.0,0.0
1780403881.107786,falcon-11B-Q4_K_M.gguf,7088.3,39.7506,0.0,0.0
1780403881.6269372,falcon-11B-Q4_K_M.gguf,7088.3,37.07,0.0,0.0
1780403882.146302,falcon-11B-Q4_K_M.gguf,7088.33,33.7049,0.0,0.0
1780403884.176756,falcon-11B-Q4_K_M.gguf,7088.33,38.545300000000005,0.0,0.0
1780403884.695056,falcon-11B-Q4_K_M.gguf,7088.39,30.077599999999997,0.0,0.0
1780403885.214572,falcon-11B-Q4_K_M.gguf,7088.45,30.1358,0.0,0.0
1780403885.733731,falcon-11B-Q4_K_M.gguf,7088.5,28.7042,0.0,0.0
1780403886.253696,falcon-11B-Q4_K_M.gguf,7088.52,28.3609,0.0,0.0
1780403889.323066,falcon-11B-Q4_K_M.gguf,7088.25,62.9511,0.0,0.0
1780403889.841998,falcon-11B-Q4_K_M.gguf,7088.31,52.3544,0.0,0.0
1780403890.362545,falcon-11B-Q4_K_M.gguf,7088.36,44.428599999999996,0.0,0.0
1780403890.881301,falcon-11B-Q4_K_M.gguf,7088.41,38.5383,0.0,0.0
1780403892.9304981,falcon-11B-Q4_K_M.gguf,76.97,42.1622,0.0,0.0
1780403894.500062,falcon-11B-Q4_K_M.gguf,7088.27,44.0535,0.0,0.0
1780403895.019032,falcon-11B-Q4_K_M.gguf,7088.28,34.098,0.0,0.0
1780403895.53865,falcon-11B-Q4_K_M.gguf,7088.33,32.1049,0.0,0.0
1780403896.058388,falcon-11B-Q4_K_M.gguf,7088.38,30.0006,0.0,0.0
1780403896.578193,falcon-11B-Q4_K_M.gguf,5025.48,28.436799999999998,0.0,0.0
1780403898.602988,falcon-11B-Q4_K_M.gguf,7088.14,55.680699999999995,0.0,0.0
1780403899.121801,falcon-11B-Q4_K_M.gguf,7088.22,42.4626,0.0,0.0
1780403899.641094,falcon-11B-Q4_K_M.gguf,7088.28,39.7176,0.0,0.0
1780403900.1615648,falcon-11B-Q4_K_M.gguf,7088.31,34.2623,0.0,0.0
1780403939.161283,falcon-11B-Q4_K_M.gguf,27164.81,63.587,0.0,0.0
1780403940.716672,falcon-11B-Q4_K_M.gguf,8528.3,63.620599999999996,0.0,0.0
1780403941.235341,falcon-11B-Q4_K_M.gguf,8528.38,58.2468,0.0,0.0
1780403941.755162,falcon-11B-Q4_K_M.gguf,8528.39,44.7142,0.0,0.0
1780403942.27438,falcon-11B-Q4_K_M.gguf,8528.44,35.8039,0.0,0.0
1780403942.794542,falcon-11B-Q4_K_M.gguf,77.05,29.2615,0.0,0.0
1780403944.822121,falcon-11B-Q4_K_M.gguf,8528.17,54.7488,0.0,0.0
1780403945.341208,falcon-11B-Q4_K_M.gguf,8528.23,37.131099999999996,0.0,0.0
1780403945.860954,falcon-11B-Q4_K_M.gguf,8528.31,32.3187,0.0,0.0
1780403946.380194,falcon-11B-Q4_K_M.gguf,8528.31,28.2447,0.0,0.0
1780403946.899543,falcon-11B-Q4_K_M.gguf,8528.34,26.2102,0.0,0.0
1780403948.909201,falcon-11B-Q4_K_M.gguf,8528.25,50.8658,0.0,0.0
1780403949.4288251,falcon-11B-Q4_K_M.gguf,8528.25,32.996,0.0,0.0
1780403949.9481862,falcon-11B-Q4_K_M.gguf,8528.31,29.012900000000002,0.0,0.0
1780403950.468226,falcon-11B-Q4_K_M.gguf,8528.36,26.6767,0.0,0.0
1780403952.547934,falcon-11B-Q4_K_M.gguf,27245.03,44.363699999999994,0.0,0.0
1780403954.077872,falcon-11B-Q4_K_M.gguf,8528.27,58.3768,0.0,0.0
1780403954.606891,falcon-11B-Q4_K_M.gguf,76.89,41.0226,0.0,0.0
1780403956.155296,falcon-11B-Q4_K_M.gguf,8528.25,56.4179,0.0,0.0
1780403956.674162,falcon-11B-Q4_K_M.gguf,8528.28,38.1495,0.0,0.0
1780403957.192786,falcon-11B-Q4_K_M.gguf,8528.33,31.575,0.0,0.0
1780403957.7124429,falcon-11B-Q4_K_M.gguf,8528.34,27.0721,0.0,0.0
1780403958.2315788,falcon-11B-Q4_K_M.gguf,8528.39,24.764400000000002,0.0,0.0
1780403960.260931,falcon-11B-Q4_K_M.gguf,8528.34,47.2948,0.0,0.0
1780403960.77909,falcon-11B-Q4_K_M.gguf,8528.39,29.5969,0.0,0.0
1780403961.2990038,falcon-11B-Q4_K_M.gguf,8528.41,27.0158,0.0,0.0
1780403961.818455,falcon-11B-Q4_K_M.gguf,8528.47,25.046599999999998,0.0,0.0
1780403962.3377512,falcon-11B-Q4_K_M.gguf,8528.47,24.0872,0.0,0.0
1780403964.360131,falcon-11B-Q4_K_M.gguf,8528.19,42.8305,0.0,0.0
1780403964.8795671,falcon-11B-Q4_K_M.gguf,8528.23,28.8793,0.0,0.0
1780403965.39788,falcon-11B-Q4_K_M.gguf,8528.27,26.3526,0.0,0.0
1780403965.9201322,falcon-11B-Q4_K_M.gguf,8528.27,24.81,0.0,0.0
1780403966.436841,falcon-11B-Q4_K_M.gguf,8528.3,23.8385,0.0,0.0
1780403972.573834,gemma-2-9b-it-Q4_K_M.gguf,5763.89,50.246199999999995,0.0,0.0
1780403973.0928268,gemma-2-9b-it-Q4_K_M.gguf,5763.92,54.790699999999994,0.0,0.0
1780403973.612135,gemma-2-9b-it-Q4_K_M.gguf,5763.94,47.4535,0.0,0.0
1780403974.131828,gemma-2-9b-it-Q4_K_M.gguf,5763.98,36.9497,0.0,0.0
1780403976.1732621,gemma-2-9b-it-Q4_K_M.gguf,5763.66,42.7352,0.0,0.0
1780403976.6918578,gemma-2-9b-it-Q4_K_M.gguf,5763.72,24.8519,0.0,0.0
1780403977.211188,gemma-2-9b-it-Q4_K_M.gguf,5763.73,23.274099999999997,0.0,0.0
1780403977.7312589,gemma-2-9b-it-Q4_K_M.gguf,5763.8,22.6659,0.0,0.0
1780403978.2507021,gemma-2-9b-it-Q4_K_M.gguf,5763.81,22.1455,0.0,0.0
1780403980.277596,gemma-2-9b-it-Q4_K_M.gguf,5763.67,48.488,0.0,0.0
1780403980.796528,gemma-2-9b-it-Q4_K_M.gguf,5763.77,31.5061,0.0,0.0
1780403981.3158998,gemma-2-9b-it-Q4_K_M.gguf,5763.78,27.6199,0.0,0.0
1780403981.835328,gemma-2-9b-it-Q4_K_M.gguf,5763.81,23.943900000000003,0.0,0.0
1780403982.3549492,gemma-2-9b-it-Q4_K_M.gguf,5763.83,22.1222,0.0,0.0
1780403984.3709471,gemma-2-9b-it-Q4_K_M.gguf,5763.75,49.2879,0.0,0.0
1780403984.889463,gemma-2-9b-it-Q4_K_M.gguf,5763.83,32.1042,0.0,0.0
1780403985.408913,gemma-2-9b-it-Q4_K_M.gguf,5763.86,27.695,0.0,0.0
1780403985.9285839,gemma-2-9b-it-Q4_K_M.gguf,5763.91,23.9299,0.0,0.0
1780403986.4479098,gemma-2-9b-it-Q4_K_M.gguf,5763.92,21.7016,0.0,0.0
1780403988.468519,gemma-2-9b-it-Q4_K_M.gguf,5763.66,48.334900000000005,0.0,0.0
1780403988.986909,gemma-2-9b-it-Q4_K_M.gguf,5763.73,31.130599999999998,0.0,0.0
1780403989.506287,gemma-2-9b-it-Q4_K_M.gguf,5763.77,27.0729,0.0,0.0
1780403990.026507,gemma-2-9b-it-Q4_K_M.gguf,5763.81,22.5796,0.0,0.0
1780403990.545233,gemma-2-9b-it-Q4_K_M.gguf,5763.83,21.311700000000002,0.0,0.0
1780403992.563066,gemma-2-9b-it-Q4_K_M.gguf,5763.72,47.1481,0.0,0.0
1780403993.081627,gemma-2-9b-it-Q4_K_M.gguf,5763.78,30.4234,0.0,0.0
1780403993.600982,gemma-2-9b-it-Q4_K_M.gguf,5763.81,26.0533,0.0,0.0
1780403994.121383,gemma-2-9b-it-Q4_K_M.gguf,5763.84,22.5912,0.0,0.0
1780403994.640926,gemma-2-9b-it-Q4_K_M.gguf,5763.88,21.1043,0.0,0.0
1780403996.650547,gemma-2-9b-it-Q4_K_M.gguf,5763.73,47.0683,0.0,0.0
1780403997.17063,gemma-2-9b-it-Q4_K_M.gguf,5763.8,29.1339,0.0,0.0
1780403997.6888099,gemma-2-9b-it-Q4_K_M.gguf,5763.81,24.8232,0.0,0.0
1780403998.208514,gemma-2-9b-it-Q4_K_M.gguf,5763.86,21.9638,0.0,0.0
1780403998.7277892,gemma-2-9b-it-Q4_K_M.gguf,5763.88,20.6982,0.0,0.0
1780404000.761867,gemma-2-9b-it-Q4_K_M.gguf,5763.67,42.5384,0.0,0.0
1780404001.280118,gemma-2-9b-it-Q4_K_M.gguf,5763.72,30.6208,0.0,0.0
1780404001.799992,gemma-2-9b-it-Q4_K_M.gguf,5763.77,25.0653,0.0,0.0
1780404002.319208,gemma-2-9b-it-Q4_K_M.gguf,5763.81,21.6497,0.0,0.0
1780404002.838806,gemma-2-9b-it-Q4_K_M.gguf,5763.81,20.737599999999997,0.0,0.0
1780404004.845015,gemma-2-9b-it-Q4_K_M.gguf,5763.66,42.286199999999994,0.0,0.0
1780404005.365254,gemma-2-9b-it-Q4_K_M.gguf,5763.73,27.8145,0.0,0.0
1780404005.883672,gemma-2-9b-it-Q4_K_M.gguf,5763.8,22.828,0.0,0.0
1780404006.403328,gemma-2-9b-it-Q4_K_M.gguf,5763.83,21.113,0.0,0.0
1780404006.9238322,gemma-2-9b-it-Q4_K_M.gguf,5763.88,20.212400000000002,0.0,0.0
1780404008.972113,gemma-2-9b-it-Q4_K_M.gguf,5763.75,42.6502,0.0,0.0
1780404009.490626,gemma-2-9b-it-Q4_K_M.gguf,5763.78,25.7095,0.0,0.0
1780404010.0106182,gemma-2-9b-it-Q4_K_M.gguf,5763.81,22.2568,0.0,0.0
1780404010.52952,gemma-2-9b-it-Q4_K_M.gguf,5763.84,20.7468,0.0,0.0
1780404011.048888,gemma-2-9b-it-Q4_K_M.gguf,5763.88,19.9952,0.0,0.0
1780404020.1626308,gemma-2-9b-it-Q4_K_M.gguf,6267.41,54.313900000000004,0.0,0.0
1780404020.681694,gemma-2-9b-it-Q4_K_M.gguf,6267.47,37.084900000000005,0.0,0.0
1780404021.201104,gemma-2-9b-it-Q4_K_M.gguf,6267.5,28.9915,0.0,0.0
1780404021.7208252,gemma-2-9b-it-Q4_K_M.gguf,6267.55,22.708099999999998,0.0,0.0
1780404022.240248,gemma-2-9b-it-Q4_K_M.gguf,6267.55,19.4486,0.0,0.0
1780404024.245355,gemma-2-9b-it-Q4_K_M.gguf,6267.44,45.410599999999995,0.0,0.0
1780404024.7650602,gemma-2-9b-it-Q4_K_M.gguf,6267.48,24.532400000000003,0.0,0.0
1780404025.2840478,gemma-2-9b-it-Q4_K_M.gguf,6267.5,21.1983,0.0,0.0
1780404025.803385,gemma-2-9b-it-Q4_K_M.gguf,6267.53,19.967299999999998,0.0,0.0
1780404026.323016,gemma-2-9b-it-Q4_K_M.gguf,6267.58,19.3491,0.0,0.0
1780404028.353751,gemma-2-9b-it-Q4_K_M.gguf,6267.36,37.37,0.0,0.0
1780404028.873653,gemma-2-9b-it-Q4_K_M.gguf,6267.42,24.3081,0.0,0.0
1780404029.392488,gemma-2-9b-it-Q4_K_M.gguf,6267.44,20.6448,0.0,0.0
1780404029.912106,gemma-2-9b-it-Q4_K_M.gguf,6267.47,19.6097,0.0,0.0
1780404030.431372,gemma-2-9b-it-Q4_K_M.gguf,6267.52,19.0035,0.0,0.0
1780404032.46509,gemma-2-9b-it-Q4_K_M.gguf,6267.36,36.0227,0.0,0.0
1780404032.983567,gemma-2-9b-it-Q4_K_M.gguf,6267.41,22.4917,0.0,0.0
1780404033.502804,gemma-2-9b-it-Q4_K_M.gguf,6267.42,20.4114,0.0,0.0
1780404034.0222871,gemma-2-9b-it-Q4_K_M.gguf,6267.45,19.315,0.0,0.0
1780404034.541902,gemma-2-9b-it-Q4_K_M.gguf,6267.52,18.423,0.0,0.0
1780404036.565224,gemma-2-9b-it-Q4_K_M.gguf,6267.38,35.0941,0.0,0.0
1780404037.084485,gemma-2-9b-it-Q4_K_M.gguf,6267.45,21.5802,0.0,0.0
1780404037.603083,gemma-2-9b-it-Q4_K_M.gguf,6267.48,19.953,0.0,0.0
1780404038.123528,gemma-2-9b-it-Q4_K_M.gguf,6267.52,19.411900000000003,0.0,0.0
1780404038.642866,gemma-2-9b-it-Q4_K_M.gguf,6267.61,18.4742,0.0,0.0
1780404040.659522,gemma-2-9b-it-Q4_K_M.gguf,6267.44,32.4541,0.0,0.0
1780404041.178335,gemma-2-9b-it-Q4_K_M.gguf,6267.48,21.8165,0.0,0.0
1780404041.697324,gemma-2-9b-it-Q4_K_M.gguf,6267.5,19.469,0.0,0.0
1780404042.216682,gemma-2-9b-it-Q4_K_M.gguf,6267.55,19.0445,0.0,0.0
1780404042.736196,gemma-2-9b-it-Q4_K_M.gguf,6267.59,18.5491,0.0,0.0
1780404044.764152,gemma-2-9b-it-Q4_K_M.gguf,6267.33,31.8912,0.0,0.0
1780404045.282725,gemma-2-9b-it-Q4_K_M.gguf,6267.41,21.4712,0.0,0.0
1780404045.802217,gemma-2-9b-it-Q4_K_M.gguf,6267.45,19.5145,0.0,0.0
1780404046.321886,gemma-2-9b-it-Q4_K_M.gguf,6267.52,18.9745,0.0,0.0
1780404046.841772,gemma-2-9b-it-Q4_K_M.gguf,6267.58,18.3251,0.0,0.0
1780404048.8578298,gemma-2-9b-it-Q4_K_M.gguf,6267.42,30.9264,0.0,0.0
1780404049.377721,gemma-2-9b-it-Q4_K_M.gguf,6267.48,19.889400000000002,0.0,0.0
1780404049.896564,gemma-2-9b-it-Q4_K_M.gguf,6267.5,18.8696,0.0,0.0
1780404050.416009,gemma-2-9b-it-Q4_K_M.gguf,6267.58,18.6845,0.0,0.0
1780404050.93545,gemma-2-9b-it-Q4_K_M.gguf,6267.61,17.6325,0.0,0.0
1780404052.958324,gemma-2-9b-it-Q4_K_M.gguf,6267.42,30.467599999999997,0.0,0.0
1780404053.477626,gemma-2-9b-it-Q4_K_M.gguf,6267.48,20.4116,0.0,0.0
1780404053.996821,gemma-2-9b-it-Q4_K_M.gguf,6267.53,19.0105,0.0,0.0
1780404054.516533,gemma-2-9b-it-Q4_K_M.gguf,6267.56,18.7348,0.0,0.0
1780404055.0366879,gemma-2-9b-it-Q4_K_M.gguf,6267.62,17.357200000000002,0.0,0.0
1780404057.0372832,gemma-2-9b-it-Q4_K_M.gguf,6267.34,29.1107,0.0,0.0
1780404057.556044,gemma-2-9b-it-Q4_K_M.gguf,6267.38,19.400599999999997,0.0,0.0
1780404058.0760891,gemma-2-9b-it-Q4_K_M.gguf,6267.41,18.646,0.0,0.0
1780404058.59481,gemma-2-9b-it-Q4_K_M.gguf,6267.45,18.065900000000003,0.0,0.0
1780404059.114677,gemma-2-9b-it-Q4_K_M.gguf,6267.5,17.194200000000002,0.0,0.0
1780404059.6336598,gemma-2-9b-it-Q4_K_M.gguf,105.34,17.421400000000002,0.0,0.0
1780404096.019389,gemma-2-9b-it-Q4_K_M.gguf,7696.09,54.3874,0.0,0.0
1780404096.538183,gemma-2-9b-it-Q4_K_M.gguf,7696.14,28.3737,0.0,0.0
1780404097.058961,gemma-2-9b-it-Q4_K_M.gguf,7696.16,16.2148,0.0,0.0
1780404097.579663,gemma-2-9b-it-Q4_K_M.gguf,7696.17,16.2834,0.0,0.0
1780404098.0996218,gemma-2-9b-it-Q4_K_M.gguf,7696.2,15.537700000000001,0.0,0.0
1780404098.6194172,gemma-2-9b-it-Q4_K_M.gguf,7696.22,15.2645,0.0,0.0
1780404100.625165,gemma-2-9b-it-Q4_K_M.gguf,7695.98,45.0165,0.0,0.0
1780404101.144438,gemma-2-9b-it-Q4_K_M.gguf,7696.05,20.8126,0.0,0.0
1780404101.664601,gemma-2-9b-it-Q4_K_M.gguf,7696.06,18.0105,0.0,0.0
1780404102.183518,gemma-2-9b-it-Q4_K_M.gguf,7696.09,16.736,0.0,0.0
1780404102.703269,gemma-2-9b-it-Q4_K_M.gguf,7696.16,15.976799999999999,0.0,0.0
1780404103.223234,gemma-2-9b-it-Q4_K_M.gguf,7696.16,15.5784,0.0,0.0
1780404105.21388,gemma-2-9b-it-Q4_K_M.gguf,7696.11,38.1021,0.0,0.0
1780404105.732765,gemma-2-9b-it-Q4_K_M.gguf,7696.14,25.4421,0.0,0.0
1780404106.252322,gemma-2-9b-it-Q4_K_M.gguf,7696.16,18.739099999999997,0.0,0.0
1780404106.772359,gemma-2-9b-it-Q4_K_M.gguf,7696.19,17.7893,0.0,0.0
1780404107.291945,gemma-2-9b-it-Q4_K_M.gguf,7696.22,16.2063,0.0,0.0
1780404107.812086,gemma-2-9b-it-Q4_K_M.gguf,7696.23,15.5096,0.0,0.0
1780404109.833045,gemma-2-9b-it-Q4_K_M.gguf,7695.95,43.7271,0.0,0.0
1780404110.352117,gemma-2-9b-it-Q4_K_M.gguf,7696.02,22.763900000000003,0.0,0.0
1780404110.872482,gemma-2-9b-it-Q4_K_M.gguf,7696.05,18.213099999999997,0.0,0.0
1780404111.3915231,gemma-2-9b-it-Q4_K_M.gguf,7696.08,17.0746,0.0,0.0
1780404111.911197,gemma-2-9b-it-Q4_K_M.gguf,7696.14,15.9646,0.0,0.0
1780404112.431238,gemma-2-9b-it-Q4_K_M.gguf,7696.14,15.6699,0.0,0.0
1780404114.4225888,gemma-2-9b-it-Q4_K_M.gguf,7696.05,42.7875,0.0,0.0
1780404114.942348,gemma-2-9b-it-Q4_K_M.gguf,7696.09,22.1177,0.0,0.0
1780404115.4623182,gemma-2-9b-it-Q4_K_M.gguf,7696.16,18.2667,0.0,0.0
1780404115.981822,gemma-2-9b-it-Q4_K_M.gguf,7696.17,17.0575,0.0,0.0
1780404116.501326,gemma-2-9b-it-Q4_K_M.gguf,7696.23,15.783,0.0,0.0
1780404117.0208352,gemma-2-9b-it-Q4_K_M.gguf,7696.25,15.5415,0.0,0.0
1780404119.025367,gemma-2-9b-it-Q4_K_M.gguf,7696.02,39.805800000000005,0.0,0.0
1780404119.544704,gemma-2-9b-it-Q4_K_M.gguf,7696.06,23.2975,0.0,0.0
1780404120.0647879,gemma-2-9b-it-Q4_K_M.gguf,7696.08,18.312,0.0,0.0
1780404120.583838,gemma-2-9b-it-Q4_K_M.gguf,7696.12,17.175099999999997,0.0,0.0
1780404121.103318,gemma-2-9b-it-Q4_K_M.gguf,7696.14,15.675799999999999,0.0,0.0
1780404121.62288,gemma-2-9b-it-Q4_K_M.gguf,7696.17,15.227799999999998,0.0,0.0
1780404123.641949,gemma-2-9b-it-Q4_K_M.gguf,7696.05,37.312599999999996,0.0,0.0
1780404124.161579,gemma-2-9b-it-Q4_K_M.gguf,7696.09,24.6294,0.0,0.0
1780404124.680406,gemma-2-9b-it-Q4_K_M.gguf,7696.12,18.407799999999998,0.0,0.0
1780404125.200046,gemma-2-9b-it-Q4_K_M.gguf,7696.12,16.8082,0.0,0.0
1780404125.7195399,gemma-2-9b-it-Q4_K_M.gguf,7696.2,15.9237,0.0,0.0
1780404126.238924,gemma-2-9b-it-Q4_K_M.gguf,7696.2,15.072799999999999,0.0,0.0
1780404128.252424,gemma-2-9b-it-Q4_K_M.gguf,7696.06,37.9071,0.0,0.0
1780404128.77154,gemma-2-9b-it-Q4_K_M.gguf,7696.12,24.0288,0.0,0.0
1780404129.2907982,gemma-2-9b-it-Q4_K_M.gguf,7696.14,18.2641,0.0,0.0
1780404129.809929,gemma-2-9b-it-Q4_K_M.gguf,7696.16,17.1546,0.0,0.0
1780404130.3295639,gemma-2-9b-it-Q4_K_M.gguf,7696.23,15.6494,0.0,0.0
1780404130.84895,gemma-2-9b-it-Q4_K_M.gguf,7696.25,15.0976,0.0,0.0
1780404132.859448,gemma-2-9b-it-Q4_K_M.gguf,7696.03,37.4785,0.0,0.0
1780404133.377929,gemma-2-9b-it-Q4_K_M.gguf,7696.08,22.8158,0.0,0.0
1780404133.8966,gemma-2-9b-it-Q4_K_M.gguf,7696.09,17.5398,0.0,0.0
1780404134.415704,gemma-2-9b-it-Q4_K_M.gguf,7696.14,16.976200000000002,0.0,0.0
1780404134.9356859,gemma-2-9b-it-Q4_K_M.gguf,7696.19,15.1609,0.0,0.0
1780404135.455617,gemma-2-9b-it-Q4_K_M.gguf,7696.19,15.264299999999999,0.0,0.0
1780404137.4486148,gemma-2-9b-it-Q4_K_M.gguf,7696.02,36.724,0.0,0.0
1780404137.968624,gemma-2-9b-it-Q4_K_M.gguf,7696.06,22.9663,0.0,0.0
1780404138.487273,gemma-2-9b-it-Q4_K_M.gguf,7696.09,17.9073,0.0,0.0
1780404139.0069618,gemma-2-9b-it-Q4_K_M.gguf,7696.14,16.875400000000003,0.0,0.0
1780404139.5266619,gemma-2-9b-it-Q4_K_M.gguf,7696.16,15.9289,0.0,0.0
1780404140.046549,gemma-2-9b-it-Q4_K_M.gguf,7696.17,14.683,0.0,0.0
1780404144.129069,Meta-Llama-3.1-8B-Instruct-Q4_K_M.gguf,4871.64,50.476099999999995,0.0,0.0
1780404144.647891,Meta-Llama-3.1-8B-Instruct-Q4_K_M.gguf,4871.67,30.6098,0.0,0.0
1780404145.16784,Meta-Llama-3.1-8B-Instruct-Q4_K_M.gguf,4871.69,20.1163,0.0,0.0
1780404147.227113,Meta-Llama-3.1-8B-Instruct-Q4_K_M.gguf,4871.52,22.231900000000003,0.0,0.0
1780404147.746046,Meta-Llama-3.1-8B-Instruct-Q4_K_M.gguf,4871.53,12.2782,0.0,0.0
1780404148.2655401,Meta-Llama-3.1-8B-Instruct-Q4_K_M.gguf,4871.55,13.6189,0.0,0.0
1780404148.7851598,Meta-Llama-3.1-8B-Instruct-Q4_K_M.gguf,4871.56,13.7845,0.0,0.0
1780404150.820884,Meta-Llama-3.1-8B-Instruct-Q4_K_M.gguf,4871.52,26.891299999999998,0.0,0.0
1780404151.339675,Meta-Llama-3.1-8B-Instruct-Q4_K_M.gguf,4871.52,16.2735,0.0,0.0
1780404151.859519,Meta-Llama-3.1-8B-Instruct-Q4_K_M.gguf,4871.55,14.6255,0.0,0.0
1780404152.378846,Meta-Llama-3.1-8B-Instruct-Q4_K_M.gguf,4871.58,14.0136,0.0,0.0
1780404154.399756,Meta-Llama-3.1-8B-Instruct-Q4_K_M.gguf,4871.39,32.6759,0.0,0.0
1780404154.918401,Meta-Llama-3.1-8B-Instruct-Q4_K_M.gguf,4871.42,15.7784,0.0,0.0
1780404155.4377239,Meta-Llama-3.1-8B-Instruct-Q4_K_M.gguf,4871.48,14.939,0.0,0.0
1780404155.9574661,Meta-Llama-3.1-8B-Instruct-Q4_K_M.gguf,4871.5,13.8233,0.0,0.0
1780404158.015946,Meta-Llama-3.1-8B-Instruct-Q4_K_M.gguf,4871.53,29.013900000000003,0.0,0.0
1780404158.535136,Meta-Llama-3.1-8B-Instruct-Q4_K_M.gguf,4871.55,17.496,0.0,0.0
1780404159.0550468,Meta-Llama-3.1-8B-Instruct-Q4_K_M.gguf,4871.55,14.763200000000001,0.0,0.0
1780404159.57548,Meta-Llama-3.1-8B-Instruct-Q4_K_M.gguf,4871.56,14.0152,0.0,0.0
1780404161.605601,Meta-Llama-3.1-8B-Instruct-Q4_K_M.gguf,4871.75,31.3124,0.0,0.0
1780404162.125439,Meta-Llama-3.1-8B-Instruct-Q4_K_M.gguf,4871.75,16.7926,0.0,0.0
1780404162.6443672,Meta-Llama-3.1-8B-Instruct-Q4_K_M.gguf,4871.78,14.9512,0.0,0.0
1780404163.164744,Meta-Llama-3.1-8B-Instruct-Q4_K_M.gguf,4871.78,13.933399999999999,0.0,0.0
1780404165.1970408,Meta-Llama-3.1-8B-Instruct-Q4_K_M.gguf,4871.52,30.009,0.0,0.0
1780404165.715971,Meta-Llama-3.1-8B-Instruct-Q4_K_M.gguf,4871.53,18.5175,0.0,0.0
1780404166.235025,Meta-Llama-3.1-8B-Instruct-Q4_K_M.gguf,4871.55,15.2273,0.0,0.0
1780404166.754828,Meta-Llama-3.1-8B-Instruct-Q4_K_M.gguf,4871.58,13.9815,0.0,0.0
1780404168.796151,Meta-Llama-3.1-8B-Instruct-Q4_K_M.gguf,4871.72,29.8052,0.0,0.0
1780404169.314882,Meta-Llama-3.1-8B-Instruct-Q4_K_M.gguf,4871.73,17.636,0.0,0.0
1780404169.834213,Meta-Llama-3.1-8B-Instruct-Q4_K_M.gguf,4871.75,14.9525,0.0,0.0
1780404170.353942,Meta-Llama-3.1-8B-Instruct-Q4_K_M.gguf,4871.77,13.9659,0.0,0.0
1780404172.3913321,Meta-Llama-3.1-8B-Instruct-Q4_K_M.gguf,4871.66,32.2592,0.0,0.0
1780404172.9101498,Meta-Llama-3.1-8B-Instruct-Q4_K_M.gguf,4871.69,15.418899999999999,0.0,0.0
1780404173.429417,Meta-Llama-3.1-8B-Instruct-Q4_K_M.gguf,4871.72,14.6326,0.0,0.0
1780404173.948849,Meta-Llama-3.1-8B-Instruct-Q4_K_M.gguf,4871.73,13.9276,0.0,0.0
1780404175.98192,Meta-Llama-3.1-8B-Instruct-Q4_K_M.gguf,4871.66,28.435299999999998,0.0,0.0
1780404176.50077,Meta-Llama-3.1-8B-Instruct-Q4_K_M.gguf,4871.69,17.1553,0.0,0.0
1780404177.0206258,Meta-Llama-3.1-8B-Instruct-Q4_K_M.gguf,4871.7,14.639899999999999,0.0,0.0
1780404177.5403688,Meta-Llama-3.1-8B-Instruct-Q4_K_M.gguf,4871.72,13.686399999999999,0.0,0.0
1780404185.1856608,Meta-Llama-3.1-8B-Instruct-Q4_K_M.gguf,5063.84,37.1134,0.0,0.0
1780404185.704963,Meta-Llama-3.1-8B-Instruct-Q4_K_M.gguf,5063.88,23.7378,0.0,0.0
1780404186.224734,Meta-Llama-3.1-8B-Instruct-Q4_K_M.gguf,5063.89,15.9956,0.0,0.0
1780404186.7440279,Meta-Llama-3.1-8B-Instruct-Q4_K_M.gguf,5063.89,14.039,0.0,0.0
1780404188.789145,Meta-Llama-3.1-8B-Instruct-Q4_K_M.gguf,5063.67,29.2858,0.0,0.0
1780404189.307036,Meta-Llama-3.1-8B-Instruct-Q4_K_M.gguf,5063.69,17.1554,0.0,0.0
1780404189.8261719,Meta-Llama-3.1-8B-Instruct-Q4_K_M.gguf,5063.75,14.6409,0.0,0.0
1780404190.345762,Meta-Llama-3.1-8B-Instruct-Q4_K_M.gguf,5063.77,13.7473,0.0,0.0
1780404192.37823,Meta-Llama-3.1-8B-Instruct-Q4_K_M.gguf,5063.72,29.8767,0.0,0.0
1780404192.896283,Meta-Llama-3.1-8B-Instruct-Q4_K_M.gguf,5063.72,17.4803,0.0,0.0
1780404193.416351,Meta-Llama-3.1-8B-Instruct-Q4_K_M.gguf,5063.77,14.8216,0.0,0.0
1780404193.9356742,Meta-Llama-3.1-8B-Instruct-Q4_K_M.gguf,5063.77,13.7956,0.0,0.0
1780404195.976716,Meta-Llama-3.1-8B-Instruct-Q4_K_M.gguf,5063.67,28.8565,0.0,0.0
1780404196.495397,Meta-Llama-3.1-8B-Instruct-Q4_K_M.gguf,5063.67,16.7179,0.0,0.0
1780404197.0145879,Meta-Llama-3.1-8B-Instruct-Q4_K_M.gguf,5063.67,14.3962,0.0,0.0
1780404197.534729,Meta-Llama-3.1-8B-Instruct-Q4_K_M.gguf,5063.69,13.623299999999999,0.0,0.0
1780404199.567584,Meta-Llama-3.1-8B-Instruct-Q4_K_M.gguf,5063.64,29.8826,0.0,0.0
1780404200.086076,Meta-Llama-3.1-8B-Instruct-Q4_K_M.gguf,5063.66,14.1742,0.0,0.0
1780404200.6048582,Meta-Llama-3.1-8B-Instruct-Q4_K_M.gguf,5063.67,14.2946,0.0,0.0
1780404201.124358,Meta-Llama-3.1-8B-Instruct-Q4_K_M.gguf,5063.69,13.4891,0.0,0.0
1780404203.159182,Meta-Llama-3.1-8B-Instruct-Q4_K_M.gguf,5063.7,27.2252,0.0,0.0
1780404203.679626,Meta-Llama-3.1-8B-Instruct-Q4_K_M.gguf,5063.7,16.1303,0.0,0.0
1780404204.1974988,Meta-Llama-3.1-8B-Instruct-Q4_K_M.gguf,5063.72,14.4274,0.0,0.0
1780404204.71743,Meta-Llama-3.1-8B-Instruct-Q4_K_M.gguf,5063.77,13.5037,0.0,0.0
1780404206.758475,Meta-Llama-3.1-8B-Instruct-Q4_K_M.gguf,5063.69,27.532,0.0,0.0
1780404207.278177,Meta-Llama-3.1-8B-Instruct-Q4_K_M.gguf,5063.7,16.8822,0.0,0.0
1780404207.796653,Meta-Llama-3.1-8B-Instruct-Q4_K_M.gguf,5063.73,14.4281,0.0,0.0
1780404208.315881,Meta-Llama-3.1-8B-Instruct-Q4_K_M.gguf,5063.75,13.3334,0.0,0.0
1780404210.3493419,Meta-Llama-3.1-8B-Instruct-Q4_K_M.gguf,5063.7,29.590400000000002,0.0,0.0
1780404210.869202,Meta-Llama-3.1-8B-Instruct-Q4_K_M.gguf,5063.73,14.4344,0.0,0.0
1780404211.387779,Meta-Llama-3.1-8B-Instruct-Q4_K_M.gguf,5063.75,14.1304,0.0,0.0
1780404211.9074152,Meta-Llama-3.1-8B-Instruct-Q4_K_M.gguf,5063.78,13.459299999999999,0.0,0.0
1780404213.940351,Meta-Llama-3.1-8B-Instruct-Q4_K_M.gguf,5063.73,26.808400000000002,0.0,0.0
1780404214.459699,Meta-Llama-3.1-8B-Instruct-Q4_K_M.gguf,5063.78,16.002200000000002,0.0,0.0
1780404214.979025,Meta-Llama-3.1-8B-Instruct-Q4_K_M.gguf,5063.8,13.8858,0.0,0.0
1780404215.4980748,Meta-Llama-3.1-8B-Instruct-Q4_K_M.gguf,5063.83,13.524799999999999,0.0,0.0
1780404217.534729,Meta-Llama-3.1-8B-Instruct-Q4_K_M.gguf,5063.81,26.436799999999998,0.0,0.0
1780404218.053764,Meta-Llama-3.1-8B-Instruct-Q4_K_M.gguf,5063.81,16.044,0.0,0.0
1780404218.5738611,Meta-Llama-3.1-8B-Instruct-Q4_K_M.gguf,5063.81,13.9047,0.0,0.0
1780404219.094087,Meta-Llama-3.1-8B-Instruct-Q4_K_M.gguf,5063.83,13.2774,0.0,0.0
1780404249.997925,Meta-Llama-3.1-8B-Instruct-Q4_K_M.gguf,5831.92,48.4711,0.0,0.0
1780404250.516722,Meta-Llama-3.1-8B-Instruct-Q4_K_M.gguf,5831.95,27.2652,0.0,0.0
1780404251.036041,Meta-Llama-3.1-8B-Instruct-Q4_K_M.gguf,5831.98,17.323400000000003,0.0,0.0
1780404251.556292,Meta-Llama-3.1-8B-Instruct-Q4_K_M.gguf,5082.78,13.671100000000001,0.0,0.0
1780404253.609597,Meta-Llama-3.1-8B-Instruct-Q4_K_M.gguf,5832.0,36.9461,0.0,0.0
1780404254.128723,Meta-Llama-3.1-8B-Instruct-Q4_K_M.gguf,5832.0,15.274700000000001,0.0,0.0
1780404254.648427,Meta-Llama-3.1-8B-Instruct-Q4_K_M.gguf,5832.02,13.7548,0.0,0.0
1780404255.1684248,Meta-Llama-3.1-8B-Instruct-Q4_K_M.gguf,5832.03,13.0779,0.0,0.0
1780404255.689044,Meta-Llama-3.1-8B-Instruct-Q4_K_M.gguf,38370.53,12.4484,0.0,0.0
1780404257.243446,Meta-Llama-3.1-8B-Instruct-Q4_K_M.gguf,5831.91,25.8905,0.0,0.0
1780404257.7629938,Meta-Llama-3.1-8B-Instruct-Q4_K_M.gguf,5831.92,15.546899999999999,0.0,0.0
1780404258.282122,Meta-Llama-3.1-8B-Instruct-Q4_K_M.gguf,5831.94,13.6667,0.0,0.0
1780404258.8020108,Meta-Llama-3.1-8B-Instruct-Q4_K_M.gguf,5831.97,12.9745,0.0,0.0
1780404260.833927,Meta-Llama-3.1-8B-Instruct-Q4_K_M.gguf,5831.92,24.753,0.0,0.0
1780404261.3530638,Meta-Llama-3.1-8B-Instruct-Q4_K_M.gguf,5831.95,15.1361,0.0,0.0
1780404261.87312,Meta-Llama-3.1-8B-Instruct-Q4_K_M.gguf,5831.98,13.4266,0.0,0.0
1780404262.391862,Meta-Llama-3.1-8B-Instruct-Q4_K_M.gguf,5832.02,12.927200000000001,0.0,0.0
1780404264.453537,Meta-Llama-3.1-8B-Instruct-Q4_K_M.gguf,5831.95,24.9523,0.0,0.0
1780404264.973587,Meta-Llama-3.1-8B-Instruct-Q4_K_M.gguf,5831.97,15.139,0.0,0.0
1780404265.491841,Meta-Llama-3.1-8B-Instruct-Q4_K_M.gguf,5831.98,13.501100000000001,0.0,0.0
1780404266.011195,Meta-Llama-3.1-8B-Instruct-Q4_K_M.gguf,5832.0,13.0229,0.0,0.0
1780404268.045822,Meta-Llama-3.1-8B-Instruct-Q4_K_M.gguf,5832.06,25.0422,0.0,0.0
1780404268.565305,Meta-Llama-3.1-8B-Instruct-Q4_K_M.gguf,5832.11,14.549700000000001,0.0,0.0
1780404269.084217,Meta-Llama-3.1-8B-Instruct-Q4_K_M.gguf,5832.12,13.342600000000001,0.0,0.0
1780404269.603381,Meta-Llama-3.1-8B-Instruct-Q4_K_M.gguf,5832.16,12.9123,0.0,0.0
1780404271.6405299,Meta-Llama-3.1-8B-Instruct-Q4_K_M.gguf,5831.83,23.059,0.0,0.0
1780404272.1598442,Meta-Llama-3.1-8B-Instruct-Q4_K_M.gguf,5831.84,14.6345,0.0,0.0
1780404272.679879,Meta-Llama-3.1-8B-Instruct-Q4_K_M.gguf,5831.88,13.2533,0.0,0.0
1780404273.198952,Meta-Llama-3.1-8B-Instruct-Q4_K_M.gguf,5831.91,12.78,0.0,0.0
1780404275.249609,Meta-Llama-3.1-8B-Instruct-Q4_K_M.gguf,5832.03,24.057,0.0,0.0
1780404275.76913,Meta-Llama-3.1-8B-Instruct-Q4_K_M.gguf,5832.06,14.5046,0.0,0.0
1780404276.2877061,Meta-Llama-3.1-8B-Instruct-Q4_K_M.gguf,5832.06,13.2378,0.0,0.0
1780404276.807293,Meta-Llama-3.1-8B-Instruct-Q4_K_M.gguf,5832.09,12.820200000000002,0.0,0.0
1780404278.853604,Meta-Llama-3.1-8B-Instruct-Q4_K_M.gguf,5831.73,23.9851,0.0,0.0
1780404279.373089,Meta-Llama-3.1-8B-Instruct-Q4_K_M.gguf,5831.75,14.4908,0.0,0.0
1780404279.89227,Meta-Llama-3.1-8B-Instruct-Q4_K_M.gguf,5831.77,13.1842,0.0,0.0
1780404280.41136,Meta-Llama-3.1-8B-Instruct-Q4_K_M.gguf,5831.78,12.7631,0.0,0.0
1780404280.929513,Meta-Llama-3.1-8B-Instruct-Q4_K_M.gguf,38226.92,12.3928,0.0,0.0
1780404282.466393,Meta-Llama-3.1-8B-Instruct-Q4_K_M.gguf,5831.91,23.769299999999998,0.0,0.0
1780404282.9847412,Meta-Llama-3.1-8B-Instruct-Q4_K_M.gguf,5831.92,14.4858,0.0,0.0
1780404283.504241,Meta-Llama-3.1-8B-Instruct-Q4_K_M.gguf,5831.94,13.148299999999999,0.0,0.0
1780404284.02396,Meta-Llama-3.1-8B-Instruct-Q4_K_M.gguf,5831.97,12.6725,0.0,0.0
1780404288.175084,mistral-7b-instruct-v0.2.Q4_K_M.gguf,4290.17,25.3115,0.0,0.0
1780404288.6934772,mistral-7b-instruct-v0.2.Q4_K_M.gguf,4290.2,16.0613,0.0,0.0
1780404289.212544,mistral-7b-instruct-v0.2.Q4_K_M.gguf,4290.22,13.8028,0.0,0.0
1780404291.262801,mistral-7b-instruct-v0.2.Q4_K_M.gguf,4290.17,15.1671,0.0,0.0
1780404291.781006,mistral-7b-instruct-v0.2.Q4_K_M.gguf,4290.2,13.138,0.0,0.0
1780404292.3019578,mistral-7b-instruct-v0.2.Q4_K_M.gguf,4290.22,12.997200000000001,0.0,0.0
1780404294.368217,mistral-7b-instruct-v0.2.Q4_K_M.gguf,4290.19,13.155100000000001,0.0,0.0
1780404294.8868082,mistral-7b-instruct-v0.2.Q4_K_M.gguf,4290.23,12.5031,0.0,0.0
1780404295.4061959,mistral-7b-instruct-v0.2.Q4_K_M.gguf,4290.27,12.6273,0.0,0.0
1780404297.456038,mistral-7b-instruct-v0.2.Q4_K_M.gguf,4290.08,16.912200000000002,0.0,0.0
1780404297.97574,mistral-7b-instruct-v0.2.Q4_K_M.gguf,4290.11,13.7216,0.0,0.0
1780404298.494246,mistral-7b-instruct-v0.2.Q4_K_M.gguf,4290.16,13.2201,0.0,0.0
1780404300.5408351,mistral-7b-instruct-v0.2.Q4_K_M.gguf,4290.11,16.7076,0.0,0.0
1780404301.0602272,mistral-7b-instruct-v0.2.Q4_K_M.gguf,4290.14,13.7056,0.0,0.0
1780404301.578954,mistral-7b-instruct-v0.2.Q4_K_M.gguf,4290.17,13.194700000000001,0.0,0.0
1780404303.650432,mistral-7b-instruct-v0.2.Q4_K_M.gguf,4290.14,13.244,0.0,0.0
1780404304.170288,mistral-7b-instruct-v0.2.Q4_K_M.gguf,4290.2,12.5417,0.0,0.0
1780404304.6884859,mistral-7b-instruct-v0.2.Q4_K_M.gguf,4290.27,12.586200000000002,0.0,0.0
1780404305.2087018,mistral-7b-instruct-v0.2.Q4_K_M.gguf,59.95,12.4043,0.0,0.0
1780404307.248074,mistral-7b-instruct-v0.2.Q4_K_M.gguf,4290.22,18.7499,0.0,0.0
1780404307.7677681,mistral-7b-instruct-v0.2.Q4_K_M.gguf,4290.23,14.165,0.0,0.0
1780404309.833466,mistral-7b-instruct-v0.2.Q4_K_M.gguf,4290.11,12.6895,0.0,0.0
1780404310.352965,mistral-7b-instruct-v0.2.Q4_K_M.gguf,4290.17,12.195799999999998,0.0,0.0
1780404310.873906,mistral-7b-instruct-v0.2.Q4_K_M.gguf,4290.23,12.4992,0.0,0.0
1780404311.3927412,mistral-7b-instruct-v0.2.Q4_K_M.gguf,4290.25,12.261700000000001,0.0,0.0
1780404313.429333,mistral-7b-instruct-v0.2.Q4_K_M.gguf,4290.16,17.7364,0.0,0.0
1780404313.9488819,mistral-7b-instruct-v0.2.Q4_K_M.gguf,4290.19,13.8324,0.0,0.0
1780404314.469246,mistral-7b-instruct-v0.2.Q4_K_M.gguf,4290.22,13.1775,0.0,0.0
1780404316.5119848,mistral-7b-instruct-v0.2.Q4_K_M.gguf,4290.09,14.4519,0.0,0.0
1780404317.0319612,mistral-7b-instruct-v0.2.Q4_K_M.gguf,4290.14,12.861,0.0,0.0
1780404317.550132,mistral-7b-instruct-v0.2.Q4_K_M.gguf,4290.17,12.533,0.0,0.0
1780404325.70289,mistral-7b-instruct-v0.2.Q4_K_M.gguf,4482.25,27.3801,0.0,0.0
1780404326.2215722,mistral-7b-instruct-v0.2.Q4_K_M.gguf,4482.25,16.6023,0.0,0.0
1780404326.74146,mistral-7b-instruct-v0.2.Q4_K_M.gguf,4482.31,13.5589,0.0,0.0
1780404328.805522,mistral-7b-instruct-v0.2.Q4_K_M.gguf,4482.42,15.1874,0.0,0.0
1780404329.3245718,mistral-7b-instruct-v0.2.Q4_K_M.gguf,4482.47,12.697799999999999,0.0,0.0
1780404331.3876858,mistral-7b-instruct-v0.2.Q4_K_M.gguf,4482.31,15.5818,0.0,0.0
1780404331.906739,mistral-7b-instruct-v0.2.Q4_K_M.gguf,4482.36,12.7621,0.0,0.0
1780404332.425953,mistral-7b-instruct-v0.2.Q4_K_M.gguf,4482.42,12.6418,0.0,0.0
1780404334.490391,mistral-7b-instruct-v0.2.Q4_K_M.gguf,4482.28,12.3411,0.0,0.0
1780404335.0095801,mistral-7b-instruct-v0.2.Q4_K_M.gguf,4482.31,11.7872,0.0,0.0
1780404335.528945,mistral-7b-instruct-v0.2.Q4_K_M.gguf,4482.38,12.1065,0.0,0.0
1780404336.048479,mistral-7b-instruct-v0.2.Q4_K_M.gguf,4482.38,12.001299999999999,0.0,0.0
1780404338.079463,mistral-7b-instruct-v0.2.Q4_K_M.gguf,4482.33,16.617099999999997,0.0,0.0
1780404338.5980911,mistral-7b-instruct-v0.2.Q4_K_M.gguf,4482.36,13.1579,0.0,0.0
1780404339.1174881,mistral-7b-instruct-v0.2.Q4_K_M.gguf,4482.38,12.561399999999999,0.0,0.0
1780404341.168982,mistral-7b-instruct-v0.2.Q4_K_M.gguf,4482.33,12.5513,0.0,0.0
1780404341.6877282,mistral-7b-instruct-v0.2.Q4_K_M.gguf,4482.39,11.9199,0.0,0.0
1780404342.206501,mistral-7b-instruct-v0.2.Q4_K_M.gguf,4482.47,12.078,0.0,0.0
1780404342.726132,mistral-7b-instruct-v0.2.Q4_K_M.gguf,4482.48,11.959,0.0,0.0
1780404344.777272,mistral-7b-instruct-v0.2.Q4_K_M.gguf,4482.28,15.538,0.0,0.0
1780404345.29637,mistral-7b-instruct-v0.2.Q4_K_M.gguf,4482.31,12.8384,0.0,0.0
1780404345.8158138,mistral-7b-instruct-v0.2.Q4_K_M.gguf,4482.36,12.3179,0.0,0.0
1780404347.8568819,mistral-7b-instruct-v0.2.Q4_K_M.gguf,4482.39,10.43,0.0,0.0
1780404348.3761458,mistral-7b-instruct-v0.2.Q4_K_M.gguf,4482.44,10.948,0.0,0.0
1780404348.895208,mistral-7b-instruct-v0.2.Q4_K_M.gguf,4482.47,11.780899999999999,0.0,0.0
1780404349.4148679,mistral-7b-instruct-v0.2.Q4_K_M.gguf,4482.55,11.81,0.0,0.0
1780404351.445536,mistral-7b-instruct-v0.2.Q4_K_M.gguf,4482.25,15.343,0.0,0.0
1780404351.964776,mistral-7b-instruct-v0.2.Q4_K_M.gguf,4482.28,12.850200000000001,0.0,0.0
1780404352.484608,mistral-7b-instruct-v0.2.Q4_K_M.gguf,4482.33,12.3422,0.0,0.0
1780404354.546773,mistral-7b-instruct-v0.2.Q4_K_M.gguf,4482.34,13.3901,0.0,0.0
1780404355.067043,mistral-7b-instruct-v0.2.Q4_K_M.gguf,4482.41,11.8508,0.0,0.0
1780404355.585994,mistral-7b-instruct-v0.2.Q4_K_M.gguf,4482.45,12.087200000000001,0.0,0.0
1780404356.10542,mistral-7b-instruct-v0.2.Q4_K_M.gguf,4482.5,11.8391,0.0,0.0
1780404387.485443,mistral-7b-instruct-v0.2.Q4_K_M.gguf,5250.7,31.7662,0.0,0.0
1780404388.004222,mistral-7b-instruct-v0.2.Q4_K_M.gguf,5250.73,17.7057,0.0,0.0
1780404388.523883,mistral-7b-instruct-v0.2.Q4_K_M.gguf,5250.8,13.5038,0.0,0.0
1780404389.042791,mistral-7b-instruct-v0.2.Q4_K_M.gguf,42425.17,11.2488,0.0,0.0
1780404390.594934,mistral-7b-instruct-v0.2.Q4_K_M.gguf,5250.67,12.8418,0.0,0.0
1780404391.115031,mistral-7b-instruct-v0.2.Q4_K_M.gguf,5250.7,10.94,0.0,0.0
1780404391.6344151,mistral-7b-instruct-v0.2.Q4_K_M.gguf,5250.75,11.5425,0.0,0.0
1780404392.154337,mistral-7b-instruct-v0.2.Q4_K_M.gguf,5250.78,11.4909,0.0,0.0
1780404394.184744,mistral-7b-instruct-v0.2.Q4_K_M.gguf,5250.69,15.2068,0.0,0.0
1780404394.704084,mistral-7b-instruct-v0.2.Q4_K_M.gguf,5250.75,12.2032,0.0,0.0
1780404395.2236001,mistral-7b-instruct-v0.2.Q4_K_M.gguf,5250.8,11.8437,0.0,0.0
1780404395.743155,mistral-7b-instruct-v0.2.Q4_K_M.gguf,5250.81,11.5495,0.0,0.0
1780404397.756626,mistral-7b-instruct-v0.2.Q4_K_M.gguf,5250.64,17.9388,0.0,0.0
1780404398.277159,mistral-7b-instruct-v0.2.Q4_K_M.gguf,5250.66,12.984,0.0,0.0
1780404398.795006,mistral-7b-instruct-v0.2.Q4_K_M.gguf,5250.7,12.123700000000001,0.0,0.0
1780404399.314923,mistral-7b-instruct-v0.2.Q4_K_M.gguf,5250.72,11.4761,0.0,0.0
1780404401.3582149,mistral-7b-instruct-v0.2.Q4_K_M.gguf,5250.7,17.6414,0.0,0.0
1780404401.877593,mistral-7b-instruct-v0.2.Q4_K_M.gguf,5250.75,12.8696,0.0,0.0
1780404402.396714,mistral-7b-instruct-v0.2.Q4_K_M.gguf,5250.78,12.1317,0.0,0.0
1780404402.9167821,mistral-7b-instruct-v0.2.Q4_K_M.gguf,5250.8,11.559,0.0,0.0
1780404404.9535098,mistral-7b-instruct-v0.2.Q4_K_M.gguf,5250.62,18.045900000000003,0.0,0.0
1780404405.474058,mistral-7b-instruct-v0.2.Q4_K_M.gguf,5250.69,12.5664,0.0,0.0
1780404405.9929721,mistral-7b-instruct-v0.2.Q4_K_M.gguf,5250.73,11.9915,0.0,0.0
1780404408.0499892,mistral-7b-instruct-v0.2.Q4_K_M.gguf,5250.61,13.3429,0.0,0.0
1780404408.569908,mistral-7b-instruct-v0.2.Q4_K_M.gguf,5250.66,11.4412,0.0,0.0
1780404409.088819,mistral-7b-instruct-v0.2.Q4_K_M.gguf,5250.7,11.5543,0.0,0.0
1780404409.608681,mistral-7b-instruct-v0.2.Q4_K_M.gguf,5250.7,11.545,0.0,0.0
1780404411.6360378,mistral-7b-instruct-v0.2.Q4_K_M.gguf,5250.7,15.308,0.0,0.0
1780404412.155039,mistral-7b-instruct-v0.2.Q4_K_M.gguf,5250.75,12.1926,0.0,0.0
1780404412.675692,mistral-7b-instruct-v0.2.Q4_K_M.gguf,5250.8,11.7793,0.0,0.0
1780404413.194572,mistral-7b-instruct-v0.2.Q4_K_M.gguf,4648.03,11.376,0.0,0.0
1780404415.224001,mistral-7b-instruct-v0.2.Q4_K_M.gguf,5250.66,18.279799999999998,0.0,0.0
1780404415.743048,mistral-7b-instruct-v0.2.Q4_K_M.gguf,5250.69,12.7668,0.0,0.0
1780404416.263131,mistral-7b-instruct-v0.2.Q4_K_M.gguf,5250.72,12.1182,0.0,0.0
1780404416.7822988,mistral-7b-instruct-v0.2.Q4_K_M.gguf,5250.73,11.3844,0.0,0.0
1780404418.822985,mistral-7b-instruct-v0.2.Q4_K_M.gguf,5250.72,18.0021,0.0,0.0
1780404419.341943,mistral-7b-instruct-v0.2.Q4_K_M.gguf,5250.75,12.682799999999999,0.0,0.0
1780404419.862962,mistral-7b-instruct-v0.2.Q4_K_M.gguf,5250.8,12.052299999999999,0.0,0.0
1780404420.38198,mistral-7b-instruct-v0.2.Q4_K_M.gguf,5250.81,11.2367,0.0,0.0
1780404424.5047581,Mistral-7B-Instruct-v0.3-Q5_K_M.gguf,5022.22,19.182599999999997,0.0,0.0
1780404425.025389,Mistral-7B-Instruct-v0.3-Q5_K_M.gguf,5022.28,15.2094,0.0,0.0
1780404425.5441039,Mistral-7B-Instruct-v0.3-Q5_K_M.gguf,5022.33,14.3828,0.0,0.0
1780404426.064534,Mistral-7B-Instruct-v0.3-Q5_K_M.gguf,5022.34,13.313,0.0,0.0
1780404426.5840619,Mistral-7B-Instruct-v0.3-Q5_K_M.gguf,5022.41,12.978200000000001,0.0,0.0
1780404428.612264,Mistral-7B-Instruct-v0.3-Q5_K_M.gguf,5022.3,13.66,0.0,0.0
1780404429.13184,Mistral-7B-Instruct-v0.3-Q5_K_M.gguf,5022.34,13.677299999999999,0.0,0.0
1780404429.65128,Mistral-7B-Instruct-v0.3-Q5_K_M.gguf,5022.41,13.7425,0.0,0.0
1780404430.1720052,Mistral-7B-Instruct-v0.3-Q5_K_M.gguf,5022.42,13.3961,0.0,0.0
1780404430.690615,Mistral-7B-Instruct-v0.3-Q5_K_M.gguf,5022.47,13.381200000000002,0.0,0.0
1780404431.215786,Mistral-7B-Instruct-v0.3-Q5_K_M.gguf,60.06,13.2872,0.0,0.0
1780404433.194147,Mistral-7B-Instruct-v0.3-Q5_K_M.gguf,5022.22,17.5296,0.0,0.0
1780404433.713714,Mistral-7B-Instruct-v0.3-Q5_K_M.gguf,5022.27,15.2606,0.0,0.0
1780404434.233353,Mistral-7B-Instruct-v0.3-Q5_K_M.gguf,5022.3,14.554200000000002,0.0,0.0
1780404434.75351,Mistral-7B-Instruct-v0.3-Q5_K_M.gguf,5022.31,13.601899999999999,0.0,0.0
1780404435.27376,Mistral-7B-Instruct-v0.3-Q5_K_M.gguf,5022.36,13.2177,0.0,0.0
1780404437.3018281,Mistral-7B-Instruct-v0.3-Q5_K_M.gguf,5022.28,14.007200000000001,0.0,0.0
1780404437.821564,Mistral-7B-Instruct-v0.3-Q5_K_M.gguf,5022.33,13.6145,0.0,0.0
1780404438.341228,Mistral-7B-Instruct-v0.3-Q5_K_M.gguf,5022.38,13.5978,0.0,0.0
1780404438.861391,Mistral-7B-Instruct-v0.3-Q5_K_M.gguf,5022.39,13.3655,0.0,0.0
1780404439.381394,Mistral-7B-Instruct-v0.3-Q5_K_M.gguf,5022.44,13.3339,0.0,0.0
1780404439.901262,Mistral-7B-Instruct-v0.3-Q5_K_M.gguf,60.05,13.1362,0.0,0.0
1780404441.9084501,Mistral-7B-Instruct-v0.3-Q5_K_M.gguf,5022.33,16.9264,0.0,0.0
1780404442.427018,Mistral-7B-Instruct-v0.3-Q5_K_M.gguf,5022.38,15.392299999999999,0.0,0.0
1780404442.947063,Mistral-7B-Instruct-v0.3-Q5_K_M.gguf,5022.42,14.3273,0.0,0.0
1780404443.467424,Mistral-7B-Instruct-v0.3-Q5_K_M.gguf,5022.42,13.4777,0.0,0.0
1780404443.986658,Mistral-7B-Instruct-v0.3-Q5_K_M.gguf,5022.47,13.1714,0.0,0.0
1780404446.008606,Mistral-7B-Instruct-v0.3-Q5_K_M.gguf,5022.23,13.5447,0.0,0.0
1780404446.5284312,Mistral-7B-Instruct-v0.3-Q5_K_M.gguf,5022.28,13.302,0.0,0.0
1780404447.048091,Mistral-7B-Instruct-v0.3-Q5_K_M.gguf,5022.3,13.350200000000001,0.0,0.0
1780404447.5689962,Mistral-7B-Instruct-v0.3-Q5_K_M.gguf,5022.34,13.280100000000001,0.0,0.0
1780404448.087978,Mistral-7B-Instruct-v0.3-Q5_K_M.gguf,5022.36,13.1744,0.0,0.0
1780404448.6079848,Mistral-7B-Instruct-v0.3-Q5_K_M.gguf,59.97,13.1136,0.0,0.0
1780404450.603817,Mistral-7B-Instruct-v0.3-Q5_K_M.gguf,5022.25,15.486,0.0,0.0
1780404451.123542,Mistral-7B-Instruct-v0.3-Q5_K_M.gguf,5022.28,14.849,0.0,0.0
1780404451.643046,Mistral-7B-Instruct-v0.3-Q5_K_M.gguf,5022.31,14.1737,0.0,0.0
1780404452.16336,Mistral-7B-Instruct-v0.3-Q5_K_M.gguf,5022.34,13.302100000000001,0.0,0.0
1780404452.682792,Mistral-7B-Instruct-v0.3-Q5_K_M.gguf,5022.36,13.2611,0.0,0.0
1780404454.711166,Mistral-7B-Instruct-v0.3-Q5_K_M.gguf,5022.31,12.9628,0.0,0.0
1780404455.2297559,Mistral-7B-Instruct-v0.3-Q5_K_M.gguf,5022.36,13.0776,0.0,0.0
1780404455.749623,Mistral-7B-Instruct-v0.3-Q5_K_M.gguf,5022.41,13.2523,0.0,0.0
1780404456.269962,Mistral-7B-Instruct-v0.3-Q5_K_M.gguf,5022.42,13.1244,0.0,0.0
1780404456.789276,Mistral-7B-Instruct-v0.3-Q5_K_M.gguf,5022.47,13.0528,0.0,0.0
1780404457.3087518,Mistral-7B-Instruct-v0.3-Q5_K_M.gguf,5022.48,13.0945,0.0,0.0
1780404459.305033,Mistral-7B-Instruct-v0.3-Q5_K_M.gguf,5022.23,15.659,0.0,0.0
1780404459.824268,Mistral-7B-Instruct-v0.3-Q5_K_M.gguf,5022.27,14.4952,0.0,0.0
1780404460.345105,Mistral-7B-Instruct-v0.3-Q5_K_M.gguf,5022.28,13.9427,0.0,0.0
1780404460.8642812,Mistral-7B-Instruct-v0.3-Q5_K_M.gguf,5022.33,13.2352,0.0,0.0
1780404461.3843682,Mistral-7B-Instruct-v0.3-Q5_K_M.gguf,5022.34,13.098700000000001,0.0,0.0
1780404463.400637,Mistral-7B-Instruct-v0.3-Q5_K_M.gguf,5022.25,13.219299999999999,0.0,0.0
1780404463.9199119,Mistral-7B-Instruct-v0.3-Q5_K_M.gguf,5022.3,12.863299999999999,0.0,0.0
1780404464.4397051,Mistral-7B-Instruct-v0.3-Q5_K_M.gguf,5022.33,13.1213,0.0,0.0
1780404464.959533,Mistral-7B-Instruct-v0.3-Q5_K_M.gguf,5022.34,13.008899999999999,0.0,0.0
1780404465.479506,Mistral-7B-Instruct-v0.3-Q5_K_M.gguf,5022.38,13.0142,0.0,0.0
1780404465.998836,Mistral-7B-Instruct-v0.3-Q5_K_M.gguf,5022.39,13.0544,0.0,0.0
1780404474.606747,Mistral-7B-Instruct-v0.3-Q5_K_M.gguf,5214.47,23.2763,0.0,0.0
1780404475.126366,Mistral-7B-Instruct-v0.3-Q5_K_M.gguf,5214.52,16.0106,0.0,0.0
1780404475.645737,Mistral-7B-Instruct-v0.3-Q5_K_M.gguf,5214.56,14.664200000000001,0.0,0.0
1780404476.167093,Mistral-7B-Instruct-v0.3-Q5_K_M.gguf,5214.58,12.896600000000001,0.0,0.0
1780404476.686283,Mistral-7B-Instruct-v0.3-Q5_K_M.gguf,5214.62,12.5745,0.0,0.0
1780404478.717772,Mistral-7B-Instruct-v0.3-Q5_K_M.gguf,5214.52,14.2089,0.0,0.0
1780404479.236941,Mistral-7B-Instruct-v0.3-Q5_K_M.gguf,5214.55,13.3964,0.0,0.0
1780404479.7569852,Mistral-7B-Instruct-v0.3-Q5_K_M.gguf,5214.58,13.3145,0.0,0.0
1780404480.277087,Mistral-7B-Instruct-v0.3-Q5_K_M.gguf,5214.59,12.8612,0.0,0.0
1780404480.796431,Mistral-7B-Instruct-v0.3-Q5_K_M.gguf,5214.62,12.812299999999999,0.0,0.0
1780404481.316082,Mistral-7B-Instruct-v0.3-Q5_K_M.gguf,5214.66,12.777,0.0,0.0
1780404483.327838,Mistral-7B-Instruct-v0.3-Q5_K_M.gguf,5214.45,16.0094,0.0,0.0
1780404483.8470259,Mistral-7B-Instruct-v0.3-Q5_K_M.gguf,5214.5,14.351899999999999,0.0,0.0
1780404484.367674,Mistral-7B-Instruct-v0.3-Q5_K_M.gguf,5214.55,13.6417,0.0,0.0
1780404484.886754,Mistral-7B-Instruct-v0.3-Q5_K_M.gguf,5214.56,13.0456,0.0,0.0
1780404485.407237,Mistral-7B-Instruct-v0.3-Q5_K_M.gguf,5214.61,12.6968,0.0,0.0
1780404487.431007,Mistral-7B-Instruct-v0.3-Q5_K_M.gguf,5214.48,13.2202,0.0,0.0
1780404487.9502652,Mistral-7B-Instruct-v0.3-Q5_K_M.gguf,5214.5,11.7854,0.0,0.0
1780404488.4711318,Mistral-7B-Instruct-v0.3-Q5_K_M.gguf,5214.53,13.2356,0.0,0.0
1780404488.9904158,Mistral-7B-Instruct-v0.3-Q5_K_M.gguf,5214.56,13.0306,0.0,0.0
1780404489.5101151,Mistral-7B-Instruct-v0.3-Q5_K_M.gguf,5214.59,12.8087,0.0,0.0
1780404490.030366,Mistral-7B-Instruct-v0.3-Q5_K_M.gguf,5214.61,12.7858,0.0,0.0
1780404492.032438,Mistral-7B-Instruct-v0.3-Q5_K_M.gguf,5214.42,14.8018,0.0,0.0
1780404492.5520158,Mistral-7B-Instruct-v0.3-Q5_K_M.gguf,5214.47,13.8329,0.0,0.0
1780404493.072438,Mistral-7B-Instruct-v0.3-Q5_K_M.gguf,5214.5,13.2645,0.0,0.0
1780404493.591674,Mistral-7B-Instruct-v0.3-Q5_K_M.gguf,5214.52,12.9346,0.0,0.0
1780404494.1112168,Mistral-7B-Instruct-v0.3-Q5_K_M.gguf,5214.56,12.671299999999999,0.0,0.0
1780404494.630774,Mistral-7B-Instruct-v0.3-Q5_K_M.gguf,60.16,12.578700000000001,0.0,0.0
1780404496.6323662,Mistral-7B-Instruct-v0.3-Q5_K_M.gguf,5214.36,15.4934,0.0,0.0
1780404497.151917,Mistral-7B-Instruct-v0.3-Q5_K_M.gguf,5214.41,14.3131,0.0,0.0
1780404497.672731,Mistral-7B-Instruct-v0.3-Q5_K_M.gguf,5214.45,13.6023,0.0,0.0
1780404498.192269,Mistral-7B-Instruct-v0.3-Q5_K_M.gguf,5214.47,12.8612,0.0,0.0
1780404498.7118762,Mistral-7B-Instruct-v0.3-Q5_K_M.gguf,5214.5,12.694,0.0,0.0
1780404500.724962,Mistral-7B-Instruct-v0.3-Q5_K_M.gguf,5214.55,12.601,0.0,0.0
1780404501.244357,Mistral-7B-Instruct-v0.3-Q5_K_M.gguf,5214.58,12.211200000000002,0.0,0.0
1780404501.7645671,Mistral-7B-Instruct-v0.3-Q5_K_M.gguf,5214.61,12.703,0.0,0.0
1780404502.2840161,Mistral-7B-Instruct-v0.3-Q5_K_M.gguf,5214.64,12.495299999999999,0.0,0.0
1780404502.803618,Mistral-7B-Instruct-v0.3-Q5_K_M.gguf,5214.67,12.5707,0.0,0.0
1780404503.323314,Mistral-7B-Instruct-v0.3-Q5_K_M.gguf,5214.67,12.572899999999999,0.0,0.0
1780404505.310905,Mistral-7B-Instruct-v0.3-Q5_K_M.gguf,5214.47,14.5387,0.0,0.0
1780404505.829729,Mistral-7B-Instruct-v0.3-Q5_K_M.gguf,5214.5,13.4028,0.0,0.0
1780404506.3492951,Mistral-7B-Instruct-v0.3-Q5_K_M.gguf,5214.52,13.220600000000001,0.0,0.0
1780404506.870123,Mistral-7B-Instruct-v0.3-Q5_K_M.gguf,5214.55,12.6688,0.0,0.0
1780404507.389052,Mistral-7B-Instruct-v0.3-Q5_K_M.gguf,5214.58,12.578,0.0,0.0
1780404507.9088662,Mistral-7B-Instruct-v0.3-Q5_K_M.gguf,5214.58,12.553600000000001,0.0,0.0
1780404509.9252028,Mistral-7B-Instruct-v0.3-Q5_K_M.gguf,5214.52,15.405299999999999,0.0,0.0
1780404510.444245,Mistral-7B-Instruct-v0.3-Q5_K_M.gguf,5214.53,13.901200000000001,0.0,0.0
1780404510.96476,Mistral-7B-Instruct-v0.3-Q5_K_M.gguf,5214.58,13.456,0.0,0.0
1780404511.484021,Mistral-7B-Instruct-v0.3-Q5_K_M.gguf,5214.59,12.761,0.0,0.0
1780404512.0039601,Mistral-7B-Instruct-v0.3-Q5_K_M.gguf,5214.64,12.551200000000001,0.0,0.0
1780404512.524122,Mistral-7B-Instruct-v0.3-Q5_K_M.gguf,60.25,12.3489,0.0,0.0
1780404514.532311,Mistral-7B-Instruct-v0.3-Q5_K_M.gguf,5214.48,15.8815,0.0,0.0
1780404515.0515919,Mistral-7B-Instruct-v0.3-Q5_K_M.gguf,5214.53,14.29,0.0,0.0
1780404515.572099,Mistral-7B-Instruct-v0.3-Q5_K_M.gguf,5214.56,13.5848,0.0,0.0
1780404516.091361,Mistral-7B-Instruct-v0.3-Q5_K_M.gguf,5214.59,12.601700000000001,0.0,0.0
1780404516.610892,Mistral-7B-Instruct-v0.3-Q5_K_M.gguf,5214.64,12.532399999999999,0.0,0.0
1780404551.2268429,Mistral-7B-Instruct-v0.3-Q5_K_M.gguf,5982.69,28.9515,0.0,0.0
1780404551.7466722,Mistral-7B-Instruct-v0.3-Q5_K_M.gguf,5982.78,16.1558,0.0,0.0
1780404552.267404,Mistral-7B-Instruct-v0.3-Q5_K_M.gguf,5982.8,14.538,0.0,0.0
1780404552.787231,Mistral-7B-Instruct-v0.3-Q5_K_M.gguf,5982.81,12.3535,0.0,0.0
1780404553.3082728,Mistral-7B-Instruct-v0.3-Q5_K_M.gguf,5982.84,11.7389,0.0,0.0
1780404553.821646,Mistral-7B-Instruct-v0.3-Q5_K_M.gguf,47682.98,11.896799999999999,0.0,0.0
1780404555.4380422,Mistral-7B-Instruct-v0.3-Q5_K_M.gguf,5982.78,11.4218,0.0,0.0
1780404555.95886,Mistral-7B-Instruct-v0.3-Q5_K_M.gguf,5982.83,12.0891,0.0,0.0
1780404556.47816,Mistral-7B-Instruct-v0.3-Q5_K_M.gguf,5982.84,11.744399999999999,0.0,0.0
1780404556.9987772,Mistral-7B-Instruct-v0.3-Q5_K_M.gguf,5982.88,12.346,0.0,0.0
1780404557.51898,Mistral-7B-Instruct-v0.3-Q5_K_M.gguf,5982.91,12.5625,0.0,0.0
1780404558.0393422,Mistral-7B-Instruct-v0.3-Q5_K_M.gguf,5982.92,12.2524,0.0,0.0
1780404560.037184,Mistral-7B-Instruct-v0.3-Q5_K_M.gguf,5982.66,12.026,0.0,0.0
1780404560.557015,Mistral-7B-Instruct-v0.3-Q5_K_M.gguf,5982.66,11.4992,0.0,0.0
1780404561.0773802,Mistral-7B-Instruct-v0.3-Q5_K_M.gguf,5982.72,11.9011,0.0,0.0
1780404561.597686,Mistral-7B-Instruct-v0.3-Q5_K_M.gguf,5982.77,12.1961,0.0,0.0
1780404562.1184168,Mistral-7B-Instruct-v0.3-Q5_K_M.gguf,5982.78,13.3644,0.0,0.0
1780404562.6388931,Mistral-7B-Instruct-v0.3-Q5_K_M.gguf,5982.83,13.305,0.0,0.0
1780404563.1593332,Mistral-7B-Instruct-v0.3-Q5_K_M.gguf,60.44,12.2494,0.0,0.0
1780404565.177113,Mistral-7B-Instruct-v0.3-Q5_K_M.gguf,5982.72,17.9147,0.0,0.0
1780404565.696081,Mistral-7B-Instruct-v0.3-Q5_K_M.gguf,5982.77,12.658,0.0,0.0
1780404566.2166138,Mistral-7B-Instruct-v0.3-Q5_K_M.gguf,5982.78,12.6783,0.0,0.0
1780404566.7369442,Mistral-7B-Instruct-v0.3-Q5_K_M.gguf,5982.8,13.1315,0.0,0.0
1780404567.257812,Mistral-7B-Instruct-v0.3-Q5_K_M.gguf,5982.83,11.7319,0.0,0.0
1780404567.7784572,Mistral-7B-Instruct-v0.3-Q5_K_M.gguf,5982.84,12.0183,0.0,0.0
1780404569.8234549,Mistral-7B-Instruct-v0.3-Q5_K_M.gguf,5982.7,14.2399,0.0,0.0
1780404570.3426409,Mistral-7B-Instruct-v0.3-Q5_K_M.gguf,5982.7,12.559,0.0,0.0
1780404570.863012,Mistral-7B-Instruct-v0.3-Q5_K_M.gguf,5982.77,12.0831,0.0,0.0
1780404571.386155,Mistral-7B-Instruct-v0.3-Q5_K_M.gguf,5982.8,11.758799999999999,0.0,0.0
1780404571.907215,Mistral-7B-Instruct-v0.3-Q5_K_M.gguf,5982.81,13.5373,0.0,0.0
1780404572.427734,Mistral-7B-Instruct-v0.3-Q5_K_M.gguf,5982.86,11.7419,0.0,0.0
1780404574.5047228,Mistral-7B-Instruct-v0.3-Q5_K_M.gguf,5982.77,13.2348,0.0,0.0
1780404575.0238478,Mistral-7B-Instruct-v0.3-Q5_K_M.gguf,5982.78,12.1715,0.0,0.0
1780404575.5441651,Mistral-7B-Instruct-v0.3-Q5_K_M.gguf,5982.83,12.1373,0.0,0.0
1780404576.064348,Mistral-7B-Instruct-v0.3-Q5_K_M.gguf,5982.88,11.7698,0.0,0.0
1780404576.5854,Mistral-7B-Instruct-v0.3-Q5_K_M.gguf,5982.89,12.751100000000001,0.0,0.0
1780404577.104722,Mistral-7B-Instruct-v0.3-Q5_K_M.gguf,5982.94,12.4658,0.0,0.0
1780404577.625171,Mistral-7B-Instruct-v0.3-Q5_K_M.gguf,60.55,12.8888,0.0,0.0
1780404579.674506,Mistral-7B-Instruct-v0.3-Q5_K_M.gguf,5982.77,14.3416,0.0,0.0
1780404580.194228,Mistral-7B-Instruct-v0.3-Q5_K_M.gguf,5982.81,13.3614,0.0,0.0
1780404580.7143471,Mistral-7B-Instruct-v0.3-Q5_K_M.gguf,5982.81,12.3117,0.0,0.0
1780404581.234406,Mistral-7B-Instruct-v0.3-Q5_K_M.gguf,5982.84,12.408100000000001,0.0,0.0
1780404581.7551281,Mistral-7B-Instruct-v0.3-Q5_K_M.gguf,5982.84,11.7485,0.0,0.0
1780404582.275182,Mistral-7B-Instruct-v0.3-Q5_K_M.gguf,5982.89,11.8638,0.0,0.0
1780404584.322075,Mistral-7B-Instruct-v0.3-Q5_K_M.gguf,5982.78,10.467799999999999,0.0,0.0
1780404584.84232,Mistral-7B-Instruct-v0.3-Q5_K_M.gguf,5982.78,11.501100000000001,0.0,0.0
1780404585.363338,Mistral-7B-Instruct-v0.3-Q5_K_M.gguf,5982.83,11.926,0.0,0.0
1780404585.884257,Mistral-7B-Instruct-v0.3-Q5_K_M.gguf,5982.86,11.2974,0.0,0.0
1780404586.405192,Mistral-7B-Instruct-v0.3-Q5_K_M.gguf,5982.86,11.2819,0.0,0.0
1780404586.926572,Mistral-7B-Instruct-v0.3-Q5_K_M.gguf,5982.91,11.7551,0.0,0.0
1780404588.968225,Mistral-7B-Instruct-v0.3-Q5_K_M.gguf,5982.67,13.7446,0.0,0.0
1780404589.488217,Mistral-7B-Instruct-v0.3-Q5_K_M.gguf,5982.67,12.0734,0.0,0.0
1780404590.008425,Mistral-7B-Instruct-v0.3-Q5_K_M.gguf,5982.73,12.1054,0.0,0.0
1780404590.5290189,Mistral-7B-Instruct-v0.3-Q5_K_M.gguf,5982.77,11.6796,0.0,0.0
1780404591.0505002,Mistral-7B-Instruct-v0.3-Q5_K_M.gguf,5982.77,11.8924,0.0,0.0
1780404591.57273,Mistral-7B-Instruct-v0.3-Q5_K_M.gguf,5982.81,11.9055,0.0,0.0
1780404593.643141,Mistral-7B-Instruct-v0.3-Q5_K_M.gguf,5982.67,9.030850000000001,0.0,0.0
1780404594.1628501,Mistral-7B-Instruct-v0.3-Q5_K_M.gguf,5982.67,11.1859,0.0,0.0
1780404594.682912,Mistral-7B-Instruct-v0.3-Q5_K_M.gguf,5982.73,11.7971,0.0,0.0
1780404595.202231,Mistral-7B-Instruct-v0.3-Q5_K_M.gguf,5982.77,11.7004,0.0,0.0
1780404595.721674,Mistral-7B-Instruct-v0.3-Q5_K_M.gguf,5982.77,11.8152,0.0,0.0
1780404596.241612,Mistral-7B-Instruct-v0.3-Q5_K_M.gguf,5982.81,11.9237,0.0,0.0
1780404601.391927,microsoft_Phi-4-mini-instruct-Q4_K_M.gguf,2550.22,32.2787,0.0,0.0
1780404601.911454,microsoft_Phi-4-mini-instruct-Q4_K_M.gguf,2550.25,13.489600000000001,0.0,0.0
1780404603.996368,microsoft_Phi-4-mini-instruct-Q4_K_M.gguf,116.44,23.5437,0.0,0.0
1780404605.546965,microsoft_Phi-4-mini-instruct-Q4_K_M.gguf,2550.3,19.2866,0.0,0.0
1780404607.6099951,microsoft_Phi-4-mini-instruct-Q4_K_M.gguf,2550.23,20.2532,0.0,0.0
1780404608.129178,microsoft_Phi-4-mini-instruct-Q4_K_M.gguf,2550.27,9.028379999999999,0.0,0.0
1780404610.187579,microsoft_Phi-4-mini-instruct-Q4_K_M.gguf,2550.22,24.3122,0.0,0.0
1780404610.706486,microsoft_Phi-4-mini-instruct-Q4_K_M.gguf,2550.28,10.3049,0.0,0.0
1780404612.7698078,microsoft_Phi-4-mini-instruct-Q4_K_M.gguf,2550.25,18.639,0.0,0.0
1780404613.291163,microsoft_Phi-4-mini-instruct-Q4_K_M.gguf,49095.67,12.9055,0.0,0.0
1780404614.8453708,microsoft_Phi-4-mini-instruct-Q4_K_M.gguf,2550.23,23.9788,0.0,0.0
1780404615.3651671,microsoft_Phi-4-mini-instruct-Q4_K_M.gguf,2550.3,13.257,0.0,0.0
1780404617.432441,microsoft_Phi-4-mini-instruct-Q4_K_M.gguf,116.28,20.575400000000002,0.0,0.0
1780404619.002082,microsoft_Phi-4-mini-instruct-Q4_K_M.gguf,2550.28,18.142599999999998,0.0,0.0
1780404619.516489,microsoft_Phi-4-mini-instruct-Q4_K_M.gguf,48937.19,11.3864,0.0,0.0
1780404625.657581,microsoft_Phi-4-mini-instruct-Q4_K_M.gguf,2742.59,35.843900000000005,0.0,0.0
1780404626.178657,microsoft_Phi-4-mini-instruct-Q4_K_M.gguf,2742.62,16.4411,0.0,0.0
1780404628.244332,microsoft_Phi-4-mini-instruct-Q4_K_M.gguf,2742.69,22.7954,0.0,0.0
1780404628.763129,microsoft_Phi-4-mini-instruct-Q4_K_M.gguf,49086.06,13.3282,0.0,0.0
1780404630.3223412,microsoft_Phi-4-mini-instruct-Q4_K_M.gguf,116.84,18.562099999999997,0.0,0.0
1780404631.875304,microsoft_Phi-4-mini-instruct-Q4_K_M.gguf,116.86,20.795,0.0,0.0
1780404633.438493,microsoft_Phi-4-mini-instruct-Q4_K_M.gguf,2742.77,16.0684,0.0,0.0
1780404633.964706,microsoft_Phi-4-mini-instruct-Q4_K_M.gguf,49170.58,11.468399999999999,0.0,0.0
1780404635.507669,microsoft_Phi-4-mini-instruct-Q4_K_M.gguf,2742.66,16.310299999999998,0.0,0.0
1780404636.028322,microsoft_Phi-4-mini-instruct-Q4_K_M.gguf,49112.95,12.0024,0.0,0.0
1780404637.58246,microsoft_Phi-4-mini-instruct-Q4_K_M.gguf,2742.58,20.0266,0.0,0.0
1780404638.103084,microsoft_Phi-4-mini-instruct-Q4_K_M.gguf,48944.14,12.145299999999999,0.0,0.0
1780404639.635875,microsoft_Phi-4-mini-instruct-Q4_K_M.gguf,2742.67,19.7709,0.0,0.0
1780404640.1552,microsoft_Phi-4-mini-instruct-Q4_K_M.gguf,2742.72,12.4963,0.0,0.0
1780404640.6738648,microsoft_Phi-4-mini-instruct-Q4_K_M.gguf,48895.03,11.783100000000001,0.0,0.0
1780404642.216872,microsoft_Phi-4-mini-instruct-Q4_K_M.gguf,116.91,21.1648,0.0,0.0
1780404666.101114,microsoft_Phi-4-mini-instruct-Q4_K_M.gguf,3510.92,36.2345,0.0,0.0
1780404666.620636,microsoft_Phi-4-mini-instruct-Q4_K_M.gguf,3510.95,17.2151,0.0,0.0
1780404668.6803179,microsoft_Phi-4-mini-instruct-Q4_K_M.gguf,3511.0,23.1356,0.0,0.0
1780404669.198432,microsoft_Phi-4-mini-instruct-Q4_K_M.gguf,3511.03,12.8857,0.0,0.0
1780404671.265905,microsoft_Phi-4-mini-instruct-Q4_K_M.gguf,3511.05,19.0612,0.0,0.0
1780404671.795917,microsoft_Phi-4-mini-instruct-Q4_K_M.gguf,117.23,12.568299999999999,0.0,0.0
1780404673.342737,microsoft_Phi-4-mini-instruct-Q4_K_M.gguf,3510.95,17.2941,0.0,0.0
1780404673.86193,microsoft_Phi-4-mini-instruct-Q4_K_M.gguf,3511.02,12.5282,0.0,0.0
1780404675.920247,microsoft_Phi-4-mini-instruct-Q4_K_M.gguf,3510.95,20.9393,0.0,0.0
1780404676.440568,microsoft_Phi-4-mini-instruct-Q4_K_M.gguf,3511.02,12.8411,0.0,0.0
1780404676.959573,microsoft_Phi-4-mini-instruct-Q4_K_M.gguf,48943.66,11.865200000000002,0.0,0.0
1780404678.489734,microsoft_Phi-4-mini-instruct-Q4_K_M.gguf,3511.02,20.0054,0.0,0.0
1780404679.012969,microsoft_Phi-4-mini-instruct-Q4_K_M.gguf,117.2,12.2968,0.0,0.0
1780404680.577611,microsoft_Phi-4-mini-instruct-Q4_K_M.gguf,3510.84,17.0847,0.0,0.0
1780404681.09584,microsoft_Phi-4-mini-instruct-Q4_K_M.gguf,3510.88,11.488100000000001,0.0,0.0
1780404683.154024,microsoft_Phi-4-mini-instruct-Q4_K_M.gguf,3511.03,23.0245,0.0,0.0
1780404683.673964,microsoft_Phi-4-mini-instruct-Q4_K_M.gguf,3511.06,13.1082,0.0,0.0
1780404685.735977,microsoft_Phi-4-mini-instruct-Q4_K_M.gguf,3510.97,19.4776,0.0,0.0
1780404686.255536,microsoft_Phi-4-mini-instruct-Q4_K_M.gguf,3511.03,12.3628,0.0,0.0
1780404688.328165,microsoft_Phi-4-mini-instruct-Q4_K_M.gguf,3510.97,17.8514,0.0,0.0
1780404688.847553,microsoft_Phi-4-mini-instruct-Q4_K_M.gguf,3510.98,12.542,0.0,0.0
1780404692.9746718,Qwen2.5-7B-Instruct-Q4_K_M.gguf,4595.08,27.4927,0.0,0.0
1780404693.493442,Qwen2.5-7B-Instruct-Q4_K_M.gguf,4595.16,13.0236,0.0,0.0
1780404694.012835,Qwen2.5-7B-Instruct-Q4_K_M.gguf,4595.17,10.978200000000001,0.0,0.0
1780404694.53262,Qwen2.5-7B-Instruct-Q4_K_M.gguf,4595.19,9.79966,0.0,0.0
1780404695.054507,Qwen2.5-7B-Instruct-Q4_K_M.gguf,104.78,9.24106,0.0,0.0
1780404697.0851169,Qwen2.5-7B-Instruct-Q4_K_M.gguf,4594.95,19.940099999999997,0.0,0.0
1780404697.603811,Qwen2.5-7B-Instruct-Q4_K_M.gguf,4594.98,11.408100000000001,0.0,0.0
1780404698.1235662,Qwen2.5-7B-Instruct-Q4_K_M.gguf,4594.98,10.751700000000001,0.0,0.0
1780404698.643552,Qwen2.5-7B-Instruct-Q4_K_M.gguf,4595.0,9.67467,0.0,0.0
1780404699.163261,Qwen2.5-7B-Instruct-Q4_K_M.gguf,104.59,9.59595,0.0,0.0
1780404701.184617,Qwen2.5-7B-Instruct-Q4_K_M.gguf,4595.12,20.279700000000002,0.0,0.0
1780404701.7050931,Qwen2.5-7B-Instruct-Q4_K_M.gguf,4595.14,11.4254,0.0,0.0
1780404702.22443,Qwen2.5-7B-Instruct-Q4_K_M.gguf,4595.16,10.7845,0.0,0.0
1780404702.744147,Qwen2.5-7B-Instruct-Q4_K_M.gguf,4595.17,9.73555,0.0,0.0
1780404703.263535,Qwen2.5-7B-Instruct-Q4_K_M.gguf,104.75,9.527059999999999,0.0,0.0
1780404705.2880719,Qwen2.5-7B-Instruct-Q4_K_M.gguf,4594.98,19.9776,0.0,0.0
1780404705.8073852,Qwen2.5-7B-Instruct-Q4_K_M.gguf,4595.02,11.676,0.0,0.0
1780404706.3270772,Qwen2.5-7B-Instruct-Q4_K_M.gguf,4595.03,10.7549,0.0,0.0
1780404706.8479,Qwen2.5-7B-Instruct-Q4_K_M.gguf,4595.05,9.704979999999999,0.0,0.0
1780404708.8614998,Qwen2.5-7B-Instruct-Q4_K_M.gguf,4594.94,12.5907,0.0,0.0
1780404709.381832,Qwen2.5-7B-Instruct-Q4_K_M.gguf,4594.94,9.35872,0.0,0.0
1780404709.9011881,Qwen2.5-7B-Instruct-Q4_K_M.gguf,4594.95,9.74021,0.0,0.0
1780404710.420906,Qwen2.5-7B-Instruct-Q4_K_M.gguf,4595.0,9.63675,0.0,0.0
1780404710.940755,Qwen2.5-7B-Instruct-Q4_K_M.gguf,4595.0,9.65498,0.0,0.0
1780404712.977568,Qwen2.5-7B-Instruct-Q4_K_M.gguf,4595.06,15.7854,0.0,0.0
1780404713.4962811,Qwen2.5-7B-Instruct-Q4_K_M.gguf,4595.11,10.315700000000001,0.0,0.0
1780404714.016066,Qwen2.5-7B-Instruct-Q4_K_M.gguf,4595.12,10.0133,0.0,0.0
1780404714.535691,Qwen2.5-7B-Instruct-Q4_K_M.gguf,4595.14,9.69533,0.0,0.0
1780404715.055676,Qwen2.5-7B-Instruct-Q4_K_M.gguf,4595.14,9.694139999999999,0.0,0.0
1780404717.0764968,Qwen2.5-7B-Instruct-Q4_K_M.gguf,4595.08,17.888900000000003,0.0,0.0
1780404717.5950909,Qwen2.5-7B-Instruct-Q4_K_M.gguf,4595.09,10.8904,0.0,0.0
1780404718.114944,Qwen2.5-7B-Instruct-Q4_K_M.gguf,4595.09,10.4065,0.0,0.0
1780404718.6345248,Qwen2.5-7B-Instruct-Q4_K_M.gguf,4595.11,9.681379999999999,0.0,0.0
1780404719.154158,Qwen2.5-7B-Instruct-Q4_K_M.gguf,4595.11,9.48523,0.0,0.0
1780404721.180384,Qwen2.5-7B-Instruct-Q4_K_M.gguf,4594.97,18.7044,0.0,0.0
1780404721.699946,Qwen2.5-7B-Instruct-Q4_K_M.gguf,4594.98,11.2352,0.0,0.0
1780404722.218792,Qwen2.5-7B-Instruct-Q4_K_M.gguf,4595.0,10.5472,0.0,0.0
1780404722.738624,Qwen2.5-7B-Instruct-Q4_K_M.gguf,4595.03,9.76542,0.0,0.0
1780404723.258548,Qwen2.5-7B-Instruct-Q4_K_M.gguf,104.61,9.360790000000001,0.0,0.0
1780404725.273941,Qwen2.5-7B-Instruct-Q4_K_M.gguf,4595.06,19.4782,0.0,0.0
1780404725.7924328,Qwen2.5-7B-Instruct-Q4_K_M.gguf,4595.09,11.4093,0.0,0.0
1780404726.311959,Qwen2.5-7B-Instruct-Q4_K_M.gguf,4595.11,10.5507,0.0,0.0
1780404726.832542,Qwen2.5-7B-Instruct-Q4_K_M.gguf,4595.12,9.66396,0.0,0.0
1780404727.35091,Qwen2.5-7B-Instruct-Q4_K_M.gguf,104.72,9.40609,0.0,0.0
1780404729.3684669,Qwen2.5-7B-Instruct-Q4_K_M.gguf,4595.02,19.685200000000002,0.0,0.0
1780404729.888156,Qwen2.5-7B-Instruct-Q4_K_M.gguf,4595.05,11.3773,0.0,0.0
1780404730.407344,Qwen2.5-7B-Instruct-Q4_K_M.gguf,4595.08,10.6232,0.0,0.0
1780404730.928131,Qwen2.5-7B-Instruct-Q4_K_M.gguf,4595.11,9.727829999999999,0.0,0.0
1780404731.447507,Qwen2.5-7B-Instruct-Q4_K_M.gguf,104.7,9.39919,0.0,0.0
1780404739.5922408,Qwen2.5-7B-Instruct-Q4_K_M.gguf,4679.08,25.603900000000003,0.0,0.0
1780404740.111711,Qwen2.5-7B-Instruct-Q4_K_M.gguf,4679.11,11.4493,0.0,0.0
1780404740.63124,Qwen2.5-7B-Instruct-Q4_K_M.gguf,4679.14,10.2162,0.0,0.0
1780404741.151061,Qwen2.5-7B-Instruct-Q4_K_M.gguf,4679.14,9.21552,0.0,0.0
1780404743.178664,Qwen2.5-7B-Instruct-Q4_K_M.gguf,4679.09,11.420399999999999,0.0,0.0
1780404743.697014,Qwen2.5-7B-Instruct-Q4_K_M.gguf,4679.09,8.36657,0.0,0.0
1780404744.216537,Qwen2.5-7B-Instruct-Q4_K_M.gguf,4679.12,9.473840000000001,0.0,0.0
1780404744.7364428,Qwen2.5-7B-Instruct-Q4_K_M.gguf,4679.14,9.50544,0.0,0.0
1780404745.2561111,Qwen2.5-7B-Instruct-Q4_K_M.gguf,4679.19,9.56179,0.0,0.0
1780404747.263456,Qwen2.5-7B-Instruct-Q4_K_M.gguf,4679.17,14.8699,0.0,0.0
1780404747.784238,Qwen2.5-7B-Instruct-Q4_K_M.gguf,4679.2,9.87388,0.0,0.0
1780404748.3024268,Qwen2.5-7B-Instruct-Q4_K_M.gguf,4679.23,9.87299,0.0,0.0
1780404748.822409,Qwen2.5-7B-Instruct-Q4_K_M.gguf,4679.23,9.63075,0.0,0.0
1780404749.342041,Qwen2.5-7B-Instruct-Q4_K_M.gguf,4679.25,9.38938,0.0,0.0
1780404751.3746371,Qwen2.5-7B-Instruct-Q4_K_M.gguf,4679.14,16.3477,0.0,0.0
1780404751.893468,Qwen2.5-7B-Instruct-Q4_K_M.gguf,4679.19,10.4306,0.0,0.0
1780404752.413676,Qwen2.5-7B-Instruct-Q4_K_M.gguf,4679.2,9.90427,0.0,0.0
1780404752.933795,Qwen2.5-7B-Instruct-Q4_K_M.gguf,4679.22,9.694790000000001,0.0,0.0
1780404753.45328,Qwen2.5-7B-Instruct-Q4_K_M.gguf,4679.22,9.31988,0.0,0.0
1780404755.46874,Qwen2.5-7B-Instruct-Q4_K_M.gguf,4679.06,17.4475,0.0,0.0
1780404755.988307,Qwen2.5-7B-Instruct-Q4_K_M.gguf,4679.08,10.3888,0.0,0.0
1780404756.5072389,Qwen2.5-7B-Instruct-Q4_K_M.gguf,4679.11,9.961540000000001,0.0,0.0
1780404757.0272472,Qwen2.5-7B-Instruct-Q4_K_M.gguf,4679.14,9.771030000000001,0.0,0.0
1780404757.546669,Qwen2.5-7B-Instruct-Q4_K_M.gguf,4679.14,9.25694,0.0,0.0
1780404759.5762591,Qwen2.5-7B-Instruct-Q4_K_M.gguf,4679.16,17.7306,0.0,0.0
1780404760.094573,Qwen2.5-7B-Instruct-Q4_K_M.gguf,4679.17,10.6695,0.0,0.0
1780404760.614463,Qwen2.5-7B-Instruct-Q4_K_M.gguf,4679.19,9.9803,0.0,0.0
1780404761.133941,Qwen2.5-7B-Instruct-Q4_K_M.gguf,4679.2,9.602379999999998,0.0,0.0
1780404761.653811,Qwen2.5-7B-Instruct-Q4_K_M.gguf,4679.2,9.26542,0.0,0.0
1780404763.670851,Qwen2.5-7B-Instruct-Q4_K_M.gguf,4679.09,18.196900000000003,0.0,0.0
1780404764.1899,Qwen2.5-7B-Instruct-Q4_K_M.gguf,4679.11,10.8429,0.0,0.0
1780404764.7093859,Qwen2.5-7B-Instruct-Q4_K_M.gguf,4679.16,10.217,0.0,0.0
1780404765.229294,Qwen2.5-7B-Instruct-Q4_K_M.gguf,4679.17,9.49156,0.0,0.0
1780404765.749183,Qwen2.5-7B-Instruct-Q4_K_M.gguf,4679.17,9.249870000000001,0.0,0.0
1780404767.770071,Qwen2.5-7B-Instruct-Q4_K_M.gguf,4679.19,18.0314,0.0,0.0
1780404768.2883751,Qwen2.5-7B-Instruct-Q4_K_M.gguf,4679.25,10.7986,0.0,0.0
1780404768.8115468,Qwen2.5-7B-Instruct-Q4_K_M.gguf,4679.27,10.0572,0.0,0.0
1780404769.328091,Qwen2.5-7B-Instruct-Q4_K_M.gguf,4679.28,9.566799999999999,0.0,0.0
1780404769.8479512,Qwen2.5-7B-Instruct-Q4_K_M.gguf,4679.3,9.25477,0.0,0.0
1780404771.8669271,Qwen2.5-7B-Instruct-Q4_K_M.gguf,4679.06,18.168599999999998,0.0,0.0
1780404772.3865972,Qwen2.5-7B-Instruct-Q4_K_M.gguf,4679.09,10.4246,0.0,0.0
1780404772.905777,Qwen2.5-7B-Instruct-Q4_K_M.gguf,4679.09,9.92225,0.0,0.0
1780404773.4262989,Qwen2.5-7B-Instruct-Q4_K_M.gguf,4679.11,9.57677,0.0,0.0
1780404773.945965,Qwen2.5-7B-Instruct-Q4_K_M.gguf,4679.12,9.25393,0.0,0.0
1780404775.9704168,Qwen2.5-7B-Instruct-Q4_K_M.gguf,4679.09,17.7781,0.0,0.0
1780404776.489269,Qwen2.5-7B-Instruct-Q4_K_M.gguf,4679.12,10.3626,0.0,0.0
1780404777.0085812,Qwen2.5-7B-Instruct-Q4_K_M.gguf,4679.16,9.85989,0.0,0.0
1780404777.528268,Qwen2.5-7B-Instruct-Q4_K_M.gguf,4679.16,9.54492,0.0,0.0
1780404778.0485902,Qwen2.5-7B-Instruct-Q4_K_M.gguf,4679.17,9.242379999999999,0.0,0.0
1780404809.375916,Qwen2.5-7B-Instruct-Q4_K_M.gguf,5015.25,24.015,0.0,0.0
1780404809.895179,Qwen2.5-7B-Instruct-Q4_K_M.gguf,5015.28,11.797,0.0,0.0
1780404810.415099,Qwen2.5-7B-Instruct-Q4_K_M.gguf,5015.3,9.90095,0.0,0.0
1780404810.934928,Qwen2.5-7B-Instruct-Q4_K_M.gguf,5015.3,8.81574,0.0,0.0
1780404811.454814,Qwen2.5-7B-Instruct-Q4_K_M.gguf,5015.31,8.61756,0.0,0.0
1780404813.4766378,Qwen2.5-7B-Instruct-Q4_K_M.gguf,5015.36,18.0333,0.0,0.0
1780404813.995213,Qwen2.5-7B-Instruct-Q4_K_M.gguf,5015.39,10.2441,0.0,0.0
1780404814.514875,Qwen2.5-7B-Instruct-Q4_K_M.gguf,5015.42,9.7479,0.0,0.0
1780404815.034761,Qwen2.5-7B-Instruct-Q4_K_M.gguf,5015.44,9.300030000000001,0.0,0.0
1780404815.55423,Qwen2.5-7B-Instruct-Q4_K_M.gguf,5015.44,9.04757,0.0,0.0
1780404817.575731,Qwen2.5-7B-Instruct-Q4_K_M.gguf,5015.3,16.6875,0.0,0.0
1780404818.0954251,Qwen2.5-7B-Instruct-Q4_K_M.gguf,5015.3,10.039100000000001,0.0,0.0
1780404818.614489,Qwen2.5-7B-Instruct-Q4_K_M.gguf,5015.33,9.668209999999998,0.0,0.0
1780404819.134327,Qwen2.5-7B-Instruct-Q4_K_M.gguf,5015.36,9.328719999999999,0.0,0.0
1780404819.6539469,Qwen2.5-7B-Instruct-Q4_K_M.gguf,5015.36,9.06147,0.0,0.0
1780404821.663775,Qwen2.5-7B-Instruct-Q4_K_M.gguf,5015.45,16.410400000000003,0.0,0.0
1780404822.1833742,Qwen2.5-7B-Instruct-Q4_K_M.gguf,5015.47,9.143930000000001,0.0,0.0
1780404822.702317,Qwen2.5-7B-Instruct-Q4_K_M.gguf,5015.48,9.586129999999999,0.0,0.0
1780404823.221832,Qwen2.5-7B-Instruct-Q4_K_M.gguf,5015.52,9.160290000000002,0.0,0.0
1780404823.741626,Qwen2.5-7B-Instruct-Q4_K_M.gguf,5015.52,9.10951,0.0,0.0
1780404825.760399,Qwen2.5-7B-Instruct-Q4_K_M.gguf,5015.42,15.956299999999999,0.0,0.0
1780404826.280977,Qwen2.5-7B-Instruct-Q4_K_M.gguf,5015.44,9.85088,0.0,0.0
1780404826.799999,Qwen2.5-7B-Instruct-Q4_K_M.gguf,5015.47,9.66122,0.0,0.0
1780404827.319882,Qwen2.5-7B-Instruct-Q4_K_M.gguf,5015.48,9.281889999999999,0.0,0.0
1780404827.8394592,Qwen2.5-7B-Instruct-Q4_K_M.gguf,5015.52,9.067590000000001,0.0,0.0
1780404829.861932,Qwen2.5-7B-Instruct-Q4_K_M.gguf,5015.39,16.3535,0.0,0.0
1780404830.3811011,Qwen2.5-7B-Instruct-Q4_K_M.gguf,5015.39,10.633,0.0,0.0
1780404830.9013681,Qwen2.5-7B-Instruct-Q4_K_M.gguf,5015.42,10.2401,0.0,0.0
1780404831.4211578,Qwen2.5-7B-Instruct-Q4_K_M.gguf,5015.44,10.232899999999999,0.0,0.0
1780404831.9413362,Qwen2.5-7B-Instruct-Q4_K_M.gguf,5015.47,8.68687,0.0,0.0
1780404833.9608681,Qwen2.5-7B-Instruct-Q4_K_M.gguf,5015.36,14.5775,0.0,0.0
1780404834.480902,Qwen2.5-7B-Instruct-Q4_K_M.gguf,5015.36,9.43078,0.0,0.0
1780404835.00013,Qwen2.5-7B-Instruct-Q4_K_M.gguf,5015.39,9.446959999999999,0.0,0.0
1780404835.519707,Qwen2.5-7B-Instruct-Q4_K_M.gguf,5015.39,9.20873,0.0,0.0
1780404836.039605,Qwen2.5-7B-Instruct-Q4_K_M.gguf,5015.41,9.132670000000001,0.0,0.0
1780404838.073,Qwen2.5-7B-Instruct-Q4_K_M.gguf,5015.33,14.898,0.0,0.0
1780404838.591518,Qwen2.5-7B-Instruct-Q4_K_M.gguf,5015.34,9.35983,0.0,0.0
1780404839.110652,Qwen2.5-7B-Instruct-Q4_K_M.gguf,5015.36,9.432,0.0,0.0
1780404839.630506,Qwen2.5-7B-Instruct-Q4_K_M.gguf,5015.41,9.154950000000001,0.0,0.0
1780404840.1502929,Qwen2.5-7B-Instruct-Q4_K_M.gguf,5015.41,9.09235,0.0,0.0
1780404842.169332,Qwen2.5-7B-Instruct-Q4_K_M.gguf,5015.28,14.8875,0.0,0.0
1780404842.68909,Qwen2.5-7B-Instruct-Q4_K_M.gguf,5015.3,9.51984,0.0,0.0
1780404843.2080011,Qwen2.5-7B-Instruct-Q4_K_M.gguf,5015.33,9.44369,0.0,0.0
1780404843.7278771,Qwen2.5-7B-Instruct-Q4_K_M.gguf,5015.34,9.15139,0.0,0.0
1780404844.247304,Qwen2.5-7B-Instruct-Q4_K_M.gguf,5015.39,9.10414,0.0,0.0
1780404846.271893,Qwen2.5-7B-Instruct-Q4_K_M.gguf,5015.45,15.1748,0.0,0.0
1780404846.791042,Qwen2.5-7B-Instruct-Q4_K_M.gguf,5015.5,9.41263,0.0,0.0
1780404847.31027,Qwen2.5-7B-Instruct-Q4_K_M.gguf,5015.5,9.42342,0.0,0.0
1780404847.830092,Qwen2.5-7B-Instruct-Q4_K_M.gguf,5015.53,9.13458,0.0,0.0
1780404848.349712,Qwen2.5-7B-Instruct-Q4_K_M.gguf,5015.53,9.06736,0.0,0.0
1780404851.93101,qwen2.5-3b-instruct-q4_k_m.gguf,2127.7,28.2604,0.0,0.0
1780404852.459268,qwen2.5-3b-instruct-q4_k_m.gguf,106.42,15.774899999999999,0.0,0.0
1780404854.011532,qwen2.5-3b-instruct-q4_k_m.gguf,2127.67,14.421100000000001,0.0,0.0
1780404854.524226,qwen2.5-3b-instruct-q4_k_m.gguf,51049.69,10.9357,0.0,0.0
1780404856.087622,qwen2.5-3b-instruct-q4_k_m.gguf,2127.38,12.1972,0.0,0.0
1780404856.606103,qwen2.5-3b-instruct-q4_k_m.gguf,2127.39,10.142,0.0,0.0
1780404858.667884,qwen2.5-3b-instruct-q4_k_m.gguf,2127.64,19.787599999999998,0.0,0.0
1780404859.187405,qwen2.5-3b-instruct-q4_k_m.gguf,51191.62,12.3553,0.0,0.0
1780404860.74734,qwen2.5-3b-instruct-q4_k_m.gguf,2127.53,14.283,0.0,0.0
1780404862.820161,qwen2.5-3b-instruct-q4_k_m.gguf,2127.69,12.6288,0.0,0.0
1780404863.3393831,qwen2.5-3b-instruct-q4_k_m.gguf,106.41,11.1609,0.0,0.0
1780404865.395176,qwen2.5-3b-instruct-q4_k_m.gguf,2127.83,20.7977,0.0,0.0
1780404865.9228642,qwen2.5-3b-instruct-q4_k_m.gguf,106.52,12.1878,0.0,0.0
1780404867.465769,qwen2.5-3b-instruct-q4_k_m.gguf,2127.67,14.256200000000002,0.0,0.0
1780404867.988719,qwen2.5-3b-instruct-q4_k_m.gguf,106.38,10.931299999999998,0.0,0.0
1780404869.551627,qwen2.5-3b-instruct-q4_k_m.gguf,2127.55,12.6121,0.0,0.0
1780404870.071845,qwen2.5-3b-instruct-q4_k_m.gguf,106.23,10.8258,0.0,0.0
1780404872.129442,qwen2.5-3b-instruct-q4_k_m.gguf,2127.44,20.1738,0.0,0.0
1780404872.648124,qwen2.5-3b-instruct-q4_k_m.gguf,50812.16,11.4756,0.0,0.0
1780404877.789315,qwen2.5-3b-instruct-q4_k_m.gguf,2182.22,23.8506,0.0,0.0
1780404878.310602,qwen2.5-3b-instruct-q4_k_m.gguf,50843.86,13.616,0.0,0.0
1780404879.866973,qwen2.5-3b-instruct-q4_k_m.gguf,2182.36,15.1684,0.0,0.0
1780404880.379942,qwen2.5-3b-instruct-q4_k_m.gguf,50817.92,11.3832,0.0,0.0
1780404881.945021,qwen2.5-3b-instruct-q4_k_m.gguf,2182.23,12.5863,0.0,0.0
1780404882.4645991,qwen2.5-3b-instruct-q4_k_m.gguf,482.38,11.0734,0.0,0.0
1780404884.530755,qwen2.5-3b-instruct-q4_k_m.gguf,2182.38,20.0616,0.0,0.0
1780404886.5866618,qwen2.5-3b-instruct-q4_k_m.gguf,2182.38,14.4032,0.0,0.0
1780404887.104255,qwen2.5-3b-instruct-q4_k_m.gguf,107.06,10.342,0.0,0.0
1780404888.6600509,qwen2.5-3b-instruct-q4_k_m.gguf,2182.14,11.8766,0.0,0.0
1780404889.180385,qwen2.5-3b-instruct-q4_k_m.gguf,2182.16,10.5734,0.0,0.0
1780404891.236659,qwen2.5-3b-instruct-q4_k_m.gguf,2182.28,20.1442,0.0,0.0
1780404891.7676039,qwen2.5-3b-instruct-q4_k_m.gguf,106.97,12.7248,0.0,0.0
1780404893.320457,qwen2.5-3b-instruct-q4_k_m.gguf,2182.3,14.1226,0.0,0.0
1780404893.831956,qwen2.5-3b-instruct-q4_k_m.gguf,51250.16,10.901299999999999,0.0,0.0
1780404895.396596,qwen2.5-3b-instruct-q4_k_m.gguf,2182.28,12.1212,0.0,0.0
1780404895.916074,qwen2.5-3b-instruct-q4_k_m.gguf,2182.3,9.802700000000002,0.0,0.0
1780404897.985054,qwen2.5-3b-instruct-q4_k_m.gguf,2182.19,19.300099999999997,0.0,0.0
1780404898.5059168,qwen2.5-3b-instruct-q4_k_m.gguf,50811.09,12.311,0.0,0.0
1780404917.372695,qwen2.5-3b-instruct-q4_k_m.gguf,2398.02,28.811,0.0,0.0
1780404917.905792,qwen2.5-3b-instruct-q4_k_m.gguf,106.7,16.334,0.0,0.0
1780404919.441499,qwen2.5-3b-instruct-q4_k_m.gguf,2398.09,18.0187,0.0,0.0
1780404919.962738,qwen2.5-3b-instruct-q4_k_m.gguf,106.8,9.32649,0.0,0.0
1780404921.5521338,qwen2.5-3b-instruct-q4_k_m.gguf,2398.08,11.925600000000001,0.0,0.0
1780404922.072611,qwen2.5-3b-instruct-q4_k_m.gguf,2398.11,10.3371,0.0,0.0
1780404924.1509209,qwen2.5-3b-instruct-q4_k_m.gguf,2398.06,21.9728,0.0,0.0
1780404924.6745422,qwen2.5-3b-instruct-q4_k_m.gguf,106.75,10.172600000000001,0.0,0.0
1780404926.2389781,qwen2.5-3b-instruct-q4_k_m.gguf,2398.02,12.633799999999999,0.0,0.0
1780404926.759281,qwen2.5-3b-instruct-q4_k_m.gguf,2398.05,10.8856,0.0,0.0
1780404928.8287911,qwen2.5-3b-instruct-q4_k_m.gguf,2398.05,19.7327,0.0,0.0
1780404929.362025,qwen2.5-3b-instruct-q4_k_m.gguf,106.75,12.4528,0.0,0.0
1780404930.912106,qwen2.5-3b-instruct-q4_k_m.gguf,2398.06,14.300799999999999,0.0,0.0
1780404931.4318058,qwen2.5-3b-instruct-q4_k_m.gguf,106.78,11.370700000000001,0.0,0.0
1780404933.006716,qwen2.5-3b-instruct-q4_k_m.gguf,2397.98,12.161,0.0,0.0
1780404933.527075,qwen2.5-3b-instruct-q4_k_m.gguf,2398.02,10.8454,0.0,0.0
1780404935.5769548,qwen2.5-3b-instruct-q4_k_m.gguf,2398.17,19.849700000000002,0.0,0.0
1780404936.1120992,qwen2.5-3b-instruct-q4_k_m.gguf,106.91,12.042200000000001,0.0,0.0
1780404937.692649,qwen2.5-3b-instruct-q4_k_m.gguf,2398.08,13.843200000000001,0.0,0.0
1780404938.212308,qwen2.5-3b-instruct-q4_k_m.gguf,106.8,11.233799999999999,0.0,0.0
1780404941.359048,qwen2.5-3b-instruct-q5_k_m.gguf,2446.0,25.1486,0.0,0.0
1780404941.880609,qwen2.5-3b-instruct-q5_k_m.gguf,2446.02,16.0346,0.0,0.0
1780404942.404911,qwen2.5-3b-instruct-q5_k_m.gguf,106.36,14.39,0.0,0.0
1780404944.137151,qwen2.5-3b-instruct-q5_k_m.gguf,2445.78,11.5219,0.0,0.0
1780404944.6591418,qwen2.5-3b-instruct-q5_k_m.gguf,2445.81,12.2369,0.0,0.0
1780404945.181602,qwen2.5-3b-instruct-q5_k_m.gguf,2445.88,12.3523,0.0,0.0
1780404945.706985,qwen2.5-3b-instruct-q5_k_m.gguf,2445.89,12.171299999999999,0.0,0.0
1780404947.9442508,qwen2.5-3b-instruct-q5_k_m.gguf,2446.17,14.4251,0.0,0.0
1780404948.4725928,qwen2.5-3b-instruct-q5_k_m.gguf,2446.33,12.6082,0.0,0.0
1780404949.00807,qwen2.5-3b-instruct-q5_k_m.gguf,2446.36,12.0967,0.0,0.0
1780404949.5332742,qwen2.5-3b-instruct-q5_k_m.gguf,106.7,10.687100000000001,0.0,0.0
1780404951.699688,qwen2.5-3b-instruct-q5_k_m.gguf,2446.41,14.5743,0.0,0.0
1780404952.229174,qwen2.5-3b-instruct-q5_k_m.gguf,2446.44,12.1205,0.0,0.0
1780404952.760896,qwen2.5-3b-instruct-q5_k_m.gguf,2446.44,11.3043,0.0,0.0
1780404955.227694,qwen2.5-3b-instruct-q5_k_m.gguf,2446.05,13.718,0.0,0.0
1780404955.7515678,qwen2.5-3b-instruct-q5_k_m.gguf,2446.06,11.9852,0.0,0.0
1780404956.2755468,qwen2.5-3b-instruct-q5_k_m.gguf,2446.08,12.0453,0.0,0.0
1780404958.333846,qwen2.5-3b-instruct-q5_k_m.gguf,2446.0,13.4461,0.0,0.0
1780404958.857908,qwen2.5-3b-instruct-q5_k_m.gguf,2446.03,12.017100000000001,0.0,0.0
1780404959.3827891,qwen2.5-3b-instruct-q5_k_m.gguf,2446.03,11.568,0.0,0.0
1780404959.9033291,qwen2.5-3b-instruct-q5_k_m.gguf,106.39,11.1172,0.0,0.0
1780404961.854232,qwen2.5-3b-instruct-q5_k_m.gguf,2445.88,15.4743,0.0,0.0
1780404962.376182,qwen2.5-3b-instruct-q5_k_m.gguf,2445.89,12.5137,0.0,0.0
1780404962.8969831,qwen2.5-3b-instruct-q5_k_m.gguf,106.23,12.2648,0.0,0.0
1780404964.882001,qwen2.5-3b-instruct-q5_k_m.gguf,2445.97,14.7348,0.0,0.0
1780404965.403421,qwen2.5-3b-instruct-q5_k_m.gguf,2446.0,12.0106,0.0,0.0
1780404965.924778,qwen2.5-3b-instruct-q5_k_m.gguf,2446.0,12.075700000000001,0.0,0.0
1780404967.907922,qwen2.5-3b-instruct-q5_k_m.gguf,2445.97,15.0908,0.0,0.0
1780404968.427999,qwen2.5-3b-instruct-q5_k_m.gguf,2445.98,11.7545,0.0,0.0
1780404968.949207,qwen2.5-3b-instruct-q5_k_m.gguf,2446.02,11.9555,0.0,0.0
1780404970.994207,qwen2.5-3b-instruct-q5_k_m.gguf,2445.86,15.155100000000001,0.0,0.0
1780404971.514847,qwen2.5-3b-instruct-q5_k_m.gguf,2445.89,11.9692,0.0,0.0
1780404972.035338,qwen2.5-3b-instruct-q5_k_m.gguf,2445.92,12.062899999999999,0.0,0.0
1780404978.244264,qwen2.5-3b-instruct-q5_k_m.gguf,2500.69,20.8414,0.0,0.0
1780404978.7648818,qwen2.5-3b-instruct-q5_k_m.gguf,2500.7,12.6911,0.0,0.0
1780404979.28526,qwen2.5-3b-instruct-q5_k_m.gguf,107.05,12.233,0.0,0.0
1780404981.337,qwen2.5-3b-instruct-q5_k_m.gguf,2500.58,15.283,0.0,0.0
1780404981.85747,qwen2.5-3b-instruct-q5_k_m.gguf,2500.59,11.8049,0.0,0.0
1780404982.377894,qwen2.5-3b-instruct-q5_k_m.gguf,2500.62,12.003200000000001,0.0,0.0
1780404984.468044,qwen2.5-3b-instruct-q5_k_m.gguf,2500.61,14.9201,0.0,0.0
1780404984.987663,qwen2.5-3b-instruct-q5_k_m.gguf,2500.64,11.636899999999999,0.0,0.0
1780404985.5085702,qwen2.5-3b-instruct-q5_k_m.gguf,2500.64,12.095799999999999,0.0,0.0
1780404987.604631,qwen2.5-3b-instruct-q5_k_m.gguf,2500.42,14.6823,0.0,0.0
1780404988.1254349,qwen2.5-3b-instruct-q5_k_m.gguf,2500.45,11.649799999999999,0.0,0.0
1780404988.646496,qwen2.5-3b-instruct-q5_k_m.gguf,2500.47,11.9514,0.0,0.0
1780404990.756845,qwen2.5-3b-instruct-q5_k_m.gguf,2500.53,14.3251,0.0,0.0
1780404991.276937,qwen2.5-3b-instruct-q5_k_m.gguf,2500.53,11.851899999999999,0.0,0.0
1780404991.799063,qwen2.5-3b-instruct-q5_k_m.gguf,2500.56,11.8044,0.0,0.0
1780404993.886076,qwen2.5-3b-instruct-q5_k_m.gguf,2500.53,14.184,0.0,0.0
1780404994.40692,qwen2.5-3b-instruct-q5_k_m.gguf,2500.56,11.978200000000001,0.0,0.0
1780404994.928549,qwen2.5-3b-instruct-q5_k_m.gguf,2500.56,11.954799999999999,0.0,0.0
1780404997.042784,qwen2.5-3b-instruct-q5_k_m.gguf,2500.55,13.701,0.0,0.0
1780404997.5639381,qwen2.5-3b-instruct-q5_k_m.gguf,2500.56,11.7001,0.0,0.0
1780404998.08669,qwen2.5-3b-instruct-q5_k_m.gguf,2500.58,11.8526,0.0,0.0
1780405000.1861482,qwen2.5-3b-instruct-q5_k_m.gguf,2500.64,13.6944,0.0,0.0
1780405000.7075908,qwen2.5-3b-instruct-q5_k_m.gguf,2500.67,11.776399999999999,0.0,0.0
1780405001.229204,qwen2.5-3b-instruct-q5_k_m.gguf,2500.69,11.1993,0.0,0.0
1780405003.331058,qwen2.5-3b-instruct-q5_k_m.gguf,2500.45,13.6543,0.0,0.0
1780405003.852075,qwen2.5-3b-instruct-q5_k_m.gguf,2500.48,11.9728,0.0,0.0
1780405004.373939,qwen2.5-3b-instruct-q5_k_m.gguf,2500.52,11.9828,0.0,0.0
1780405006.489701,qwen2.5-3b-instruct-q5_k_m.gguf,2500.67,13.0957,0.0,0.0
1780405007.0112891,qwen2.5-3b-instruct-q5_k_m.gguf,2500.7,11.4263,0.0,0.0
1780405007.5329258,qwen2.5-3b-instruct-q5_k_m.gguf,2500.73,11.7652,0.0,0.0
1780405031.4288268,qwen2.5-3b-instruct-q5_k_m.gguf,2716.3,19.361,0.0,0.0
1780405031.948719,qwen2.5-3b-instruct-q5_k_m.gguf,2716.31,12.5458,0.0,0.0
1780405032.470311,qwen2.5-3b-instruct-q5_k_m.gguf,2716.34,12.1145,0.0,0.0
1780405034.604595,qwen2.5-3b-instruct-q5_k_m.gguf,2716.41,12.8815,0.0,0.0
1780405035.125721,qwen2.5-3b-instruct-q5_k_m.gguf,2716.42,11.2874,0.0,0.0
1780405035.646726,qwen2.5-3b-instruct-q5_k_m.gguf,2716.44,11.815100000000001,0.0,0.0
1780405036.1695611,qwen2.5-3b-instruct-q5_k_m.gguf,2716.45,11.794799999999999,0.0,0.0
1780405038.284568,qwen2.5-3b-instruct-q5_k_m.gguf,2716.28,13.8221,0.0,0.0
1780405038.8059928,qwen2.5-3b-instruct-q5_k_m.gguf,2716.31,11.8725,0.0,0.0
1780405039.328573,qwen2.5-3b-instruct-q5_k_m.gguf,2716.33,11.8606,0.0,0.0
1780405039.850464,qwen2.5-3b-instruct-q5_k_m.gguf,2716.33,11.306899999999999,0.0,0.0
1780405041.922883,qwen2.5-3b-instruct-q5_k_m.gguf,2716.38,14.6473,0.0,0.0
1780405042.444684,qwen2.5-3b-instruct-q5_k_m.gguf,2716.41,11.8905,0.0,0.0
1780405042.966549,qwen2.5-3b-instruct-q5_k_m.gguf,2716.41,12.2065,0.0,0.0
1780405043.4885771,qwen2.5-3b-instruct-q5_k_m.gguf,2716.41,12.042399999999999,0.0,0.0
1780405045.641206,qwen2.5-3b-instruct-q5_k_m.gguf,2716.3,13.769,0.0,0.0
1780405046.1649761,qwen2.5-3b-instruct-q5_k_m.gguf,2716.3,12.1008,0.0,0.0
1780405046.686742,qwen2.5-3b-instruct-q5_k_m.gguf,2716.3,12.0662,0.0,0.0
1780405047.210062,qwen2.5-3b-instruct-q5_k_m.gguf,2716.33,11.8538,0.0,0.0
1780405049.312732,qwen2.5-3b-instruct-q5_k_m.gguf,2716.38,13.2621,0.0,0.0
1780405049.834901,qwen2.5-3b-instruct-q5_k_m.gguf,2716.41,11.8382,0.0,0.0
1780405050.357228,qwen2.5-3b-instruct-q5_k_m.gguf,2716.45,11.966899999999999,0.0,0.0
1780405050.8797078,qwen2.5-3b-instruct-q5_k_m.gguf,2716.45,11.979899999999999,0.0,0.0
1780405052.961183,qwen2.5-3b-instruct-q5_k_m.gguf,2716.28,13.5799,0.0,0.0
1780405053.484541,qwen2.5-3b-instruct-q5_k_m.gguf,2716.31,12.082799999999999,0.0,0.0
1780405054.007487,qwen2.5-3b-instruct-q5_k_m.gguf,2716.33,11.8787,0.0,0.0
1780405054.531065,qwen2.5-3b-instruct-q5_k_m.gguf,2716.33,11.8429,0.0,0.0
1780405055.054695,qwen2.5-3b-instruct-q5_k_m.gguf,106.67,11.6573,0.0,0.0
1780405057.1071901,qwen2.5-3b-instruct-q5_k_m.gguf,2716.44,13.9771,0.0,0.0
1780405057.629621,qwen2.5-3b-instruct-q5_k_m.gguf,2716.45,11.6857,0.0,0.0
1780405058.153097,qwen2.5-3b-instruct-q5_k_m.gguf,2716.48,11.7873,0.0,0.0
1780405058.676953,qwen2.5-3b-instruct-q5_k_m.gguf,106.83,11.4937,0.0,0.0
1780405060.661185,qwen2.5-3b-instruct-q5_k_m.gguf,2716.44,15.540799999999999,0.0,0.0
1780405061.182451,qwen2.5-3b-instruct-q5_k_m.gguf,2716.47,12.2389,0.0,0.0
1780405061.704298,qwen2.5-3b-instruct-q5_k_m.gguf,2716.48,12.264299999999999,0.0,0.0
1780405062.2302809,qwen2.5-3b-instruct-q5_k_m.gguf,106.83,11.7144,0.0,0.0
1780405064.2064471,qwen2.5-3b-instruct-q5_k_m.gguf,2716.38,15.0978,0.0,0.0
1780405064.727177,qwen2.5-3b-instruct-q5_k_m.gguf,2716.41,12.140799999999999,0.0,0.0
1780405065.248818,qwen2.5-3b-instruct-q5_k_m.gguf,2716.45,11.866,0.0,0.0
1780405065.7728372,qwen2.5-3b-instruct-q5_k_m.gguf,106.81,11.603200000000001,0.0,0.0
1780405069.324337,qwen2.5-3b-instruct-q8_0.gguf,3568.66,16.985,0.0,0.0
1780405069.844768,qwen2.5-3b-instruct-q8_0.gguf,3568.67,10.254,0.0,0.0
1780405070.366265,qwen2.5-3b-instruct-q8_0.gguf,3568.72,8.15005,0.0,0.0
1780405070.887449,qwen2.5-3b-instruct-q8_0.gguf,3568.72,8.249979999999999,0.0,0.0
1780405073.0586529,qwen2.5-3b-instruct-q8_0.gguf,3568.73,10.7311,0.0,0.0
1780405073.583147,qwen2.5-3b-instruct-q8_0.gguf,3568.75,8.58082,0.0,0.0
1780405074.1040142,qwen2.5-3b-instruct-q8_0.gguf,3568.78,8.29899,0.0,0.0
1780405074.6256452,qwen2.5-3b-instruct-q8_0.gguf,3568.78,8.5827,0.0,0.0
1780405076.7784991,qwen2.5-3b-instruct-q8_0.gguf,3568.69,10.329600000000001,0.0,0.0
1780405077.3003142,qwen2.5-3b-instruct-q8_0.gguf,3568.7,7.9639,0.0,0.0
1780405077.823115,qwen2.5-3b-instruct-q8_0.gguf,3568.72,8.36742,0.0,0.0
1780405078.34516,qwen2.5-3b-instruct-q8_0.gguf,3568.75,8.33937,0.0,0.0
1780405078.870216,qwen2.5-3b-instruct-q8_0.gguf,106.28,8.28623,0.0,0.0
1780405080.9944441,qwen2.5-3b-instruct-q8_0.gguf,3568.64,13.645700000000001,0.0,0.0
1780405081.517925,qwen2.5-3b-instruct-q8_0.gguf,3568.67,8.713,0.0,0.0
1780405082.040561,qwen2.5-3b-instruct-q8_0.gguf,3568.7,8.04655,0.0,0.0
1780405082.5637472,qwen2.5-3b-instruct-q8_0.gguf,3568.72,8.19734,0.0,0.0
1780405084.7124102,qwen2.5-3b-instruct-q8_0.gguf,3568.66,12.020700000000001,0.0,0.0
1780405085.236043,qwen2.5-3b-instruct-q8_0.gguf,3568.69,8.457540000000002,0.0,0.0
1780405085.761056,qwen2.5-3b-instruct-q8_0.gguf,3568.7,8.33994,0.0,0.0
1780405086.286869,qwen2.5-3b-instruct-q8_0.gguf,3568.73,6.4739700000000004,0.0,0.0
1780405088.981316,qwen2.5-3b-instruct-q8_0.gguf,3569.77,14.7201,0.0,0.0
1780405089.5055602,qwen2.5-3b-instruct-q8_0.gguf,3569.78,6.521520000000001,0.0,0.0
1780405090.034483,qwen2.5-3b-instruct-q8_0.gguf,3569.78,7.452649999999999,0.0,0.0
1780405092.431335,qwen2.5-3b-instruct-q8_0.gguf,3568.66,21.158099999999997,0.0,0.0
1780405092.9526799,qwen2.5-3b-instruct-q8_0.gguf,3568.67,8.04055,0.0,0.0
1780405093.4743612,qwen2.5-3b-instruct-q8_0.gguf,3568.7,6.386939999999999,0.0,0.0
1780405094.0022411,qwen2.5-3b-instruct-q8_0.gguf,106.23,7.33706,0.0,0.0
1780405095.87744,qwen2.5-3b-instruct-q8_0.gguf,3568.8,16.3908,0.0,0.0
1780405096.396811,qwen2.5-3b-instruct-q8_0.gguf,3568.84,10.2919,0.0,0.0
1780405096.924064,qwen2.5-3b-instruct-q8_0.gguf,106.38,7.964729999999999,0.0,0.0
1780405098.7786229,qwen2.5-3b-instruct-q8_0.gguf,3568.78,16.3138,0.0,0.0
1780405099.297656,qwen2.5-3b-instruct-q8_0.gguf,3568.8,7.92859,0.0,0.0
1780405099.817878,qwen2.5-3b-instruct-q8_0.gguf,3568.81,6.641229999999999,0.0,0.0
1780405101.860784,qwen2.5-3b-instruct-q8_0.gguf,3568.75,13.1562,0.0,0.0
1780405102.380385,qwen2.5-3b-instruct-q8_0.gguf,3568.78,9.80223,0.0,0.0
1780405102.9000168,qwen2.5-3b-instruct-q8_0.gguf,3568.81,8.33506,0.0,0.0
1780405108.550347,qwen2.5-3b-instruct-q8_0.gguf,3623.39,22.625700000000002,0.0,0.0
1780405109.070812,qwen2.5-3b-instruct-q8_0.gguf,3623.42,11.8235,0.0,0.0
1780405109.5898938,qwen2.5-3b-instruct-q8_0.gguf,3623.44,7.49842,0.0,0.0
1780405111.662177,qwen2.5-3b-instruct-q8_0.gguf,3623.28,15.5306,0.0,0.0
1780405112.1828852,qwen2.5-3b-instruct-q8_0.gguf,3623.3,8.55395,0.0,0.0
1780405112.7022898,qwen2.5-3b-instruct-q8_0.gguf,3623.31,7.22528,0.0,0.0
1780405114.7545118,qwen2.5-3b-instruct-q8_0.gguf,3623.33,13.5496,0.0,0.0
1780405115.2744918,qwen2.5-3b-instruct-q8_0.gguf,3623.34,9.87326,0.0,0.0
1780405115.794621,qwen2.5-3b-instruct-q8_0.gguf,3623.34,8.43314,0.0,0.0
1780405117.8726778,qwen2.5-3b-instruct-q8_0.gguf,3623.39,14.1555,0.0,0.0
1780405118.393489,qwen2.5-3b-instruct-q8_0.gguf,3623.42,9.12551,0.0,0.0
1780405118.913213,qwen2.5-3b-instruct-q8_0.gguf,3623.44,7.70813,0.0,0.0
1780405120.957066,qwen2.5-3b-instruct-q8_0.gguf,3623.41,13.6,0.0,0.0
1780405121.476764,qwen2.5-3b-instruct-q8_0.gguf,3623.42,10.010200000000001,0.0,0.0
1780405121.997111,qwen2.5-3b-instruct-q8_0.gguf,3623.42,8.34934,0.0,0.0
1780405124.071378,qwen2.5-3b-instruct-q8_0.gguf,3623.39,13.944799999999999,0.0,0.0
1780405124.591274,qwen2.5-3b-instruct-q8_0.gguf,3623.41,9.63936,0.0,0.0
1780405125.111669,qwen2.5-3b-instruct-q8_0.gguf,3623.41,8.10324,0.0,0.0
1780405127.1610172,qwen2.5-3b-instruct-q8_0.gguf,3623.28,13.621799999999999,0.0,0.0
1780405127.6811478,qwen2.5-3b-instruct-q8_0.gguf,3623.31,9.55194,0.0,0.0
1780405128.201327,qwen2.5-3b-instruct-q8_0.gguf,3623.31,8.19421,0.0,0.0
1780405130.2344902,qwen2.5-3b-instruct-q8_0.gguf,3623.44,14.151399999999999,0.0,0.0
1780405130.753685,qwen2.5-3b-instruct-q8_0.gguf,3623.45,9.5236,0.0,0.0
1780405131.273461,qwen2.5-3b-instruct-q8_0.gguf,3623.45,7.91766,0.0,0.0
1780405133.353395,qwen2.5-3b-instruct-q8_0.gguf,3623.34,13.5692,0.0,0.0
1780405133.873107,qwen2.5-3b-instruct-q8_0.gguf,3623.38,9.62128,0.0,0.0
1780405134.393277,qwen2.5-3b-instruct-q8_0.gguf,3623.39,8.49673,0.0,0.0
1780405136.4424372,qwen2.5-3b-instruct-q8_0.gguf,3623.34,13.887,0.0,0.0
1780405136.961466,qwen2.5-3b-instruct-q8_0.gguf,3623.36,9.43832,0.0,0.0
1780405137.481133,qwen2.5-3b-instruct-q8_0.gguf,3623.36,8.02771,0.0,0.0
1780405156.86928,qwen2.5-3b-instruct-q8_0.gguf,3839.22,26.916400000000003,0.0,0.0
1780405157.389617,qwen2.5-3b-instruct-q8_0.gguf,3839.25,14.8499,0.0,0.0
1780405157.916019,qwen2.5-3b-instruct-q8_0.gguf,106.78,8.13179,0.0,0.0
1780405159.845975,qwen2.5-3b-instruct-q8_0.gguf,3839.2,13.994,0.0,0.0
1780405160.365236,qwen2.5-3b-instruct-q8_0.gguf,3839.25,10.0707,0.0,0.0
1780405160.885369,qwen2.5-3b-instruct-q8_0.gguf,3839.25,8.58164,0.0,0.0
1780405162.952523,qwen2.5-3b-instruct-q8_0.gguf,3839.08,13.717600000000001,0.0,0.0
1780405163.471595,qwen2.5-3b-instruct-q8_0.gguf,3839.14,9.95279,0.0,0.0
1780405163.992202,qwen2.5-3b-instruct-q8_0.gguf,3839.17,8.26193,0.0,0.0
1780405166.036931,qwen2.5-3b-instruct-q8_0.gguf,3839.22,13.5061,0.0,0.0
1780405166.555889,qwen2.5-3b-instruct-q8_0.gguf,3839.23,9.87774,0.0,0.0
1780405167.0759392,qwen2.5-3b-instruct-q8_0.gguf,3839.25,8.17107,0.0,0.0
1780405169.140793,qwen2.5-3b-instruct-q8_0.gguf,3839.17,13.7218,0.0,0.0
1780405169.660016,qwen2.5-3b-instruct-q8_0.gguf,3839.17,9.427719999999999,0.0,0.0
1780405170.1796212,qwen2.5-3b-instruct-q8_0.gguf,3839.19,7.9082,0.0,0.0
1780405172.221421,qwen2.5-3b-instruct-q8_0.gguf,3839.12,13.5453,0.0,0.0
1780405172.740151,qwen2.5-3b-instruct-q8_0.gguf,3839.17,9.694180000000001,0.0,0.0
1780405173.2612019,qwen2.5-3b-instruct-q8_0.gguf,3839.2,8.03896,0.0,0.0
1780405175.3261702,qwen2.5-3b-instruct-q8_0.gguf,3839.2,13.3158,0.0,0.0
1780405175.8468611,qwen2.5-3b-instruct-q8_0.gguf,3839.22,9.70797,0.0,0.0
1780405176.3659132,qwen2.5-3b-instruct-q8_0.gguf,3839.27,8.3585,0.0,0.0
1780405178.4328089,qwen2.5-3b-instruct-q8_0.gguf,3839.19,13.644200000000001,0.0,0.0
1780405178.951318,qwen2.5-3b-instruct-q8_0.gguf,3839.19,9.357629999999999,0.0,0.0
1780405179.471103,qwen2.5-3b-instruct-q8_0.gguf,3839.2,7.95793,0.0,0.0
1780405181.523365,qwen2.5-3b-instruct-q8_0.gguf,3839.23,13.2421,0.0,0.0
1780405182.0426738,qwen2.5-3b-instruct-q8_0.gguf,3839.25,9.74841,0.0,0.0
1780405182.562061,qwen2.5-3b-instruct-q8_0.gguf,3839.28,8.38362,0.0,0.0
1780405184.602474,qwen2.5-3b-instruct-q8_0.gguf,3839.16,14.2228,0.0,0.0
1780405185.121846,qwen2.5-3b-instruct-q8_0.gguf,3839.17,9.25482,0.0,0.0
1780405185.641658,qwen2.5-3b-instruct-q8_0.gguf,3839.17,7.689,0.0,0.0
