trial_id,status,duration_s,cfg_profile,cfg_seq_len,cfg_temperature,cfg_threshold,cfg_vocab_size,metric_argmax_sample_agreement,metric_avg_top_prob,metric_confident_entropy_avg,metric_median_top_prob,metric_p10_top_prob,metric_p90_top_prob,metric_skip_rate,metric_threshold,metric_uncertain_entropy_avg
token_confidence_threshold_t0001,completed,0.4445,natural,512,0.3,0.5,32000,0.318359375,0.3240562975406647,1.2538114786148071,0.17822116613388062,0.05504521355032921,0.9284676909446716,0.244140625,0.5,5.294529438018799
token_confidence_threshold_t0002,completed,0.4016,natural,512,0.3,0.6,32000,0.318359375,0.3240562975406647,0.9853432774543762,0.17822116613388062,0.05504521355032921,0.9284676909446716,0.212890625,0.6,5.206717014312744
token_confidence_threshold_t0003,completed,0.4036,natural,512,0.3,0.7,32000,0.318359375,0.3240562975406647,0.8251516222953796,0.17822116613388062,0.05504521355032921,0.9284676909446716,0.193359375,0.7,5.142904281616211
token_confidence_threshold_t0004,completed,0.4046,natural,512,0.3,0.8,32000,0.318359375,0.3240562975406647,0.4966415464878082,0.17822116613388062,0.05504521355032921,0.9284676909446716,0.1484375,0.8,4.972396373748779
token_confidence_threshold_t0005,completed,0.3963,natural,512,0.3,0.85,32000,0.318359375,0.3240562975406647,0.37708425521850586,0.17822116613388062,0.05504521355032921,0.9284676909446716,0.130859375,0.85,4.899876594543457
token_confidence_threshold_t0006,completed,0.4040,natural,512,0.3,0.9,32000,0.318359375,0.3240562975406647,0.3136198818683624,0.17822116613388062,0.05504521355032921,0.9284676909446716,0.119140625,0.9,4.848289489746094
token_confidence_threshold_t0007,completed,0.4129,natural,512,0.3,0.95,32000,0.318359375,0.3240562975406647,0.1608729213476181,0.17822116613388062,0.05504521355032921,0.9284676909446716,0.083984375,0.95,4.688255786895752
token_confidence_threshold_t0008,completed,0.3969,natural,512,0.3,0.99,32000,0.318359375,0.3240562975406647,0.03650813549757004,0.17822116613388062,0.05504521355032921,0.9284676909446716,0.041015625,0.99,4.490718841552734
token_confidence_threshold_t0009,completed,0.4063,natural,512,0.3,0.995,32000,0.318359375,0.3240562975406647,0.026119910180568695,0.17822116613388062,0.05504521355032921,0.9284676909446716,0.033203125,0.995,4.455081939697266
token_confidence_threshold_t0010,completed,0.4013,natural,512,0.3,0.999,32000,0.318359375,0.3240562975406647,0.0049753920175135136,0.17822116613388062,0.05504521355032921,0.9284676909446716,0.009765625,0.999,4.350462436676025
token_confidence_threshold_t0011,completed,0.4042,natural,512,0.5,0.5,32000,0.0703125,0.076384998857975,3.0978357791900635,0.02223607338964939,0.009103323332965374,0.19812050461769104,0.0390625,0.5,8.162808418273926
token_confidence_threshold_t0012,completed,0.3988,natural,512,0.5,0.6,32000,0.0703125,0.076384998857975,2.649521589279175,0.02223607338964939,0.009103323332965374,0.19812050461769104,0.029296875,0.6,8.125383377075195
token_confidence_threshold_t0013,completed,0.3999,natural,512,0.5,0.7,32000,0.0703125,0.076384998857975,2.0111849308013916,0.02223607338964939,0.009103323332965374,0.19812050461769104,0.017578125,0.7,8.071486473083496
token_confidence_threshold_t0014,completed,0.4041,natural,512,0.5,0.8,32000,0.0703125,0.076384998857975,1.2678080797195435,0.02223607338964939,0.009103323332965374,0.19812050461769104,0.009765625,0.8,8.031003952026367
token_confidence_threshold_t0015,completed,0.4059,natural,512,0.5,0.85,32000,0.0703125,0.076384998857975,0.8114790320396423,0.02223607338964939,0.009103323332965374,0.19812050461769104,0.005859375,0.85,8.007119178771973
token_confidence_threshold_t0016,completed,0.4092,natural,512,0.5,0.9,32000,0.0703125,0.076384998857975,0.6419230699539185,0.02223607338964939,0.009103323332965374,0.19812050461769104,0.00390625,0.9,7.9936747550964355
token_confidence_threshold_t0017,completed,0.4002,natural,512,0.5,0.95,32000,0.0703125,0.076384998857975,0.18699556589126587,0.02223607338964939,0.009103323332965374,0.19812050461769104,0.001953125,0.95,7.980178356170654
token_confidence_threshold_t0018,completed,0.4053,natural,512,0.5,0.99,32000,0.0703125,0.076384998857975,0,0.02223607338964939,0.009103323332965374,0.19812050461769104,0.0,0.99,7.964957237243652
token_confidence_threshold_t0019,completed,0.4031,natural,512,0.5,0.995,32000,0.0703125,0.076384998857975,0,0.02223607338964939,0.009103323332965374,0.19812050461769104,0.0,0.995,7.964957237243652
token_confidence_threshold_t0020,completed,0.4119,natural,512,0.5,0.999,32000,0.0703125,0.076384998857975,0,0.02223607338964939,0.009103323332965374,0.19812050461769104,0.0,0.999,7.964957237243652
token_confidence_threshold_t0021,completed,0.4118,natural,512,0.7,0.5,32000,0.009765625,0.01459185965359211,4.205361366271973,0.005123138893395662,0.0026868139393627644,0.02772337570786476,0.001953125,0.5,9.296390533447266
token_confidence_threshold_t0022,completed,0.4015,natural,512,0.7,0.6,32000,0.009765625,0.01459185965359211,4.205361366271973,0.005123138893395662,0.0026868139393627644,0.02772337570786476,0.001953125,0.6,9.296390533447266
token_confidence_threshold_t0023,completed,0.3997,natural,512,0.7,0.7,32000,0.009765625,0.01459185965359211,0,0.005123138893395662,0.0026868139393627644,0.02772337570786476,0.0,0.7,9.286446571350098
token_confidence_threshold_t0024,completed,0.4154,natural,512,0.7,0.8,32000,0.009765625,0.01459185965359211,0,0.005123138893395662,0.0026868139393627644,0.02772337570786476,0.0,0.8,9.286446571350098
token_confidence_threshold_t0025,completed,0.4364,natural,512,0.7,0.85,32000,0.009765625,0.01459185965359211,0,0.005123138893395662,0.0026868139393627644,0.02772337570786476,0.0,0.85,9.286446571350098
token_confidence_threshold_t0026,completed,0.4004,natural,512,0.7,0.9,32000,0.009765625,0.01459185965359211,0,0.005123138893395662,0.0026868139393627644,0.02772337570786476,0.0,0.9,9.286446571350098
token_confidence_threshold_t0027,completed,0.3988,natural,512,0.7,0.95,32000,0.009765625,0.01459185965359211,0,0.005123138893395662,0.0026868139393627644,0.02772337570786476,0.0,0.95,9.286446571350098
token_confidence_threshold_t0028,completed,0.3984,natural,512,0.7,0.99,32000,0.009765625,0.01459185965359211,0,0.005123138893395662,0.0026868139393627644,0.02772337570786476,0.0,0.99,9.286446571350098
token_confidence_threshold_t0029,completed,0.3951,natural,512,0.7,0.995,32000,0.009765625,0.01459185965359211,0,0.005123138893395662,0.0026868139393627644,0.02772337570786476,0.0,0.995,9.286446571350098
token_confidence_threshold_t0030,completed,0.4010,natural,512,0.7,0.999,32000,0.009765625,0.01459185965359211,0,0.005123138893395662,0.0026868139393627644,0.02772337570786476,0.0,0.999,9.286446571350098
token_confidence_threshold_t0031,completed,0.4138,natural,512,1.0,0.5,32000,0.001953125,0.002451634733006358,0,0.001371723716147244,0.0008714497089385986,0.004578202497214079,0.0,0.5,9.867181777954102
token_confidence_threshold_t0032,completed,0.4086,natural,512,1.0,0.6,32000,0.001953125,0.002451634733006358,0,0.001371723716147244,0.0008714497089385986,0.004578202497214079,0.0,0.6,9.867181777954102
token_confidence_threshold_t0033,completed,0.4028,natural,512,1.0,0.7,32000,0.001953125,0.002451634733006358,0,0.001371723716147244,0.0008714497089385986,0.004578202497214079,0.0,0.7,9.867181777954102
token_confidence_threshold_t0034,completed,0.4064,natural,512,1.0,0.8,32000,0.001953125,0.002451634733006358,0,0.001371723716147244,0.0008714497089385986,0.004578202497214079,0.0,0.8,9.867181777954102
token_confidence_threshold_t0035,completed,0.4131,natural,512,1.0,0.85,32000,0.001953125,0.002451634733006358,0,0.001371723716147244,0.0008714497089385986,0.004578202497214079,0.0,0.85,9.867181777954102
token_confidence_threshold_t0036,completed,0.4195,natural,512,1.0,0.9,32000,0.001953125,0.002451634733006358,0,0.001371723716147244,0.0008714497089385986,0.004578202497214079,0.0,0.9,9.867181777954102
token_confidence_threshold_t0037,completed,0.4147,natural,512,1.0,0.95,32000,0.001953125,0.002451634733006358,0,0.001371723716147244,0.0008714497089385986,0.004578202497214079,0.0,0.95,9.867181777954102
token_confidence_threshold_t0038,completed,0.4084,natural,512,1.0,0.99,32000,0.001953125,0.002451634733006358,0,0.001371723716147244,0.0008714497089385986,0.004578202497214079,0.0,0.99,9.867181777954102
token_confidence_threshold_t0039,completed,0.3984,natural,512,1.0,0.995,32000,0.001953125,0.002451634733006358,0,0.001371723716147244,0.0008714497089385986,0.004578202497214079,0.0,0.995,9.867181777954102
token_confidence_threshold_t0040,completed,0.4061,natural,512,1.0,0.999,32000,0.001953125,0.002451634733006358,0,0.001371723716147244,0.0008714497089385986,0.004578202497214079,0.0,0.999,9.867181777954102
token_confidence_threshold_t0041,completed,0.4050,natural,512,1.5,0.5,32000,0.001953125,0.0005755103193223476,0,0.00043436966370791197,0.00032111559994518757,0.0009722835966385901,0.0,0.5,10.150615692138672
token_confidence_threshold_t0042,completed,0.4114,natural,512,1.5,0.6,32000,0.001953125,0.0005755103193223476,0,0.00043436966370791197,0.00032111559994518757,0.0009722835966385901,0.0,0.6,10.150615692138672
token_confidence_threshold_t0043,completed,0.4116,natural,512,1.5,0.7,32000,0.001953125,0.0005755103193223476,0,0.00043436966370791197,0.00032111559994518757,0.0009722835966385901,0.0,0.7,10.150615692138672
token_confidence_threshold_t0044,completed,0.4158,natural,512,1.5,0.8,32000,0.001953125,0.0005755103193223476,0,0.00043436966370791197,0.00032111559994518757,0.0009722835966385901,0.0,0.8,10.150615692138672
token_confidence_threshold_t0045,completed,0.4128,natural,512,1.5,0.85,32000,0.001953125,0.0005755103193223476,0,0.00043436966370791197,0.00032111559994518757,0.0009722835966385901,0.0,0.85,10.150615692138672
token_confidence_threshold_t0046,completed,0.3978,natural,512,1.5,0.9,32000,0.001953125,0.0005755103193223476,0,0.00043436966370791197,0.00032111559994518757,0.0009722835966385901,0.0,0.9,10.150615692138672
token_confidence_threshold_t0047,completed,0.4141,natural,512,1.5,0.95,32000,0.001953125,0.0005755103193223476,0,0.00043436966370791197,0.00032111559994518757,0.0009722835966385901,0.0,0.95,10.150615692138672
token_confidence_threshold_t0048,completed,0.3989,natural,512,1.5,0.99,32000,0.001953125,0.0005755103193223476,0,0.00043436966370791197,0.00032111559994518757,0.0009722835966385901,0.0,0.99,10.150615692138672
token_confidence_threshold_t0049,completed,0.3984,natural,512,1.5,0.995,32000,0.001953125,0.0005755103193223476,0,0.00043436966370791197,0.00032111559994518757,0.0009722835966385901,0.0,0.995,10.150615692138672
token_confidence_threshold_t0050,completed,0.3985,natural,512,1.5,0.999,32000,0.001953125,0.0005755103193223476,0,0.00043436966370791197,0.00032111559994518757,0.0009722835966385901,0.0,0.999,10.150615692138672
token_confidence_threshold_t0051,completed,0.4044,confident,512,0.3,0.5,32000,0.748046875,0.7490770220756531,0.049271173775196075,0.9998445510864258,0.07751934230327606,0.9999991655349731,0.7109375,0.5,5.4244489669799805
token_confidence_threshold_t0052,completed,0.4117,confident,512,0.3,0.6,32000,0.748046875,0.7490770220756531,0.01272797305136919,0.9998445510864258,0.07751934230327606,0.9999991655349731,0.703125,0.6,5.369546413421631
token_confidence_threshold_t0053,completed,0.4059,confident,512,0.3,0.7,32000,0.748046875,0.7490770220756531,0.01272797305136919,0.9998445510864258,0.07751934230327606,0.9999991655349731,0.703125,0.7,5.369546413421631
token_confidence_threshold_t0054,completed,0.4038,confident,512,0.3,0.8,32000,0.748046875,0.7490770220756531,0.00831310823559761,0.9998445510864258,0.07751934230327606,0.9999991655349731,0.701171875,0.8,5.344893932342529
token_confidence_threshold_t0055,completed,0.4114,confident,512,0.3,0.85,32000,0.748046875,0.7490770220756531,0.00831310823559761,0.9998445510864258,0.07751934230327606,0.9999991655349731,0.701171875,0.85,5.344893932342529
token_confidence_threshold_t0056,completed,0.3961,confident,512,0.3,0.9,32000,0.748046875,0.7490770220756531,0.00831310823559761,0.9998445510864258,0.07751934230327606,0.9999991655349731,0.701171875,0.9,5.344893932342529
token_confidence_threshold_t0057,completed,0.4057,confident,512,0.3,0.95,32000,0.748046875,0.7490770220756531,0.00831310823559761,0.9998445510864258,0.07751934230327606,0.9999991655349731,0.701171875,0.95,5.344893932342529
token_confidence_threshold_t0058,completed,0.4067,confident,512,0.3,0.99,32000,0.748046875,0.7490770220756531,0.00624789297580719,0.9998445510864258,0.07751934230327606,0.9999991655349731,0.69140625,0.99,5.180642127990723
token_confidence_threshold_t0059,completed,0.3960,confident,512,0.3,0.995,32000,0.748046875,0.7490770220756531,0.0041009788401424885,0.9998445510864258,0.07751934230327606,0.9999991655349731,0.671875,0.995,4.87703800201416
token_confidence_threshold_t0060,completed,0.4017,confident,512,0.3,0.999,32000,0.748046875,0.7490770220756531,0.0012509985826909542,0.9998445510864258,0.07751934230327606,0.9999991655349731,0.599609375,0.999,4.001800537109375
token_confidence_threshold_t0061,completed,0.4058,confident,512,0.5,0.5,32000,0.65625,0.6464827060699463,0.8472878932952881,0.9150708317756653,0.0116396090015769,0.9958972930908203,0.6875,0.5,8.255186080932617
token_confidence_threshold_t0062,completed,0.4007,confident,512,0.5,0.6,32000,0.65625,0.6464827060699463,0.7416764497756958,0.9150708317756653,0.0116396090015769,0.9958972930908203,0.66796875,0.6,8.031892776489258
token_confidence_threshold_t0063,completed,0.4017,confident,512,0.5,0.7,32000,0.65625,0.6464827060699463,0.6022220849990845,0.9150708317756653,0.0116396090015769,0.9958972930908203,0.634765625,0.7,7.611512660980225
token_confidence_threshold_t0064,completed,0.4080,confident,512,0.5,0.8,32000,0.65625,0.6464827060699463,0.47989189624786377,0.9150708317756653,0.0116396090015769,0.9958972930908203,0.599609375,0.8,7.179259777069092
token_confidence_threshold_t0065,completed,0.4024,confident,512,0.5,0.85,32000,0.65625,0.6464827060699463,0.417235404253006,0.9150708317756653,0.0116396090015769,0.9958972930908203,0.57421875,0.85,6.864256858825684
token_confidence_threshold_t0066,completed,0.3989,confident,512,0.5,0.9,32000,0.65625,0.6464827060699463,0.3268367648124695,0.9150708317756653,0.0116396090015769,0.9958972930908203,0.525390625,0.9,6.301053047180176
token_confidence_threshold_t0067,completed,0.4016,confident,512,0.5,0.95,32000,0.65625,0.6464827060699463,0.2177201211452484,0.9150708317756653,0.0116396090015769,0.9958972930908203,0.439453125,0.95,5.4706902503967285
token_confidence_threshold_t0068,completed,0.3980,confident,512,0.5,0.99,32000,0.65625,0.6464827060699463,0.06348349899053574,0.9150708317756653,0.0116396090015769,0.9958972930908203,0.205078125,0.99,3.961693525314331
token_confidence_threshold_t0069,completed,0.4122,confident,512,0.5,0.995,32000,0.65625,0.6464827060699463,0.03839903697371483,0.9150708317756653,0.0116396090015769,0.9958972930908203,0.130859375,0.995,3.63258957862854
token_confidence_threshold_t0070,completed,0.3981,confident,512,0.5,0.999,32000,0.65625,0.6464827060699463,0.011168980039656162,0.9150708317756653,0.0116396090015769,0.9958972930908203,0.029296875,0.999,3.257359027862549
token_confidence_threshold_t0071,completed,0.3992,confident,512,0.7,0.5,32000,0.33984375,0.34314557909965515,3.1911091804504395,0.3001536726951599,0.0031966841779649258,0.8003661036491394,0.333984375,0.5,8.219934463500977
token_confidence_threshold_t0072,completed,0.4025,confident,512,0.7,0.6,32000,0.33984375,0.34314557909965515,2.573028802871704,0.3001536726951599,0.0031966841779649258,0.8003661036491394,0.244140625,0.6,7.821830749511719
token_confidence_threshold_t0073,completed,0.3949,confident,512,0.7,0.7,32000,0.33984375,0.34314557909965515,2.1524198055267334,0.3001536726951599,0.0031966841779649258,0.8003661036491394,0.185546875,0.7,7.540041446685791
token_confidence_threshold_t0074,completed,0.4043,confident,512,0.7,0.8,32000,0.33984375,0.34314557909965515,1.5155454874038696,0.3001536726951599,0.0031966841779649258,0.8003661036491394,0.1015625,0.8,7.108410835266113
token_confidence_threshold_t0075,completed,0.4160,confident,512,0.7,0.85,32000,0.33984375,0.34314557909965515,1.2249833345413208,0.3001536726951599,0.0031966841779649258,0.8003661036491394,0.0703125,0.85,6.9423909187316895
token_confidence_threshold_t0076,completed,0.4092,confident,512,0.7,0.9,32000,0.33984375,0.34314557909965515,0.8809758424758911,0.3001536726951599,0.0031966841779649258,0.8003661036491394,0.03515625,0.9,6.746598720550537
token_confidence_threshold_t0077,completed,0.4053,confident,512,0.7,0.95,32000,0.33984375,0.34314557909965515,0.4225813150405884,0.3001536726951599,0.0031966841779649258,0.8003661036491394,0.00390625,0.95,6.564377307891846
token_confidence_threshold_t0078,completed,0.4043,confident,512,0.7,0.99,32000,0.33984375,0.34314557909965515,0,0.3001536726951599,0.0031966841779649258,0.8003661036491394,0.0,0.99,6.540385723114014
token_confidence_threshold_t0079,completed,0.4039,confident,512,0.7,0.995,32000,0.33984375,0.34314557909965515,0,0.3001536726951599,0.0031966841779649258,0.8003661036491394,0.0,0.995,6.540385723114014
token_confidence_threshold_t0080,completed,0.4084,confident,512,0.7,0.999,32000,0.33984375,0.34314557909965515,0,0.3001536726951599,0.0031966841779649258,0.8003661036491394,0.0,0.999,6.540385723114014
token_confidence_threshold_t0081,completed,0.4008,confident,512,1.0,0.5,32000,0.05078125,0.04953288659453392,0,0.02964123524725437,0.0009863637387752533,0.12730427086353302,0.0,0.5,9.54845905303955
token_confidence_threshold_t0082,completed,0.4013,confident,512,1.0,0.6,32000,0.05078125,0.04953288659453392,0,0.02964123524725437,0.0009863637387752533,0.12730427086353302,0.0,0.6,9.54845905303955
token_confidence_threshold_t0083,completed,0.4169,confident,512,1.0,0.7,32000,0.05078125,0.04953288659453392,0,0.02964123524725437,0.0009863637387752533,0.12730427086353302,0.0,0.7,9.54845905303955
token_confidence_threshold_t0084,completed,0.4092,confident,512,1.0,0.8,32000,0.05078125,0.04953288659453392,0,0.02964123524725437,0.0009863637387752533,0.12730427086353302,0.0,0.8,9.54845905303955
token_confidence_threshold_t0085,completed,0.4180,confident,512,1.0,0.85,32000,0.05078125,0.04953288659453392,0,0.02964123524725437,0.0009863637387752533,0.12730427086353302,0.0,0.85,9.54845905303955
token_confidence_threshold_t0086,completed,0.4040,confident,512,1.0,0.9,32000,0.05078125,0.04953288659453392,0,0.02964123524725437,0.0009863637387752533,0.12730427086353302,0.0,0.9,9.54845905303955
token_confidence_threshold_t0087,completed,0.4029,confident,512,1.0,0.95,32000,0.05078125,0.04953288659453392,0,0.02964123524725437,0.0009863637387752533,0.12730427086353302,0.0,0.95,9.54845905303955
token_confidence_threshold_t0088,completed,0.4029,confident,512,1.0,0.99,32000,0.05078125,0.04953288659453392,0,0.02964123524725437,0.0009863637387752533,0.12730427086353302,0.0,0.99,9.54845905303955
token_confidence_threshold_t0089,completed,0.4184,confident,512,1.0,0.995,32000,0.05078125,0.04953288659453392,0,0.02964123524725437,0.0009863637387752533,0.12730427086353302,0.0,0.995,9.54845905303955
token_confidence_threshold_t0090,completed,0.4027,confident,512,1.0,0.999,32000,0.05078125,0.04953288659453392,0,0.02964123524725437,0.0009863637387752533,0.12730427086353302,0.0,0.999,9.54845905303955
token_confidence_threshold_t0091,completed,0.4086,confident,512,1.5,0.5,32000,0.01171875,0.004298069514334202,0,0.0034284256398677826,0.0003489142982289195,0.009646243415772915,0.0,0.5,10.133703231811523
token_confidence_threshold_t0092,completed,0.3984,confident,512,1.5,0.6,32000,0.01171875,0.004298069514334202,0,0.0034284256398677826,0.0003489142982289195,0.009646243415772915,0.0,0.6,10.133703231811523
token_confidence_threshold_t0093,completed,0.4064,confident,512,1.5,0.7,32000,0.01171875,0.004298069514334202,0,0.0034284256398677826,0.0003489142982289195,0.009646243415772915,0.0,0.7,10.133703231811523
token_confidence_threshold_t0094,completed,0.4024,confident,512,1.5,0.8,32000,0.01171875,0.004298069514334202,0,0.0034284256398677826,0.0003489142982289195,0.009646243415772915,0.0,0.8,10.133703231811523
token_confidence_threshold_t0095,completed,0.4231,confident,512,1.5,0.85,32000,0.01171875,0.004298069514334202,0,0.0034284256398677826,0.0003489142982289195,0.009646243415772915,0.0,0.85,10.133703231811523
token_confidence_threshold_t0096,completed,0.4165,confident,512,1.5,0.9,32000,0.01171875,0.004298069514334202,0,0.0034284256398677826,0.0003489142982289195,0.009646243415772915,0.0,0.9,10.133703231811523
token_confidence_threshold_t0097,completed,0.4107,confident,512,1.5,0.95,32000,0.01171875,0.004298069514334202,0,0.0034284256398677826,0.0003489142982289195,0.009646243415772915,0.0,0.95,10.133703231811523
token_confidence_threshold_t0098,completed,0.4088,confident,512,1.5,0.99,32000,0.01171875,0.004298069514334202,0,0.0034284256398677826,0.0003489142982289195,0.009646243415772915,0.0,0.99,10.133703231811523
token_confidence_threshold_t0099,completed,0.4076,confident,512,1.5,0.995,32000,0.01171875,0.004298069514334202,0,0.0034284256398677826,0.0003489142982289195,0.009646243415772915,0.0,0.995,10.133703231811523
token_confidence_threshold_t0100,completed,0.4317,confident,512,1.5,0.999,32000,0.01171875,0.004298069514334202,0,0.0034284256398677826,0.0003489142982289195,0.009646243415772915,0.0,0.999,10.133703231811523
token_confidence_threshold_t0101,completed,0.4110,uncertain,512,0.3,0.5,32000,0.001953125,0.0012325114803388715,0,0.0011327262036502361,0.0008394377655349672,0.00172374676913023,0.0,0.5,9.873738288879395
token_confidence_threshold_t0102,completed,0.4123,uncertain,512,0.3,0.6,32000,0.001953125,0.0012325114803388715,0,0.0011327262036502361,0.0008394377655349672,0.00172374676913023,0.0,0.6,9.873738288879395
token_confidence_threshold_t0103,completed,0.4057,uncertain,512,0.3,0.7,32000,0.001953125,0.0012325114803388715,0,0.0011327262036502361,0.0008394377655349672,0.00172374676913023,0.0,0.7,9.873738288879395
token_confidence_threshold_t0104,completed,0.4046,uncertain,512,0.3,0.8,32000,0.001953125,0.0012325114803388715,0,0.0011327262036502361,0.0008394377655349672,0.00172374676913023,0.0,0.8,9.873738288879395
token_confidence_threshold_t0105,completed,0.4458,uncertain,512,0.3,0.85,32000,0.001953125,0.0012325114803388715,0,0.0011327262036502361,0.0008394377655349672,0.00172374676913023,0.0,0.85,9.873738288879395
token_confidence_threshold_t0106,completed,0.4293,uncertain,512,0.3,0.9,32000,0.001953125,0.0012325114803388715,0,0.0011327262036502361,0.0008394377655349672,0.00172374676913023,0.0,0.9,9.873738288879395
token_confidence_threshold_t0107,completed,0.4249,uncertain,512,0.3,0.95,32000,0.001953125,0.0012325114803388715,0,0.0011327262036502361,0.0008394377655349672,0.00172374676913023,0.0,0.95,9.873738288879395
token_confidence_threshold_t0108,completed,0.4203,uncertain,512,0.3,0.99,32000,0.001953125,0.0012325114803388715,0,0.0011327262036502361,0.0008394377655349672,0.00172374676913023,0.0,0.99,9.873738288879395
token_confidence_threshold_t0109,completed,0.4087,uncertain,512,0.3,0.995,32000,0.001953125,0.0012325114803388715,0,0.0011327262036502361,0.0008394377655349672,0.00172374676913023,0.0,0.995,9.873738288879395
token_confidence_threshold_t0110,completed,0.4133,uncertain,512,0.3,0.999,32000,0.001953125,0.0012325114803388715,0,0.0011327262036502361,0.0008394377655349672,0.00172374676913023,0.0,0.999,9.873738288879395
token_confidence_threshold_t0111,completed,0.4024,uncertain,512,0.5,0.5,32000,0.0,0.0003162361681461334,0,0.0003037790593225509,0.00025364733301103115,0.00039087020559236407,0.0,0.5,10.193561553955078
token_confidence_threshold_t0112,completed,0.4126,uncertain,512,0.5,0.6,32000,0.0,0.0003162361681461334,0,0.0003037790593225509,0.00025364733301103115,0.00039087020559236407,0.0,0.6,10.193561553955078
token_confidence_threshold_t0113,completed,0.4088,uncertain,512,0.5,0.7,32000,0.0,0.0003162361681461334,0,0.0003037790593225509,0.00025364733301103115,0.00039087020559236407,0.0,0.7,10.193561553955078
token_confidence_threshold_t0114,completed,0.4071,uncertain,512,0.5,0.8,32000,0.0,0.0003162361681461334,0,0.0003037790593225509,0.00025364733301103115,0.00039087020559236407,0.0,0.8,10.193561553955078
token_confidence_threshold_t0115,completed,0.4135,uncertain,512,0.5,0.85,32000,0.0,0.0003162361681461334,0,0.0003037790593225509,0.00025364733301103115,0.00039087020559236407,0.0,0.85,10.193561553955078
token_confidence_threshold_t0116,completed,0.4069,uncertain,512,0.5,0.9,32000,0.0,0.0003162361681461334,0,0.0003037790593225509,0.00025364733301103115,0.00039087020559236407,0.0,0.9,10.193561553955078
token_confidence_threshold_t0117,completed,0.4050,uncertain,512,0.5,0.95,32000,0.0,0.0003162361681461334,0,0.0003037790593225509,0.00025364733301103115,0.00039087020559236407,0.0,0.95,10.193561553955078
token_confidence_threshold_t0118,completed,0.4091,uncertain,512,0.5,0.99,32000,0.0,0.0003162361681461334,0,0.0003037790593225509,0.00025364733301103115,0.00039087020559236407,0.0,0.99,10.193561553955078
token_confidence_threshold_t0119,completed,0.4022,uncertain,512,0.5,0.995,32000,0.0,0.0003162361681461334,0,0.0003037790593225509,0.00025364733301103115,0.00039087020559236407,0.0,0.995,10.193561553955078
token_confidence_threshold_t0120,completed,0.4063,uncertain,512,0.5,0.999,32000,0.0,0.0003162361681461334,0,0.0003037790593225509,0.00025364733301103115,0.00039087020559236407,0.0,0.999,10.193561553955078
token_confidence_threshold_t0121,completed,0.4109,uncertain,512,0.7,0.5,32000,0.0,0.00016882170166354626,0,0.0001645186566747725,0.00014459517842624336,0.00019691699708346277,0.0,0.5,10.281684875488281
token_confidence_threshold_t0122,completed,0.4163,uncertain,512,0.7,0.6,32000,0.0,0.00016882170166354626,0,0.0001645186566747725,0.00014459517842624336,0.00019691699708346277,0.0,0.6,10.281684875488281
token_confidence_threshold_t0123,completed,0.4148,uncertain,512,0.7,0.7,32000,0.0,0.00016882170166354626,0,0.0001645186566747725,0.00014459517842624336,0.00019691699708346277,0.0,0.7,10.281684875488281
token_confidence_threshold_t0124,completed,0.4104,uncertain,512,0.7,0.8,32000,0.0,0.00016882170166354626,0,0.0001645186566747725,0.00014459517842624336,0.00019691699708346277,0.0,0.8,10.281684875488281
token_confidence_threshold_t0125,completed,0.4170,uncertain,512,0.7,0.85,32000,0.0,0.00016882170166354626,0,0.0001645186566747725,0.00014459517842624336,0.00019691699708346277,0.0,0.85,10.281684875488281
token_confidence_threshold_t0126,completed,0.4150,uncertain,512,0.7,0.9,32000,0.0,0.00016882170166354626,0,0.0001645186566747725,0.00014459517842624336,0.00019691699708346277,0.0,0.9,10.281684875488281
token_confidence_threshold_t0127,completed,0.4091,uncertain,512,0.7,0.95,32000,0.0,0.00016882170166354626,0,0.0001645186566747725,0.00014459517842624336,0.00019691699708346277,0.0,0.95,10.281684875488281
token_confidence_threshold_t0128,completed,0.4107,uncertain,512,0.7,0.99,32000,0.0,0.00016882170166354626,0,0.0001645186566747725,0.00014459517842624336,0.00019691699708346277,0.0,0.99,10.281684875488281
token_confidence_threshold_t0129,completed,0.4242,uncertain,512,0.7,0.995,32000,0.0,0.00016882170166354626,0,0.0001645186566747725,0.00014459517842624336,0.00019691699708346277,0.0,0.995,10.281684875488281
token_confidence_threshold_t0130,completed,0.4097,uncertain,512,0.7,0.999,32000,0.0,0.00016882170166354626,0,0.0001645186566747725,0.00014459517842624336,0.00019691699708346277,0.0,0.999,10.281684875488281
token_confidence_threshold_t0131,completed,0.4112,uncertain,512,1.0,0.5,32000,0.0,0.00010359393490944058,0,0.0001019002593238838,9.310489258496091e-05,0.00011554618686204776,0.0,0.5,10.328503608703613
token_confidence_threshold_t0132,completed,0.4045,uncertain,512,1.0,0.6,32000,0.0,0.00010359393490944058,0,0.0001019002593238838,9.310489258496091e-05,0.00011554618686204776,0.0,0.6,10.328503608703613
token_confidence_threshold_t0133,completed,0.4093,uncertain,512,1.0,0.7,32000,0.0,0.00010359393490944058,0,0.0001019002593238838,9.310489258496091e-05,0.00011554618686204776,0.0,0.7,10.328503608703613
token_confidence_threshold_t0134,completed,0.4159,uncertain,512,1.0,0.8,32000,0.0,0.00010359393490944058,0,0.0001019002593238838,9.310489258496091e-05,0.00011554618686204776,0.0,0.8,10.328503608703613
token_confidence_threshold_t0135,completed,0.4143,uncertain,512,1.0,0.85,32000,0.0,0.00010359393490944058,0,0.0001019002593238838,9.310489258496091e-05,0.00011554618686204776,0.0,0.85,10.328503608703613
token_confidence_threshold_t0136,completed,0.4030,uncertain,512,1.0,0.9,32000,0.0,0.00010359393490944058,0,0.0001019002593238838,9.310489258496091e-05,0.00011554618686204776,0.0,0.9,10.328503608703613
token_confidence_threshold_t0137,completed,0.3997,uncertain,512,1.0,0.95,32000,0.0,0.00010359393490944058,0,0.0001019002593238838,9.310489258496091e-05,0.00011554618686204776,0.0,0.95,10.328503608703613
token_confidence_threshold_t0138,completed,0.3974,uncertain,512,1.0,0.99,32000,0.0,0.00010359393490944058,0,0.0001019002593238838,9.310489258496091e-05,0.00011554618686204776,0.0,0.99,10.328503608703613
token_confidence_threshold_t0139,completed,0.4012,uncertain,512,1.0,0.995,32000,0.0,0.00010359393490944058,0,0.0001019002593238838,9.310489258496091e-05,0.00011554618686204776,0.0,0.995,10.328503608703613
token_confidence_threshold_t0140,completed,0.4154,uncertain,512,1.0,0.999,32000,0.0,0.00010359393490944058,0,0.0001019002593238838,9.310489258496091e-05,0.00011554618686204776,0.0,0.999,10.328503608703613
token_confidence_threshold_t0141,completed,0.3980,uncertain,512,1.5,0.5,32000,0.0,7.011747220531106e-05,0,6.940782623132691e-05,6.535839929711074e-05,7.547873246949166e-05,0.0,0.5,10.353496551513672
token_confidence_threshold_t0142,completed,0.3913,uncertain,512,1.5,0.6,32000,0.0,7.011747220531106e-05,0,6.940782623132691e-05,6.535839929711074e-05,7.547873246949166e-05,0.0,0.6,10.353496551513672
token_confidence_threshold_t0143,completed,0.4041,uncertain,512,1.5,0.7,32000,0.0,7.011747220531106e-05,0,6.940782623132691e-05,6.535839929711074e-05,7.547873246949166e-05,0.0,0.7,10.353496551513672
token_confidence_threshold_t0144,completed,0.3975,uncertain,512,1.5,0.8,32000,0.0,7.011747220531106e-05,0,6.940782623132691e-05,6.535839929711074e-05,7.547873246949166e-05,0.0,0.8,10.353496551513672
token_confidence_threshold_t0145,completed,0.4201,uncertain,512,1.5,0.85,32000,0.0,7.011747220531106e-05,0,6.940782623132691e-05,6.535839929711074e-05,7.547873246949166e-05,0.0,0.85,10.353496551513672
token_confidence_threshold_t0146,completed,0.3986,uncertain,512,1.5,0.9,32000,0.0,7.011747220531106e-05,0,6.940782623132691e-05,6.535839929711074e-05,7.547873246949166e-05,0.0,0.9,10.353496551513672
token_confidence_threshold_t0147,completed,0.3934,uncertain,512,1.5,0.95,32000,0.0,7.011747220531106e-05,0,6.940782623132691e-05,6.535839929711074e-05,7.547873246949166e-05,0.0,0.95,10.353496551513672
token_confidence_threshold_t0148,completed,0.4020,uncertain,512,1.5,0.99,32000,0.0,7.011747220531106e-05,0,6.940782623132691e-05,6.535839929711074e-05,7.547873246949166e-05,0.0,0.99,10.353496551513672
token_confidence_threshold_t0149,completed,0.3988,uncertain,512,1.5,0.995,32000,0.0,7.011747220531106e-05,0,6.940782623132691e-05,6.535839929711074e-05,7.547873246949166e-05,0.0,0.995,10.353496551513672
token_confidence_threshold_t0150,completed,0.4030,uncertain,512,1.5,0.999,32000,0.0,7.011747220531106e-05,0,6.940782623132691e-05,6.535839929711074e-05,7.547873246949166e-05,0.0,0.999,10.353496551513672
token_confidence_threshold_t0151,completed,1.6360,natural,512,0.3,0.5,128256,0.244140625,0.25403398275375366,1.5010123252868652,0.11259367316961288,0.044593170285224915,0.8297610878944397,0.17578125,0.5,6.3129425048828125
token_confidence_threshold_t0152,completed,1.6180,natural,512,0.3,0.6,128256,0.244140625,0.25403398275375366,1.1762665510177612,0.11259367316961288,0.044593170285224915,0.8297610878944397,0.15234375,0.6,6.238259315490723
token_confidence_threshold_t0153,completed,1.7099,natural,512,0.3,0.7,128256,0.244140625,0.25403398275375366,0.9475051760673523,0.11259367316961288,0.044593170285224915,0.8297610878944397,0.13671875,0.7,6.182868003845215
token_confidence_threshold_t0154,completed,1.6248,natural,512,0.3,0.8,128256,0.244140625,0.25403398275375366,0.7068136930465698,0.11259367316961288,0.044593170285224915,0.8297610878944397,0.115234375,0.8,6.087088108062744
token_confidence_threshold_t0155,completed,1.7036,natural,512,0.3,0.85,128256,0.244140625,0.25403398275375366,0.4459354281425476,0.11259367316961288,0.044593170285224915,0.8297610878944397,0.08984375,0.85,5.962746620178223
token_confidence_threshold_t0156,completed,1.6312,natural,512,0.3,0.9,128256,0.244140625,0.25403398275375366,0.3015877902507782,0.11259367316961288,0.044593170285224915,0.8297610878944397,0.07421875,0.9,5.881208419799805
token_confidence_threshold_t0157,completed,1.7199,natural,512,0.3,0.95,128256,0.244140625,0.25403398275375366,0.17331404983997345,0.11259367316961288,0.044593170285224915,0.8297610878944397,0.05859375,0.95,5.796584129333496
token_confidence_threshold_t0158,completed,1.5909,natural,512,0.3,0.99,128256,0.244140625,0.25403398275375366,0.051946595311164856,0.11259367316961288,0.044593170285224915,0.8297610878944397,0.03125,0.99,5.641778945922852
token_confidence_threshold_t0159,completed,1.7213,natural,512,0.3,0.995,128256,0.244140625,0.25403398275375366,0.031439099460840225,0.11259367316961288,0.044593170285224915,0.8297610878944397,0.01953125,0.995,5.575375080108643
token_confidence_threshold_t0160,completed,1.6041,natural,512,0.3,0.999,128256,0.244140625,0.25403398275375366,0.003141389461234212,0.11259367316961288,0.044593170285224915,0.8297610878944397,0.001953125,0.999,5.47778844833374
token_confidence_threshold_t0161,completed,1.6368,natural,512,0.5,0.5,128256,0.021484375,0.03932730108499527,4.395521640777588,0.009299222379922867,0.004785418976098299,0.07793580740690231,0.013671875,0.5,9.584479331970215
token_confidence_threshold_t0162,completed,1.7131,natural,512,0.5,0.6,128256,0.021484375,0.03932730108499527,2.9828176498413086,0.009299222379922867,0.004785418976098299,0.07793580740690231,0.00390625,0.6,9.539148330688477
token_confidence_threshold_t0163,completed,1.5988,natural,512,0.5,0.7,128256,0.021484375,0.03932730108499527,1.8533976078033447,0.009299222379922867,0.004785418976098299,0.07793580740690231,0.001953125,0.7,9.528528213500977
token_confidence_threshold_t0164,completed,1.7122,natural,512,0.5,0.8,128256,0.021484375,0.03932730108499527,1.8533976078033447,0.009299222379922867,0.004785418976098299,0.07793580740690231,0.001953125,0.8,9.528528213500977
token_confidence_threshold_t0165,completed,1.6068,natural,512,0.5,0.85,128256,0.021484375,0.03932730108499527,1.8533976078033447,0.009299222379922867,0.004785418976098299,0.07793580740690231,0.001953125,0.85,9.528528213500977
token_confidence_threshold_t0166,completed,1.7064,natural,512,0.5,0.9,128256,0.021484375,0.03932730108499527,0,0.009299222379922867,0.004785418976098299,0.07793580740690231,0.0,0.9,9.513537406921387
token_confidence_threshold_t0167,completed,1.7017,natural,512,0.5,0.95,128256,0.021484375,0.03932730108499527,0,0.009299222379922867,0.004785418976098299,0.07793580740690231,0.0,0.95,9.513537406921387
token_confidence_threshold_t0168,completed,1.6191,natural,512,0.5,0.99,128256,0.021484375,0.03932730108499527,0,0.009299222379922867,0.004785418976098299,0.07793580740690231,0.0,0.99,9.513537406921387
token_confidence_threshold_t0169,completed,1.7562,natural,512,0.5,0.995,128256,0.021484375,0.03932730108499527,0,0.009299222379922867,0.004785418976098299,0.07793580740690231,0.0,0.995,9.513537406921387
token_confidence_threshold_t0170,completed,1.6464,natural,512,0.5,0.999,128256,0.021484375,0.03932730108499527,0,0.009299222379922867,0.004785418976098299,0.07793580740690231,0.0,0.999,9.513537406921387
token_confidence_threshold_t0171,completed,1.7155,natural,512,0.7,0.5,128256,0.00390625,0.004902656655758619,0,0.001847998471930623,0.0011442105751484632,0.008852497674524784,0.0,0.5,10.718975067138672
token_confidence_threshold_t0172,completed,1.7341,natural,512,0.7,0.6,128256,0.00390625,0.004902656655758619,0,0.001847998471930623,0.0011442105751484632,0.008852497674524784,0.0,0.6,10.718975067138672
token_confidence_threshold_t0173,completed,1.6852,natural,512,0.7,0.7,128256,0.00390625,0.004902656655758619,0,0.001847998471930623,0.0011442105751484632,0.008852497674524784,0.0,0.7,10.718975067138672
token_confidence_threshold_t0174,completed,1.6397,natural,512,0.7,0.8,128256,0.00390625,0.004902656655758619,0,0.001847998471930623,0.0011442105751484632,0.008852497674524784,0.0,0.8,10.718975067138672
token_confidence_threshold_t0175,completed,1.7434,natural,512,0.7,0.85,128256,0.00390625,0.004902656655758619,0,0.001847998471930623,0.0011442105751484632,0.008852497674524784,0.0,0.85,10.718975067138672
token_confidence_threshold_t0176,completed,1.6187,natural,512,0.7,0.9,128256,0.00390625,0.004902656655758619,0,0.001847998471930623,0.0011442105751484632,0.008852497674524784,0.0,0.9,10.718975067138672
token_confidence_threshold_t0177,completed,1.6724,natural,512,0.7,0.95,128256,0.00390625,0.004902656655758619,0,0.001847998471930623,0.0011442105751484632,0.008852497674524784,0.0,0.95,10.718975067138672
token_confidence_threshold_t0178,completed,1.6553,natural,512,0.7,0.99,128256,0.00390625,0.004902656655758619,0,0.001847998471930623,0.0011442105751484632,0.008852497674524784,0.0,0.99,10.718975067138672
token_confidence_threshold_t0179,completed,1.6363,natural,512,0.7,0.995,128256,0.00390625,0.004902656655758619,0,0.001847998471930623,0.0011442105751484632,0.008852497674524784,0.0,0.995,10.718975067138672
token_confidence_threshold_t0180,completed,1.6177,natural,512,0.7,0.999,128256,0.00390625,0.004902656655758619,0,0.001847998471930623,0.0011442105751484632,0.008852497674524784,0.0,0.999,10.718975067138672
token_confidence_threshold_t0181,completed,1.6208,natural,512,1.0,0.5,128256,0.0,0.0007391571998596191,0,0.00044414063449949026,0.00031747191678732634,0.0013359724543988705,0.0,0.5,11.259957313537598
token_confidence_threshold_t0182,completed,1.6646,natural,512,1.0,0.6,128256,0.0,0.0007391571998596191,0,0.00044414063449949026,0.00031747191678732634,0.0013359724543988705,0.0,0.6,11.259957313537598
token_confidence_threshold_t0183,completed,1.6494,natural,512,1.0,0.7,128256,0.0,0.0007391571998596191,0,0.00044414063449949026,0.00031747191678732634,0.0013359724543988705,0.0,0.7,11.259957313537598
token_confidence_threshold_t0184,completed,1.6474,natural,512,1.0,0.8,128256,0.0,0.0007391571998596191,0,0.00044414063449949026,0.00031747191678732634,0.0013359724543988705,0.0,0.8,11.259957313537598
token_confidence_threshold_t0185,completed,1.6365,natural,512,1.0,0.85,128256,0.0,0.0007391571998596191,0,0.00044414063449949026,0.00031747191678732634,0.0013359724543988705,0.0,0.85,11.259957313537598
token_confidence_threshold_t0186,completed,1.6961,natural,512,1.0,0.9,128256,0.0,0.0007391571998596191,0,0.00044414063449949026,0.00031747191678732634,0.0013359724543988705,0.0,0.9,11.259957313537598
token_confidence_threshold_t0187,completed,1.6794,natural,512,1.0,0.95,128256,0.0,0.0007391571998596191,0,0.00044414063449949026,0.00031747191678732634,0.0013359724543988705,0.0,0.95,11.259957313537598
token_confidence_threshold_t0188,completed,1.6832,natural,512,1.0,0.99,128256,0.0,0.0007391571998596191,0,0.00044414063449949026,0.00031747191678732634,0.0013359724543988705,0.0,0.99,11.259957313537598
token_confidence_threshold_t0189,completed,1.6062,natural,512,1.0,0.995,128256,0.0,0.0007391571998596191,0,0.00044414063449949026,0.00031747191678732634,0.0013359724543988705,0.0,0.995,11.259957313537598
token_confidence_threshold_t0190,completed,1.6459,natural,512,1.0,0.999,128256,0.0,0.0007391571998596191,0,0.00044414063449949026,0.00031747191678732634,0.0013359724543988705,0.0,0.999,11.259957313537598
token_confidence_threshold_t0191,completed,1.6436,natural,512,1.5,0.5,128256,0.0,0.0001668624026933685,0,0.0001289415085921064,0.00010311944788554683,0.0002689635439310223,0.0,0.5,11.53936767578125
token_confidence_threshold_t0192,completed,1.6622,natural,512,1.5,0.6,128256,0.0,0.0001668624026933685,0,0.0001289415085921064,0.00010311944788554683,0.0002689635439310223,0.0,0.6,11.53936767578125
token_confidence_threshold_t0193,completed,1.6481,natural,512,1.5,0.7,128256,0.0,0.0001668624026933685,0,0.0001289415085921064,0.00010311944788554683,0.0002689635439310223,0.0,0.7,11.53936767578125
token_confidence_threshold_t0194,completed,1.6521,natural,512,1.5,0.8,128256,0.0,0.0001668624026933685,0,0.0001289415085921064,0.00010311944788554683,0.0002689635439310223,0.0,0.8,11.53936767578125
token_confidence_threshold_t0195,completed,1.6198,natural,512,1.5,0.85,128256,0.0,0.0001668624026933685,0,0.0001289415085921064,0.00010311944788554683,0.0002689635439310223,0.0,0.85,11.53936767578125
token_confidence_threshold_t0196,completed,1.6514,natural,512,1.5,0.9,128256,0.0,0.0001668624026933685,0,0.0001289415085921064,0.00010311944788554683,0.0002689635439310223,0.0,0.9,11.53936767578125
token_confidence_threshold_t0197,completed,1.7245,natural,512,1.5,0.95,128256,0.0,0.0001668624026933685,0,0.0001289415085921064,0.00010311944788554683,0.0002689635439310223,0.0,0.95,11.53936767578125
token_confidence_threshold_t0198,completed,1.6588,natural,512,1.5,0.99,128256,0.0,0.0001668624026933685,0,0.0001289415085921064,0.00010311944788554683,0.0002689635439310223,0.0,0.99,11.53936767578125
token_confidence_threshold_t0199,completed,1.6459,natural,512,1.5,0.995,128256,0.0,0.0001668624026933685,0,0.0001289415085921064,0.00010311944788554683,0.0002689635439310223,0.0,0.995,11.53936767578125
token_confidence_threshold_t0200,completed,1.6756,natural,512,1.5,0.999,128256,0.0,0.0001668624026933685,0,0.0001289415085921064,0.00010311944788554683,0.0002689635439310223,0.0,0.999,11.53936767578125
token_confidence_threshold_t0201,completed,1.6610,confident,512,0.3,0.5,128256,0.748046875,0.760084331035614,0.05722108483314514,0.9994704127311707,0.060645945370197296,0.9999985694885254,0.736328125,0.5,6.522899150848389
token_confidence_threshold_t0202,completed,1.6925,confident,512,0.3,0.6,128256,0.748046875,0.760084331035614,0.04899415746331215,0.9994704127311707,0.060645945370197296,0.9999985694885254,0.734375,0.6,6.498102188110352
token_confidence_threshold_t0203,completed,1.7053,confident,512,0.3,0.7,128256,0.748046875,0.760084331035614,0.04899415746331215,0.9994704127311707,0.060645945370197296,0.9999985694885254,0.734375,0.7,6.498102188110352
token_confidence_threshold_t0204,completed,1.6394,confident,512,0.3,0.8,128256,0.748046875,0.760084331035614,0.04309689998626709,0.9994704127311707,0.060645945370197296,0.9999985694885254,0.732421875,0.8,6.4671711921691895
token_confidence_threshold_t0205,completed,1.6620,confident,512,0.3,0.85,128256,0.748046875,0.760084331035614,0.04309689998626709,0.9994704127311707,0.060645945370197296,0.9999985694885254,0.732421875,0.85,6.4671711921691895
token_confidence_threshold_t0206,completed,1.6942,confident,512,0.3,0.9,128256,0.748046875,0.760084331035614,0.031041478738188744,0.9994704127311707,0.060645945370197296,0.9999985694885254,0.724609375,0.9,6.316648006439209
token_confidence_threshold_t0207,completed,1.6991,confident,512,0.3,0.95,128256,0.748046875,0.760084331035614,0.026546478271484375,0.9994704127311707,0.060645945370197296,0.9999985694885254,0.720703125,0.95,6.2403364181518555
token_confidence_threshold_t0208,completed,1.7147,confident,512,0.3,0.99,128256,0.748046875,0.760084331035614,0.009979779832065105,0.9994704127311707,0.060645945370197296,0.9999985694885254,0.67578125,0.99,5.413919925689697
token_confidence_threshold_t0209,completed,1.6965,confident,512,0.3,0.995,128256,0.748046875,0.760084331035614,0.006192417349666357,0.9994704127311707,0.060645945370197296,0.9999985694885254,0.642578125,0.995,4.9187235832214355
token_confidence_threshold_t0210,completed,1.7123,confident,512,0.3,0.999,128256,0.748046875,0.760084331035614,0.002128507010638714,0.9994704127311707,0.060645945370197296,0.9999985694885254,0.546875,0.999,3.8860678672790527
token_confidence_threshold_t0211,completed,1.6243,confident,512,0.5,0.5,128256,0.587890625,0.5830093622207642,1.5470705032348633,0.7601638436317444,0.006048115435987711,0.989861249923706,0.626953125,0.5,9.056161880493164
token_confidence_threshold_t0212,completed,1.7045,confident,512,0.5,0.6,128256,0.587890625,0.5830093622207642,1.3779538869857788,0.7601638436317444,0.006048115435987711,0.989861249923706,0.59765625,0.6,8.760595321655273
token_confidence_threshold_t0213,completed,1.6532,confident,512,0.5,0.7,128256,0.587890625,0.5830093622207642,1.0765899419784546,0.7601638436317444,0.006048115435987711,0.989861249923706,0.537109375,0.7,8.144618034362793
token_confidence_threshold_t0214,completed,1.6327,confident,512,0.5,0.8,128256,0.587890625,0.5830093622207642,0.7875001430511475,0.7601638436317444,0.006048115435987711,0.989861249923706,0.46484375,0.8,7.441282749176025
token_confidence_threshold_t0215,completed,1.6244,confident,512,0.5,0.85,128256,0.587890625,0.5830093622207642,0.6047778129577637,0.7601638436317444,0.006048115435987711,0.989861249923706,0.41015625,0.85,6.9514336585998535
token_confidence_threshold_t0216,completed,1.6155,confident,512,0.5,0.9,128256,0.587890625,0.5830093622207642,0.443674772977829,0.7601638436317444,0.006048115435987711,0.989861249923706,0.349609375,0.9,6.447203159332275
token_confidence_threshold_t0217,completed,1.6622,confident,512,0.5,0.95,128256,0.587890625,0.5830093622207642,0.2369115650653839,0.7601638436317444,0.006048115435987711,0.989861249923706,0.25390625,0.95,5.747481346130371
token_confidence_threshold_t0218,completed,1.6434,confident,512,0.5,0.99,128256,0.587890625,0.5830093622207642,0.06620663404464722,0.7601638436317444,0.006048115435987711,0.989861249923706,0.09765625,0.99,4.811744689941406
token_confidence_threshold_t0219,completed,1.6504,confident,512,0.5,0.995,128256,0.587890625,0.5830093622207642,0.04165488854050636,0.7601638436317444,0.006048115435987711,0.989861249923706,0.068359375,0.995,4.664315223693848
token_confidence_threshold_t0220,completed,1.6233,confident,512,0.5,0.999,128256,0.587890625,0.5830093622207642,0.011672662571072578,0.7601638436317444,0.006048115435987711,0.989861249923706,0.013671875,0.999,4.408425331115723
token_confidence_threshold_t0221,completed,1.6116,confident,512,0.7,0.5,128256,0.19921875,0.2016400396823883,3.9612133502960205,0.10699474811553955,0.0013657989911735058,0.5757699012756348,0.140625,0.5,9.710997581481934
token_confidence_threshold_t0222,completed,1.6138,confident,512,0.7,0.6,128256,0.19921875,0.2016400396823883,3.080967664718628,0.10699474811553955,0.0013657989911735058,0.5757699012756348,0.08984375,0.6,9.47708511352539
token_confidence_threshold_t0223,completed,1.6396,confident,512,0.7,0.7,128256,0.19921875,0.2016400396823883,2.6133272647857666,0.10699474811553955,0.0013657989911735058,0.5757699012756348,0.068359375,0.7,9.363899230957031
token_confidence_threshold_t0224,completed,1.6406,confident,512,0.7,0.8,128256,0.19921875,0.2016400396823883,1.9004063606262207,0.10699474811553955,0.0013657989911735058,0.5757699012756348,0.033203125,0.8,9.14290714263916
token_confidence_threshold_t0225,completed,1.6180,confident,512,0.7,0.85,128256,0.19921875,0.2016400396823883,1.3863893747329712,0.10699474811553955,0.0013657989911735058,0.5757699012756348,0.017578125,0.85,9.03691577911377
token_confidence_threshold_t0226,completed,1.6090,confident,512,0.7,0.9,128256,0.19921875,0.2016400396823883,0.8175647258758545,0.10699474811553955,0.0013657989911735058,0.5757699012756348,0.005859375,0.9,8.950085639953613
token_confidence_threshold_t0227,completed,1.6387,confident,512,0.7,0.95,128256,0.19921875,0.2016400396823883,0.49482280015945435,0.10699474811553955,0.0013657989911735058,0.5757699012756348,0.001953125,0.95,8.918888092041016
token_confidence_threshold_t0228,completed,1.6873,confident,512,0.7,0.99,128256,0.19921875,0.2016400396823883,0,0.10699474811553955,0.0013657989911735058,0.5757699012756348,0.0,0.99,8.902434349060059
token_confidence_threshold_t0229,completed,1.6431,confident,512,0.7,0.995,128256,0.19921875,0.2016400396823883,0,0.10699474811553955,0.0013657989911735058,0.5757699012756348,0.0,0.995,8.902434349060059
token_confidence_threshold_t0230,completed,1.6439,confident,512,0.7,0.999,128256,0.19921875,0.2016400396823883,0,0.10699474811553955,0.0013657989911735058,0.5757699012756348,0.0,0.999,8.902434349060059
token_confidence_threshold_t0231,completed,1.6305,confident,512,1.0,0.5,128256,0.017578125,0.017424041405320168,0,0.008162184618413448,0.00035976528306491673,0.043019481003284454,0.0,0.5,11.139320373535156
token_confidence_threshold_t0232,completed,1.6504,confident,512,1.0,0.6,128256,0.017578125,0.017424041405320168,0,0.008162184618413448,0.00035976528306491673,0.043019481003284454,0.0,0.6,11.139320373535156
token_confidence_threshold_t0233,completed,1.6126,confident,512,1.0,0.7,128256,0.017578125,0.017424041405320168,0,0.008162184618413448,0.00035976528306491673,0.043019481003284454,0.0,0.7,11.139320373535156
token_confidence_threshold_t0234,completed,1.6615,confident,512,1.0,0.8,128256,0.017578125,0.017424041405320168,0,0.008162184618413448,0.00035976528306491673,0.043019481003284454,0.0,0.8,11.139320373535156
token_confidence_threshold_t0235,completed,1.6559,confident,512,1.0,0.85,128256,0.017578125,0.017424041405320168,0,0.008162184618413448,0.00035976528306491673,0.043019481003284454,0.0,0.85,11.139320373535156
token_confidence_threshold_t0236,completed,1.6352,confident,512,1.0,0.9,128256,0.017578125,0.017424041405320168,0,0.008162184618413448,0.00035976528306491673,0.043019481003284454,0.0,0.9,11.139320373535156
token_confidence_threshold_t0237,completed,1.6221,confident,512,1.0,0.95,128256,0.017578125,0.017424041405320168,0,0.008162184618413448,0.00035976528306491673,0.043019481003284454,0.0,0.95,11.139320373535156
token_confidence_threshold_t0238,completed,1.6111,confident,512,1.0,0.99,128256,0.017578125,0.017424041405320168,0,0.008162184618413448,0.00035976528306491673,0.043019481003284454,0.0,0.99,11.139320373535156
token_confidence_threshold_t0239,completed,1.6530,confident,512,1.0,0.995,128256,0.017578125,0.017424041405320168,0,0.008162184618413448,0.00035976528306491673,0.043019481003284454,0.0,0.995,11.139320373535156
token_confidence_threshold_t0240,completed,1.6426,confident,512,1.0,0.999,128256,0.017578125,0.017424041405320168,0,0.008162184618413448,0.00035976528306491673,0.043019481003284454,0.0,0.999,11.139320373535156
token_confidence_threshold_t0241,completed,1.6441,confident,512,1.5,0.5,128256,0.0,0.0012565276119858027,0,0.0009020565776154399,0.00011206353519810364,0.0027917518746107817,0.0,0.5,11.534189224243164
token_confidence_threshold_t0242,completed,1.6583,confident,512,1.5,0.6,128256,0.0,0.0012565276119858027,0,0.0009020565776154399,0.00011206353519810364,0.0027917518746107817,0.0,0.6,11.534189224243164
token_confidence_threshold_t0243,completed,1.6619,confident,512,1.5,0.7,128256,0.0,0.0012565276119858027,0,0.0009020565776154399,0.00011206353519810364,0.0027917518746107817,0.0,0.7,11.534189224243164
token_confidence_threshold_t0244,completed,1.6372,confident,512,1.5,0.8,128256,0.0,0.0012565276119858027,0,0.0009020565776154399,0.00011206353519810364,0.0027917518746107817,0.0,0.8,11.534189224243164
token_confidence_threshold_t0245,completed,1.6364,confident,512,1.5,0.85,128256,0.0,0.0012565276119858027,0,0.0009020565776154399,0.00011206353519810364,0.0027917518746107817,0.0,0.85,11.534189224243164
token_confidence_threshold_t0246,completed,1.7116,confident,512,1.5,0.9,128256,0.0,0.0012565276119858027,0,0.0009020565776154399,0.00011206353519810364,0.0027917518746107817,0.0,0.9,11.534189224243164
token_confidence_threshold_t0247,completed,1.6972,confident,512,1.5,0.95,128256,0.0,0.0012565276119858027,0,0.0009020565776154399,0.00011206353519810364,0.0027917518746107817,0.0,0.95,11.534189224243164
token_confidence_threshold_t0248,completed,1.6948,confident,512,1.5,0.99,128256,0.0,0.0012565276119858027,0,0.0009020565776154399,0.00011206353519810364,0.0027917518746107817,0.0,0.99,11.534189224243164
token_confidence_threshold_t0249,completed,1.6378,confident,512,1.5,0.995,128256,0.0,0.0012565276119858027,0,0.0009020565776154399,0.00011206353519810364,0.0027917518746107817,0.0,0.995,11.534189224243164
token_confidence_threshold_t0250,completed,1.6288,confident,512,1.5,0.999,128256,0.0,0.0012565276119858027,0,0.0009020565776154399,0.00011206353519810364,0.0027917518746107817,0.0,0.999,11.534189224243164
token_confidence_threshold_t0251,completed,1.6423,uncertain,512,0.3,0.5,128256,0.0,0.0004135005292482674,0,0.00038117740768939257,0.00029509945306926966,0.0005578944692388177,0.0,0.5,11.261865615844727
token_confidence_threshold_t0252,completed,1.6737,uncertain,512,0.3,0.6,128256,0.0,0.0004135005292482674,0,0.00038117740768939257,0.00029509945306926966,0.0005578944692388177,0.0,0.6,11.261865615844727
token_confidence_threshold_t0253,completed,1.6555,uncertain,512,0.3,0.7,128256,0.0,0.0004135005292482674,0,0.00038117740768939257,0.00029509945306926966,0.0005578944692388177,0.0,0.7,11.261865615844727
token_confidence_threshold_t0254,completed,1.6858,uncertain,512,0.3,0.8,128256,0.0,0.0004135005292482674,0,0.00038117740768939257,0.00029509945306926966,0.0005578944692388177,0.0,0.8,11.261865615844727
token_confidence_threshold_t0255,completed,1.6303,uncertain,512,0.3,0.85,128256,0.0,0.0004135005292482674,0,0.00038117740768939257,0.00029509945306926966,0.0005578944692388177,0.0,0.85,11.261865615844727
token_confidence_threshold_t0256,completed,1.6905,uncertain,512,0.3,0.9,128256,0.0,0.0004135005292482674,0,0.00038117740768939257,0.00029509945306926966,0.0005578944692388177,0.0,0.9,11.261865615844727
token_confidence_threshold_t0257,completed,1.6239,uncertain,512,0.3,0.95,128256,0.0,0.0004135005292482674,0,0.00038117740768939257,0.00029509945306926966,0.0005578944692388177,0.0,0.95,11.261865615844727
token_confidence_threshold_t0258,completed,1.6300,uncertain,512,0.3,0.99,128256,0.0,0.0004135005292482674,0,0.00038117740768939257,0.00029509945306926966,0.0005578944692388177,0.0,0.99,11.261865615844727
token_confidence_threshold_t0259,completed,1.6198,uncertain,512,0.3,0.995,128256,0.0,0.0004135005292482674,0,0.00038117740768939257,0.00029509945306926966,0.0005578944692388177,0.0,0.995,11.261865615844727
token_confidence_threshold_t0260,completed,1.6341,uncertain,512,0.3,0.999,128256,0.0,0.0004135005292482674,0,0.00038117740768939257,0.00029509945306926966,0.0005578944692388177,0.0,0.999,11.261865615844727
token_confidence_threshold_t0261,completed,1.6407,uncertain,512,0.5,0.5,128256,0.0,9.44236307987012e-05,0,9.064566984307021e-05,7.773726974846795e-05,0.00011399139475543052,0.0,0.5,11.581804275512695
token_confidence_threshold_t0262,completed,1.6290,uncertain,512,0.5,0.6,128256,0.0,9.44236307987012e-05,0,9.064566984307021e-05,7.773726974846795e-05,0.00011399139475543052,0.0,0.6,11.581804275512695
token_confidence_threshold_t0263,completed,1.6347,uncertain,512,0.5,0.7,128256,0.0,9.44236307987012e-05,0,9.064566984307021e-05,7.773726974846795e-05,0.00011399139475543052,0.0,0.7,11.581804275512695
token_confidence_threshold_t0264,completed,1.6369,uncertain,512,0.5,0.8,128256,0.0,9.44236307987012e-05,0,9.064566984307021e-05,7.773726974846795e-05,0.00011399139475543052,0.0,0.8,11.581804275512695
token_confidence_threshold_t0265,completed,1.6582,uncertain,512,0.5,0.85,128256,0.0,9.44236307987012e-05,0,9.064566984307021e-05,7.773726974846795e-05,0.00011399139475543052,0.0,0.85,11.581804275512695
token_confidence_threshold_t0266,completed,1.6316,uncertain,512,0.5,0.9,128256,0.0,9.44236307987012e-05,0,9.064566984307021e-05,7.773726974846795e-05,0.00011399139475543052,0.0,0.9,11.581804275512695
token_confidence_threshold_t0267,completed,1.6505,uncertain,512,0.5,0.95,128256,0.0,9.44236307987012e-05,0,9.064566984307021e-05,7.773726974846795e-05,0.00011399139475543052,0.0,0.95,11.581804275512695
token_confidence_threshold_t0268,completed,1.6448,uncertain,512,0.5,0.99,128256,0.0,9.44236307987012e-05,0,9.064566984307021e-05,7.773726974846795e-05,0.00011399139475543052,0.0,0.99,11.581804275512695
token_confidence_threshold_t0269,completed,1.6701,uncertain,512,0.5,0.995,128256,0.0,9.44236307987012e-05,0,9.064566984307021e-05,7.773726974846795e-05,0.00011399139475543052,0.0,0.995,11.581804275512695
token_confidence_threshold_t0270,completed,1.6612,uncertain,512,0.5,0.999,128256,0.0,9.44236307987012e-05,0,9.064566984307021e-05,7.773726974846795e-05,0.00011399139475543052,0.0,0.999,11.581804275512695
token_confidence_threshold_t0271,completed,1.6139,uncertain,512,0.7,0.5,128256,0.0,4.7914138121996075e-05,0,4.6657944039907306e-05,4.18056697526481e-05,5.495214645634405e-05,0.0,0.5,11.669953346252441
token_confidence_threshold_t0272,completed,1.6050,uncertain,512,0.7,0.6,128256,0.0,4.7914138121996075e-05,0,4.6657944039907306e-05,4.18056697526481e-05,5.495214645634405e-05,0.0,0.6,11.669953346252441
token_confidence_threshold_t0273,completed,1.6218,uncertain,512,0.7,0.7,128256,0.0,4.7914138121996075e-05,0,4.6657944039907306e-05,4.18056697526481e-05,5.495214645634405e-05,0.0,0.7,11.669953346252441
token_confidence_threshold_t0274,completed,1.6313,uncertain,512,0.7,0.8,128256,0.0,4.7914138121996075e-05,0,4.6657944039907306e-05,4.18056697526481e-05,5.495214645634405e-05,0.0,0.8,11.669953346252441
token_confidence_threshold_t0275,completed,1.6316,uncertain,512,0.7,0.85,128256,0.0,4.7914138121996075e-05,0,4.6657944039907306e-05,4.18056697526481e-05,5.495214645634405e-05,0.0,0.85,11.669953346252441
token_confidence_threshold_t0276,completed,1.6085,uncertain,512,0.7,0.9,128256,0.0,4.7914138121996075e-05,0,4.6657944039907306e-05,4.18056697526481e-05,5.495214645634405e-05,0.0,0.9,11.669953346252441
token_confidence_threshold_t0277,completed,1.6097,uncertain,512,0.7,0.95,128256,0.0,4.7914138121996075e-05,0,4.6657944039907306e-05,4.18056697526481e-05,5.495214645634405e-05,0.0,0.95,11.669953346252441
token_confidence_threshold_t0278,completed,1.6176,uncertain,512,0.7,0.99,128256,0.0,4.7914138121996075e-05,0,4.6657944039907306e-05,4.18056697526481e-05,5.495214645634405e-05,0.0,0.99,11.669953346252441
token_confidence_threshold_t0279,completed,1.6564,uncertain,512,0.7,0.995,128256,0.0,4.7914138121996075e-05,0,4.6657944039907306e-05,4.18056697526481e-05,5.495214645634405e-05,0.0,0.995,11.669953346252441
token_confidence_threshold_t0280,completed,1.6418,uncertain,512,0.7,0.999,128256,0.0,4.7914138121996075e-05,0,4.6657944039907306e-05,4.18056697526481e-05,5.495214645634405e-05,0.0,0.999,11.669953346252441
token_confidence_threshold_t0281,completed,1.6339,uncertain,512,1.0,0.5,128256,0.0,2.829505319823511e-05,0,2.7810983738163486e-05,2.575217695266474e-05,3.118486711173318e-05,0.0,0.5,11.716785430908203
token_confidence_threshold_t0282,completed,1.6281,uncertain,512,1.0,0.6,128256,0.0,2.829505319823511e-05,0,2.7810983738163486e-05,2.575217695266474e-05,3.118486711173318e-05,0.0,0.6,11.716785430908203
token_confidence_threshold_t0283,completed,1.6151,uncertain,512,1.0,0.7,128256,0.0,2.829505319823511e-05,0,2.7810983738163486e-05,2.575217695266474e-05,3.118486711173318e-05,0.0,0.7,11.716785430908203
token_confidence_threshold_t0284,completed,1.6086,uncertain,512,1.0,0.8,128256,0.0,2.829505319823511e-05,0,2.7810983738163486e-05,2.575217695266474e-05,3.118486711173318e-05,0.0,0.8,11.716785430908203
token_confidence_threshold_t0285,completed,1.6355,uncertain,512,1.0,0.85,128256,0.0,2.829505319823511e-05,0,2.7810983738163486e-05,2.575217695266474e-05,3.118486711173318e-05,0.0,0.85,11.716785430908203
token_confidence_threshold_t0286,completed,1.6244,uncertain,512,1.0,0.9,128256,0.0,2.829505319823511e-05,0,2.7810983738163486e-05,2.575217695266474e-05,3.118486711173318e-05,0.0,0.9,11.716785430908203
token_confidence_threshold_t0287,completed,1.6165,uncertain,512,1.0,0.95,128256,0.0,2.829505319823511e-05,0,2.7810983738163486e-05,2.575217695266474e-05,3.118486711173318e-05,0.0,0.95,11.716785430908203
token_confidence_threshold_t0288,completed,1.6164,uncertain,512,1.0,0.99,128256,0.0,2.829505319823511e-05,0,2.7810983738163486e-05,2.575217695266474e-05,3.118486711173318e-05,0.0,0.99,11.716785430908203
token_confidence_threshold_t0289,completed,1.6070,uncertain,512,1.0,0.995,128256,0.0,2.829505319823511e-05,0,2.7810983738163486e-05,2.575217695266474e-05,3.118486711173318e-05,0.0,0.995,11.716785430908203
token_confidence_threshold_t0290,completed,1.6372,uncertain,512,1.0,0.999,128256,0.0,2.829505319823511e-05,0,2.7810983738163486e-05,2.575217695266474e-05,3.118486711173318e-05,0.0,0.999,11.716785430908203
token_confidence_threshold_t0291,completed,1.6484,uncertain,512,1.5,0.5,128256,0.0,1.8585209545562975e-05,0,1.8385262592346407e-05,1.7465881683165208e-05,1.9843349946313538e-05,0.0,0.5,11.741783142089844
token_confidence_threshold_t0292,completed,1.6297,uncertain,512,1.5,0.6,128256,0.0,1.8585209545562975e-05,0,1.8385262592346407e-05,1.7465881683165208e-05,1.9843349946313538e-05,0.0,0.6,11.741783142089844
token_confidence_threshold_t0293,completed,1.6310,uncertain,512,1.5,0.7,128256,0.0,1.8585209545562975e-05,0,1.8385262592346407e-05,1.7465881683165208e-05,1.9843349946313538e-05,0.0,0.7,11.741783142089844
token_confidence_threshold_t0294,completed,1.6198,uncertain,512,1.5,0.8,128256,0.0,1.8585209545562975e-05,0,1.8385262592346407e-05,1.7465881683165208e-05,1.9843349946313538e-05,0.0,0.8,11.741783142089844
token_confidence_threshold_t0295,completed,1.6080,uncertain,512,1.5,0.85,128256,0.0,1.8585209545562975e-05,0,1.8385262592346407e-05,1.7465881683165208e-05,1.9843349946313538e-05,0.0,0.85,11.741783142089844
token_confidence_threshold_t0296,completed,1.6277,uncertain,512,1.5,0.9,128256,0.0,1.8585209545562975e-05,0,1.8385262592346407e-05,1.7465881683165208e-05,1.9843349946313538e-05,0.0,0.9,11.741783142089844
token_confidence_threshold_t0297,completed,1.6237,uncertain,512,1.5,0.95,128256,0.0,1.8585209545562975e-05,0,1.8385262592346407e-05,1.7465881683165208e-05,1.9843349946313538e-05,0.0,0.95,11.741783142089844
token_confidence_threshold_t0298,completed,1.6194,uncertain,512,1.5,0.99,128256,0.0,1.8585209545562975e-05,0,1.8385262592346407e-05,1.7465881683165208e-05,1.9843349946313538e-05,0.0,0.99,11.741783142089844
token_confidence_threshold_t0299,completed,1.6284,uncertain,512,1.5,0.995,128256,0.0,1.8585209545562975e-05,0,1.8385262592346407e-05,1.7465881683165208e-05,1.9843349946313538e-05,0.0,0.995,11.741783142089844
token_confidence_threshold_t0300,completed,1.6129,uncertain,512,1.5,0.999,128256,0.0,1.8585209545562975e-05,0,1.8385262592346407e-05,1.7465881683165208e-05,1.9843349946313538e-05,0.0,0.999,11.741783142089844
